File Name,Result,Input Path,Indexless Input Path,Unmappable CDM Path Count,Unmappable CDM Paths,Reason For Failure
cdm-sample-files/cftc-event-scenarios/Example-01-Submission-1.xml,Fail_MappedNone,trade.tradeHeader.partyTradeInformation(0).reportingRegime(2).supervisorRegistration.supervisoryBody,trade.tradeHeader.partyTradeInformation.reportingRegime.supervisorRegistration.supervisoryBody,0,,Element with value ESMA could not be mapped to a rosettaField
cdm-sample-files/cftc-event-scenarios/Example-01-Submission-1.xml,Fail_MappedNone,trade.tradeHeader.partyTradeInformation(1).reportingRegime(1).entityClassification[entityClassificationScheme=http://www.fpml.org/coding-scheme/esma-entity-classification],trade.tradeHeader.partyTradeInformation.reportingRegime.entityClassification[entityClassificationScheme=http://www.fpml.org/coding-scheme/esma-entity-classification],0,,Element with value Financial could not be mapped to a rosettaField
cdm-sample-files/cftc-event-scenarios/Example-01-Submission-1.xml,Fail_MappedNone,correlationId[correlationIdScheme=http://fpml.org/submitter_trade_id].correlationIdScheme,correlationId[correlationIdScheme=http://fpml.org/submitter_trade_id].correlationIdScheme,0,,Element with value http://fpml.org/submitter_trade_id could not be mapped to a rosettaField
cdm-sample-files/cftc-event-scenarios/Example-01-Submission-1.xml,Fail_MappedNone,trade.tradeHeader.partyTradeInformation(1).reportingRegime(0).reportingPurpose,trade.tradeHeader.partyTradeInformation.reportingRegime.reportingPurpose,0,,Element with value PrimaryEconomicTerms could not be mapped to a rosettaField
cdm-sample-files/cftc-event-scenarios/Example-01-Submission-1.xml,Fail_MappedNone,party(1)[id=party2].classification(0)[industryClassificationScheme=http://www.fpml.org/coding-scheme/esma-emir-refit-regulatory-corporate-sector].industryClassificationScheme,party[id=party2].classification[industryClassificationScheme=http://www.fpml.org/coding-scheme/esma-emir-refit-regulatory-corporate-sector].industryClassificationScheme,0,,Element with value http://www.fpml.org/coding-scheme/esma-emir-refit-regulatory-corporate-sector could not be mapped to a rosettaField
cdm-sample-files/cftc-event-scenarios/Example-01-Submission-1.xml,Fail_MappedNone,trade.tradeHeader.partyTradeInformation(0).reportingRegime(5).mandatorilyClearable,trade.tradeHeader.partyTradeInformation.reportingRegime.mandatorilyClearable,0,,Element with value false could not be mapped to a rosettaField
cdm-sample-files/cftc-event-scenarios/Example-01-Submission-1.xml,Fail_MappedNone,trade.tradeHeader.partyTradeInformation(0).offMarketPrice,trade.tradeHeader.partyTradeInformation.offMarketPrice,0,,Element with value false could not be mapped to a rosettaField
cdm-sample-files/cftc-event-scenarios/Example-01-Submission-1.xml,Fail_MappedNone,trade.tradeHeader.partyTradeInformation(1).reportingRegime(1).entityClassification[entityClassificationScheme=http://www.fpml.org/coding-scheme/esma-entity-classification].entityClassificationScheme,trade.tradeHeader.partyTradeInformation.reportingRegime.entityClassification[entityClassificationScheme=http://www.fpml.org/coding-scheme/esma-entity-classification].entityClassificationScheme,0,,Element with value http://www.fpml.org/coding-scheme/esma-entity-classification could not be mapped to a rosettaField
cdm-sample-files/cftc-event-scenarios/Example-01-Submission-1.xml,Fail_MappedNone,trade.tradeHeader.partyTradeInformation(0).relatedBusinessUnit.role,trade.tradeHeader.partyTradeInformation.relatedBusinessUnit.role,0,,Element with value TradingDesk could not be mapped to a rosettaField
cdm-sample-files/cftc-event-scenarios/Example-01-Submission-1.xml,Fail_MappedNone,trade.tradeHeader.partyTradeInformation(0).reportingRegime(6).name,trade.tradeHeader.partyTradeInformation.reportingRegime.name,0,,Element with value HKTR could not be mapped to a rosettaField
cdm-sample-files/cftc-event-scenarios/Example-01-Submission-1.xml,Fail_MappedNone,trade.tradeHeader.partyTradeInformation(0).reportingRegime(3).reportingRole,trade.tradeHeader.partyTradeInformation.reportingRegime.reportingRole,0,,Element with value ReportingParty could not be mapped to a rosettaField
cdm-sample-files/cftc-event-scenarios/Example-01-Submission-1.xml,Fail_MappedNone,trade.tradeHeader.partyTradeInformation(0).reportingRegime(5).entityClassification[entityClassificationScheme=http://www.fpml.org/coding-scheme/cftc-entity-classification].entityClassificationScheme,trade.tradeHeader.partyTradeInformation.reportingRegime.entityClassification[entityClassificationScheme=http://www.fpml.org/coding-scheme/cftc-entity-classification].entityClassificationScheme,0,,Element with value http://www.fpml.org/coding-scheme/cftc-entity-classification could not be mapped to a rosettaField
cdm-sample-files/cftc-event-scenarios/Example-01-Submission-1.xml,Fail_MappedNone,trade.tradeHeader.partyTradeInformation(1).reportingRegime(1).exceedsClearingThreshold,trade.tradeHeader.partyTradeInformation.reportingRegime.exceedsClearingThreshold,0,,Element with value true could not be mapped to a rosettaField
cdm-sample-files/cftc-event-scenarios/Example-01-Submission-1.xml,Fail_MappedNone,trade.tradeHeader.partyTradeInformation(1).reportingRegime(0).entityClassification[entityClassificationScheme=http://www.fpml.org/coding-scheme/esma-entity-classification].entityClassificationScheme,trade.tradeHeader.partyTradeInformation.reportingRegime.entityClassification[entityClassificationScheme=http://www.fpml.org/coding-scheme/esma-entity-classification].entityClassificationScheme,0,,Element with value http://www.fpml.org/coding-scheme/esma-entity-classification could not be mapped to a rosettaField
cdm-sample-files/cftc-event-scenarios/Example-01-Submission-1.xml,Fail_MappedNone,trade.tradeHeader.partyTradeInformation(1).reportingRegime(3).supervisorRegistration.supervisoryBody,trade.tradeHeader.partyTradeInformation.reportingRegime.supervisorRegistration.supervisoryBody,0,,Element with value CA.AB.ASC could not be mapped to a rosettaField
cdm-sample-files/cftc-event-scenarios/Example-01-Submission-1.xml,Fail_MappedNone,party(1)[id=party2].classification(1)[industryClassificationScheme=http://www.fpml.org/coding-scheme/hkma-rewrite-regulatory-corporate-sector].industryClassificationScheme,party[id=party2].classification[industryClassificationScheme=http://www.fpml.org/coding-scheme/hkma-rewrite-regulatory-corporate-sector].industryClassificationScheme,0,,Element with value http://www.fpml.org/coding-scheme/hkma-rewrite-regulatory-corporate-sector could not be mapped to a rosettaField
cdm-sample-files/cftc-event-scenarios/Example-01-Submission-1.xml,Fail_MappedNone,trade.tradeHeader.partyTradeInformation(1).reportingRegime(4).reportingRole,trade.tradeHeader.partyTradeInformation.reportingRegime.reportingRole,0,,Element with value ReportingParty could not be mapped to a rosettaField
cdm-sample-files/cftc-event-scenarios/Example-01-Submission-1.xml,Fail_MappedNone,trade.tradeHeader.partyTradeInformation(0).reportingRegime(1).supervisorRegistration.supervisoryBody,trade.tradeHeader.partyTradeInformation.reportingRegime.supervisorRegistration.supervisoryBody,0,,Element with value SEC could not be mapped to a rosettaField
cdm-sample-files/cftc-event-scenarios/Example-01-Submission-1.xml,Fail_MappedNone,party(0)[id=party1].organizationType,party[id=party1].organizationType,0,,Element with value SD could not be mapped to a rosettaField
cdm-sample-files/cftc-event-scenarios/Example-01-Submission-1.xml,Fail_MappedNone,trade.tradeHeader.partyTradeInformation(1).reportingRegime(0).name,trade.tradeHeader.partyTradeInformation.reportingRegime.name,0,,Element with value EMIR could not be mapped to a rosettaField
cdm-sample-files/cftc-event-scenarios/Example-01-Submission-1.xml,Fail_MappedMultiple,party(2)[id=broker1].partyId[partyIdScheme=http://www.fpml.org/coding-scheme/external/iso17442].partyIdScheme,party[id=broker1].partyId[partyIdScheme=http://www.fpml.org/coding-scheme/external/iso17442].partyIdScheme,2,ReportableEvent.originatingWorkflowStep.proposedEvent.instruction(0).before.value.trade.party(2).partyId(0).identifierType=[LEI] ReportableEvent.originatingWorkflowStep.proposedEvent.instruction(0).before.value.trade.party(2).partyId(0).identifier.meta.scheme=[http://www.fpml.org/coding-scheme/external/iso17442],Element mapped to multiple rosettaFields
cdm-sample-files/cftc-event-scenarios/Example-01-Submission-1.xml,Fail_MappedNone,trade.tradeHeader.partyTradeInformation(0).reportingRegime(2).reportingRole,trade.tradeHeader.partyTradeInformation.reportingRegime.reportingRole,0,,Element with value ReportingParty could not be mapped to a rosettaField
cdm-sample-files/cftc-event-scenarios/Example-01-Submission-1.xml,Fail_MappedMultiple,party(3)[id=clearing-svc].partyId[partyIdScheme=http://www.fpml.org/coding-scheme/external/iso17442].partyIdScheme,party[id=clearing-svc].partyId[partyIdScheme=http://www.fpml.org/coding-scheme/external/iso17442].partyIdScheme,2,ReportableEvent.originatingWorkflowStep.proposedEvent.instruction(0).before.value.trade.party(3).partyId(0).identifierType=[LEI] ReportableEvent.originatingWorkflowStep.proposedEvent.instruction(0).before.value.trade.party(3).partyId(0).identifier.meta.scheme=[http://www.fpml.org/coding-scheme/external/iso17442],Element mapped to multiple rosettaFields
cdm-sample-files/cftc-event-scenarios/Example-01-Submission-1.xml,Fail_MappedNone,trade.tradeHeader.partyTradeInformation(0).reportingRegime(3).mandatorilyClearable,trade.tradeHeader.partyTradeInformation.reportingRegime.mandatorilyClearable,0,,Element with value false could not be mapped to a rosettaField
cdm-sample-files/cftc-event-scenarios/Example-01-Submission-1.xml,Fail_MappedNone,party(1)[id=party2].organizationType,party[id=party2].organizationType,0,,Element with value SD could not be mapped to a rosettaField
cdm-sample-files/cftc-event-scenarios/Example-01-Submission-1.xml,Fail_MappedNone,trade.tradeHeader.partyTradeInformation(0).reportingRegime(2).exceedsClearingThreshold,trade.tradeHeader.partyTradeInformation.reportingRegime.exceedsClearingThreshold,0,,Element with value true could not be mapped to a rosettaField
cdm-sample-files/cftc-event-scenarios/Example-01-Submission-1.xml,Fail_MappedNone,trade.tradeHeader.partyTradeInformation(1).reportingRegime(1).name,trade.tradeHeader.partyTradeInformation.reportingRegime.name,0,,Element with value UKEMIR could not be mapped to a rosettaField
cdm-sample-files/cftc-event-scenarios/Example-01-Submission-1.xml,Fail_MappedNone,trade.tradeHeader.partyTradeInformation(0).reportingRegime(6).entityClassification,trade.tradeHeader.partyTradeInformation.reportingRegime.entityClassification,0,,Element with value Financial could not be mapped to a rosettaField
cdm-sample-files/cftc-event-scenarios/Example-01-Submission-1.xml,Fail_MappedNone,onBehalfOf.partyReference[href=party1].href,onBehalfOf.partyReference[href=party1].href,0,,Element with value party1 could not be mapped to a rosettaField
cdm-sample-files/cftc-event-scenarios/Example-01-Submission-1.xml,Fail_MappedNone,trade.tradeHeader.partyTradeInformation(0).reportingRegime(5).reportingRole,trade.tradeHeader.partyTradeInformation.reportingRegime.reportingRole,0,,Element with value ReportingParty could not be mapped to a rosettaField
cdm-sample-files/cftc-event-scenarios/Example-01-Submission-1.xml,Fail_MappedNone,party(0)[id=party1].classification(0)[industryClassificationScheme=http://www.fpml.org/coding-scheme/esma-emir-refit-regulatory-corporate-sector].industryClassificationScheme,party[id=party1].classification[industryClassificationScheme=http://www.fpml.org/coding-scheme/esma-emir-refit-regulatory-corporate-sector].industryClassificationScheme,0,,Element with value http://www.fpml.org/coding-scheme/esma-emir-refit-regulatory-corporate-sector could not be mapped to a rosettaField
cdm-sample-files/cftc-event-scenarios/Example-01-Submission-1.xml,Fail_MappedNone,trade.tradeHeader.partyTradeInformation(1).reportingRegime(0).entityClassification[entityClassificationScheme=http://www.fpml.org/coding-scheme/esma-entity-classification],trade.tradeHeader.partyTradeInformation.reportingRegime.entityClassification[entityClassificationScheme=http://www.fpml.org/coding-scheme/esma-entity-classification],0,,Element with value Financial could not be mapped to a rosettaField
cdm-sample-files/cftc-event-scenarios/Example-01-Submission-1.xml,Fail_MappedNone,trade.tradeHeader.partyTradeInformation(0).reportingRegime(2).mandatorilyClearable,trade.tradeHeader.partyTradeInformation.reportingRegime.mandatorilyClearable,0,,Element with value false could not be mapped to a rosettaField
cdm-sample-files/cftc-event-scenarios/Example-01-Submission-1.xml,Fail_MappedNone,trade.tradeHeader.partyTradeInformation(0).reportingRegime(3).supervisorRegistration.supervisoryBody,trade.tradeHeader.partyTradeInformation.reportingRegime.supervisorRegistration.supervisoryBody,0,,Element with value FCA could not be mapped to a rosettaField
cdm-sample-files/cftc-event-scenarios/Example-01-Submission-1.xml,Fail_MappedNone,trade.tradeHeader.partyTradeInformation(0).executionType,trade.tradeHeader.partyTradeInformation.executionType,0,,Element with value Electronic could not be mapped to a rosettaField
cdm-sample-files/cftc-event-scenarios/Example-01-Submission-1.xml,Fail_MappedNone,trade.tradeHeader.partyTradeInformation(1).reportingRegime(2).name,trade.tradeHeader.partyTradeInformation.reportingRegime.name,0,,Element with value JFSA could not be mapped to a rosettaField
cdm-sample-files/cftc-event-scenarios/Example-01-Submission-1.xml,Fail_MappedNone,correlationId[correlationIdScheme=http://fpml.org/submitter_trade_id],correlationId[correlationIdScheme=http://fpml.org/submitter_trade_id],0,,Element with value TW9235 could not be mapped to a rosettaField
cdm-sample-files/cftc-event-scenarios/Example-01-Submission-1.xml,Fail_MappedNone,trade.tradeHeader.partyTradeInformation(1).reportingRegime(4).supervisorRegistration.supervisoryBody,trade.tradeHeader.partyTradeInformation.reportingRegime.supervisorRegistration.supervisoryBody,0,,Element with value HKMA could not be mapped to a rosettaField
cdm-sample-files/cftc-event-scenarios/Example-01-Submission-1.xml,Fail_MappedNone,trade.tradeHeader.partyTradeInformation(0).reportingRegime(4).reportingRole,trade.tradeHeader.partyTradeInformation.reportingRegime.reportingRole,0,,Element with value ReportingParty could not be mapped to a rosettaField
cdm-sample-files/cftc-event-scenarios/Example-01-Submission-1.xml,Fail_MappedNone,trade.tradeHeader.partyTradeInformation(0).relatedBusinessUnit.businessUnitReference[href=desk1].href,trade.tradeHeader.partyTradeInformation.relatedBusinessUnit.businessUnitReference[href=desk1].href,0,,Element with value desk1 could not be mapped to a rosettaField
cdm-sample-files/cftc-event-scenarios/Example-01-Submission-1.xml,Fail_MappedNone,party(0)[id=party1].classification(1)[industryClassificationScheme=http://www.fpml.org/coding-scheme/hkma-rewrite-regulatory-corporate-sector].industryClassificationScheme,party[id=party1].classification[industryClassificationScheme=http://www.fpml.org/coding-scheme/hkma-rewrite-regulatory-corporate-sector].industryClassificationScheme,0,,Element with value http://www.fpml.org/coding-scheme/hkma-rewrite-regulatory-corporate-sector could not be mapped to a rosettaField
cdm-sample-files/cftc-event-scenarios/Example-01-Submission-1.xml,Fail_MappedNone,trade.tradeHeader.partyTradeInformation(1).reportingRegime(4).mandatorilyClearable,trade.tradeHeader.partyTradeInformation.reportingRegime.mandatorilyClearable,0,,Element with value false could not be mapped to a rosettaField
cdm-sample-files/cftc-event-scenarios/Example-01-Submission-1.xml,Fail_MappedNone,trade.tradeHeader.partyTradeInformation(0).reportingRegime(3).reportingPurpose,trade.tradeHeader.partyTradeInformation.reportingRegime.reportingPurpose,0,,Element with value PrimaryEconomicTerms could not be mapped to a rosettaField
cdm-sample-files/cftc-event-scenarios/Example-01-Submission-1.xml,Fail_MappedNone,trade.tradeHeader.partyTradeInformation(0).reportingRegime(1).mandatorilyClearable,trade.tradeHeader.partyTradeInformation.reportingRegime.mandatorilyClearable,0,,Element with value false could not be mapped to a rosettaField
cdm-sample-files/cftc-event-scenarios/Example-01-Submission-1.xml,Fail_MappedNone,trade.tradeHeader.partyTradeInformation(0).reportingRegime(2).entityClassification[entityClassificationScheme=http://www.fpml.org/coding-scheme/esma-entity-classification].entityClassificationScheme,trade.tradeHeader.partyTradeInformation.reportingRegime.entityClassification[entityClassificationScheme=http://www.fpml.org/coding-scheme/esma-entity-classification].entityClassificationScheme,0,,Element with value http://www.fpml.org/coding-scheme/esma-entity-classification could not be mapped to a rosettaField
cdm-sample-files/cftc-event-scenarios/Example-01-Submission-1.xml,Fail_MappedNone,trade.tradeHeader.partyTradeInformation(1).reportingRegime(1).reportingRole,trade.tradeHeader.partyTradeInformation.reportingRegime.reportingRole,0,,Element with value ReportingParty could not be mapped to a rosettaField
cdm-sample-files/cftc-event-scenarios/Example-01-Submission-1.xml,Fail_MappedNone,trade.tradeHeader.partyTradeInformation(0).reportingRegime(5).supervisorRegistration.supervisoryBody,trade.tradeHeader.partyTradeInformation.reportingRegime.supervisorRegistration.supervisoryBody,0,,Element with value CA.AB.ASC could not be mapped to a rosettaField
cdm-sample-files/cftc-event-scenarios/Example-01-Submission-1.xml,Fail_MappedNone,trade.tradeHeader.partyTradeInformation(1).reportingRegime(3).name,trade.tradeHeader.partyTradeInformation.reportingRegime.name,0,,Element with value CSA could not be mapped to a rosettaField
cdm-sample-files/cftc-event-scenarios/Example-01-Submission-1.xml,Fail_MappedNone,trade.tradeHeader.partyTradeInformation(1).reportingRegime(3).mandatorilyClearable,trade.tradeHeader.partyTradeInformation.reportingRegime.mandatorilyClearable,0,,Element with value false could not be mapped to a rosettaField
cdm-sample-files/cftc-event-scenarios/Example-01-Submission-1.xml,Fail_MappedNone,trade.tradeHeader.partyTradeInformation(0).reportingRegime(4).supervisorRegistration.supervisoryBody,trade.tradeHeader.partyTradeInformation.reportingRegime.supervisorRegistration.supervisoryBody,0,,Element with value JFSA could not be mapped to a rosettaField
cdm-sample-files/cftc-event-scenarios/Example-01-Submission-1.xml,Fail_MappedNone,trade.tradeHeader.partyTradeInformation(1).reportingRegime(0).supervisorRegistration.supervisoryBody,trade.tradeHeader.partyTradeInformation.reportingRegime.supervisorRegistration.supervisoryBody,0,,Element with value ESMA could not be mapped to a rosettaField
cdm-sample-files/cftc-event-scenarios/Example-01-Submission-1.xml,Fail_MappedNone,trade.tradeHeader.partyTradeInformation(0).reportingRegime(2).name,trade.tradeHeader.partyTradeInformation.reportingRegime.name,0,,Element with value EMIR could not be mapped to a rosettaField
cdm-sample-files/cftc-event-scenarios/Example-01-Submission-1.xml,Fail_MappedNone,trade.tradeHeader.partyTradeInformation(0).reportingRegime(2).reportingPurpose,trade.tradeHeader.partyTradeInformation.reportingRegime.reportingPurpose,0,,Element with value PrimaryEconomicTerms could not be mapped to a rosettaField
cdm-sample-files/cftc-event-scenarios/Example-01-Submission-1.xml,Fail_MappedNone,trade.tradeHeader.partyTradeInformation(0).executionVenueType,trade.tradeHeader.partyTradeInformation.executionVenueType,0,,Element with value SEF could not be mapped to a rosettaField
cdm-sample-files/cftc-event-scenarios/Example-01-Submission-1.xml,Fail_MappedNone,trade.tradeHeader.partyTradeInformation(1).reportingRegime(0).reportingRole,trade.tradeHeader.partyTradeInformation.reportingRegime.reportingRole,0,,Element with value ReportingParty could not be mapped to a rosettaField
cdm-sample-files/cftc-event-scenarios/Example-01-Submission-1.xml,Fail_MappedNone,trade.tradeHeader.partyTradeInformation(0).reportingRegime(0).mandatorilyClearable,trade.tradeHeader.partyTradeInformation.reportingRegime.mandatorilyClearable,0,,Element with value false could not be mapped to a rosettaField
cdm-sample-files/cftc-event-scenarios/Example-01-Submission-1.xml,Fail_MappedNone,party(0)[id=party1].classification(1)[industryClassificationScheme=http://www.fpml.org/coding-scheme/hkma-rewrite-regulatory-corporate-sector],party[id=party1].classification[industryClassificationScheme=http://www.fpml.org/coding-scheme/hkma-rewrite-regulatory-corporate-sector],0,,Element with value UCIT could not be mapped to a rosettaField
cdm-sample-files/cftc-event-scenarios/Example-01-Submission-1.xml,Fail_MappedNone,trade.tradeHeader.partyTradeInformation(0).collateralizationType,trade.tradeHeader.partyTradeInformation.collateralizationType,0,,Element with value Fully could not be mapped to a rosettaField
cdm-sample-files/cftc-event-scenarios/Example-01-Submission-1.xml,Fail_MappedNone,trade.tradeHeader.partyTradeInformation(0).reportingRegime(3).exceedsClearingThreshold,trade.tradeHeader.partyTradeInformation.reportingRegime.exceedsClearingThreshold,0,,Element with value true could not be mapped to a rosettaField
cdm-sample-files/cftc-event-scenarios/Example-01-Submission-1.xml,Fail_MappedNone,trade.tradeHeader.partyTradeInformation(1).reportingRegime(3).entityClassification[entityClassificationScheme=http://www.fpml.org/coding-scheme/cftc-entity-classification].entityClassificationScheme,trade.tradeHeader.partyTradeInformation.reportingRegime.entityClassification[entityClassificationScheme=http://www.fpml.org/coding-scheme/cftc-entity-classification].entityClassificationScheme,0,,Element with value http://www.fpml.org/coding-scheme/cftc-entity-classification could not be mapped to a rosettaField
cdm-sample-files/cftc-event-scenarios/Example-01-Submission-1.xml,Fail_MappedNone,trade.tradeHeader.partyTradeInformation(0).reportingRegime(5).entityClassification[entityClassificationScheme=http://www.fpml.org/coding-scheme/cftc-entity-classification],trade.tradeHeader.partyTradeInformation.reportingRegime.entityClassification[entityClassificationScheme=http://www.fpml.org/coding-scheme/cftc-entity-classification],0,,Element with value SBSD could not be mapped to a rosettaField
cdm-sample-files/cftc-event-scenarios/Example-01-Submission-1.xml,Fail_MappedNone,trade.tradeHeader.partyTradeInformation(1).reportingRegime(4).name,trade.tradeHeader.partyTradeInformation.reportingRegime.name,0,,Element with value HKTR could not be mapped to a rosettaField
cdm-sample-files/cftc-event-scenarios/Example-01-Submission-1.xml,Fail_MappedNone,trade.tradeHeader.partyTradeInformation(0).reportingRegime(6).reportingRole,trade.tradeHeader.partyTradeInformation.reportingRegime.reportingRole,0,,Element with value ReportingParty could not be mapped to a rosettaField
cdm-sample-files/cftc-event-scenarios/Example-01-Submission-1.xml,Fail_MappedNone,trade.tradeHeader.partyTradeInformation(0).reportingRegime(6).supervisorRegistration.supervisoryBody,trade.tradeHeader.partyTradeInformation.reportingRegime.supervisorRegistration.supervisoryBody,0,,Element with value HKMA could not be mapped to a rosettaField
cdm-sample-files/cftc-event-scenarios/Example-01-Submission-1.xml,Fail_MappedNone,trade.tradeHeader.partyTradeInformation(1).reportingRegime(3).entityClassification[entityClassificationScheme=http://www.fpml.org/coding-scheme/cftc-entity-classification],trade.tradeHeader.partyTradeInformation.reportingRegime.entityClassification[entityClassificationScheme=http://www.fpml.org/coding-scheme/cftc-entity-classification],0,,Element with value SBSD could not be mapped to a rosettaField
cdm-sample-files/cftc-event-scenarios/Example-01-Submission-1.xml,Fail_MappedNone,trade.tradeHeader.partyTradeInformation(1).reportingRegime(0).exceedsClearingThreshold,trade.tradeHeader.partyTradeInformation.reportingRegime.exceedsClearingThreshold,0,,Element with value true could not be mapped to a rosettaField
cdm-sample-files/cftc-event-scenarios/Example-01-Submission-1.xml,Fail_MappedNone,trade.tradeHeader.partyTradeInformation(1).reportingRegime(2).supervisorRegistration.supervisoryBody,trade.tradeHeader.partyTradeInformation.reportingRegime.supervisorRegistration.supervisoryBody,0,,Element with value JFSA could not be mapped to a rosettaField
cdm-sample-files/cftc-event-scenarios/Example-01-Submission-1.xml,Fail_MappedNone,trade.tradeHeader.partyTradeInformation(0).reportingRegime(1).reportingPurpose,trade.tradeHeader.partyTradeInformation.reportingRegime.reportingPurpose,0,,Element with value PrimaryEconomicTerms could not be mapped to a rosettaField
cdm-sample-files/cftc-event-scenarios/Example-01-Submission-1.xml,Fail_MappedNone,trade.tradeHeader.partyTradeInformation(0).reportingRegime(3).name,trade.tradeHeader.partyTradeInformation.reportingRegime.name,0,,Element with value UKEMIR could not be mapped to a rosettaField
cdm-sample-files/cftc-event-scenarios/Example-01-Submission-1.xml,Fail_MappedNone,party(1)[id=party2].classification(1)[industryClassificationScheme=http://www.fpml.org/coding-scheme/hkma-rewrite-regulatory-corporate-sector],party[id=party2].classification[industryClassificationScheme=http://www.fpml.org/coding-scheme/hkma-rewrite-regulatory-corporate-sector],0,,Element with value AIFD could not be mapped to a rosettaField
cdm-sample-files/cftc-event-scenarios/Example-01-Submission-1.xml,Fail_MappedNone,trade.tradeHeader.partyTradeInformation(1).reportingRegime(3).reportingRole,trade.tradeHeader.partyTradeInformation.reportingRegime.reportingRole,0,,Element with value ReportingParty could not be mapped to a rosettaField
cdm-sample-files/cftc-event-scenarios/Example-01-Submission-1.xml,Fail_MappedNone,trade.tradeHeader.partyTradeInformation(0).reportingRegime(2).entityClassification[entityClassificationScheme=http://www.fpml.org/coding-scheme/esma-entity-classification],trade.tradeHeader.partyTradeInformation.reportingRegime.entityClassification[entityClassificationScheme=http://www.fpml.org/coding-scheme/esma-entity-classification],0,,Element with value Financial could not be mapped to a rosettaField
cdm-sample-files/cftc-event-scenarios/Example-01-Submission-1.xml,Fail_MappedNone,trade.tradeHeader.partyTradeInformation(1).reportingRegime(1).mandatorilyClearable,trade.tradeHeader.partyTradeInformation.reportingRegime.mandatorilyClearable,0,,Element with value false could not be mapped to a rosettaField
cdm-sample-files/cftc-event-scenarios/Example-01-Submission-1.xml,Fail_MappedNone,party(0)[id=party1].classification(0)[industryClassificationScheme=http://www.fpml.org/coding-scheme/esma-emir-refit-regulatory-corporate-sector],party[id=party1].classification[industryClassificationScheme=http://www.fpml.org/coding-scheme/esma-emir-refit-regulatory-corporate-sector],0,,Element with value UCIT could not be mapped to a rosettaField
cdm-sample-files/cftc-event-scenarios/Example-01-Submission-1.xml,Fail_MappedMultiple,party(0)[id=party1].partyId[partyIdScheme=http://www.fpml.org/coding-scheme/external/iso17442].partyIdScheme,party[id=party1].partyId[partyIdScheme=http://www.fpml.org/coding-scheme/external/iso17442].partyIdScheme,2,ReportableEvent.originatingWorkflowStep.proposedEvent.instruction(0).before.value.trade.party(0).partyId(0).identifierType=[LEI] ReportableEvent.originatingWorkflowStep.proposedEvent.instruction(0).before.value.trade.party(0).partyId(0).identifier.meta.scheme=[http://www.fpml.org/coding-scheme/external/iso17442],Element mapped to multiple rosettaFields
cdm-sample-files/cftc-event-scenarios/Example-01-Submission-1.xml,Fail_MappedNone,trade.tradeHeader.partyTradeInformation(0).reportingRegime(1).reportingRole,trade.tradeHeader.partyTradeInformation.reportingRegime.reportingRole,0,,Element with value ReportingParty could not be mapped to a rosettaField
cdm-sample-files/cftc-event-scenarios/Example-01-Submission-1.xml,Fail_MappedNone,trade.tradeHeader.partyTradeInformation(0).reportingRegime(0).reportingPurpose,trade.tradeHeader.partyTradeInformation.reportingRegime.reportingPurpose,0,,Element with value PrimaryEconomicTerms could not be mapped to a rosettaField
cdm-sample-files/cftc-event-scenarios/Example-01-Submission-1.xml,Fail_MappedNone,trade.tradeHeader.partyTradeInformation(0).reportingRegime(4).name,trade.tradeHeader.partyTradeInformation.reportingRegime.name,0,,Element with value JFSA could not be mapped to a rosettaField
cdm-sample-files/cftc-event-scenarios/Example-01-Submission-1.xml,Fail_MappedNone,trade.tradeHeader.partyTradeInformation(1).reportingRegime(4).entityClassification,trade.tradeHeader.partyTradeInformation.reportingRegime.entityClassification,0,,Element with value Financial could not be mapped to a rosettaField
cdm-sample-files/cftc-event-scenarios/Example-01-Submission-1.xml,Fail_MappedNone,trade.tradeHeader.partyTradeInformation(0).largeSizeTrade,trade.tradeHeader.partyTradeInformation.largeSizeTrade,0,,Element with value false could not be mapped to a rosettaField
cdm-sample-files/cftc-event-scenarios/Example-01-Submission-1.xml,Fail_MappedMultiple,party(1)[id=party2].partyId[partyIdScheme=http://www.fpml.org/coding-scheme/external/iso17442].partyIdScheme,party[id=party2].partyId[partyIdScheme=http://www.fpml.org/coding-scheme/external/iso17442].partyIdScheme,2,ReportableEvent.originatingWorkflowStep.proposedEvent.instruction(0).before.value.trade.party(1).partyId(0).identifier.meta.scheme=[http://www.fpml.org/coding-scheme/external/iso17442] ReportableEvent.originatingWorkflowStep.proposedEvent.instruction(0).before.value.trade.party(1).partyId(0).identifierType=[LEI],Element mapped to multiple rosettaFields
cdm-sample-files/cftc-event-scenarios/Example-01-Submission-1.xml,Fail_MappedNone,trade.tradeHeader.partyTradeInformation(1).reportingRegime(2).reportingRole,trade.tradeHeader.partyTradeInformation.reportingRegime.reportingRole,0,,Element with value ReportingParty could not be mapped to a rosettaField
cdm-sample-files/cftc-event-scenarios/Example-01-Submission-1.xml,Fail_MappedNone,trade.tradeHeader.partyTradeInformation(0).reportingRegime(6).mandatorilyClearable,trade.tradeHeader.partyTradeInformation.reportingRegime.mandatorilyClearable,0,,Element with value false could not be mapped to a rosettaField
cdm-sample-files/cftc-event-scenarios/Example-01-Submission-1.xml,Fail_MappedNone,trade.tradeHeader.partyTradeInformation(0).reportingRegime(3).entityClassification[entityClassificationScheme=http://www.fpml.org/coding-scheme/esma-entity-classification].entityClassificationScheme,trade.tradeHeader.partyTradeInformation.reportingRegime.entityClassification[entityClassificationScheme=http://www.fpml.org/coding-scheme/esma-entity-classification].entityClassificationScheme,0,,Element with value http://www.fpml.org/coding-scheme/esma-entity-classification could not be mapped to a rosettaField
cdm-sample-files/cftc-event-scenarios/Example-01-Submission-1.xml,Fail_MappedNone,trade.tradeHeader.partyTradeInformation(1).reportingRegime(1).supervisorRegistration.supervisoryBody,trade.tradeHeader.partyTradeInformation.reportingRegime.supervisorRegistration.supervisoryBody,0,,Element with value FCA could not be mapped to a rosettaField
cdm-sample-files/cftc-event-scenarios/Example-01-Submission-1.xml,Fail_MappedNone,trade.tradeHeader.partyTradeInformation(1).reportingRegime(1).reportingPurpose,trade.tradeHeader.partyTradeInformation.reportingRegime.reportingPurpose,0,,Element with value PrimaryEconomicTerms could not be mapped to a rosettaField
cdm-sample-files/cftc-event-scenarios/Example-01-Submission-1.xml,Fail_MappedNone,trade.tradeHeader.partyTradeInformation(0).reportingRegime(3).entityClassification[entityClassificationScheme=http://www.fpml.org/coding-scheme/esma-entity-classification],trade.tradeHeader.partyTradeInformation.reportingRegime.entityClassification[entityClassificationScheme=http://www.fpml.org/coding-scheme/esma-entity-classification],0,,Element with value Financial could not be mapped to a rosettaField
cdm-sample-files/cftc-event-scenarios/Example-01-Submission-1.xml,Fail_MappedNone,sequenceNumber,sequenceNumber,0,,Element with value 1 could not be mapped to a rosettaField
cdm-sample-files/cftc-event-scenarios/Example-01-Submission-1.xml,Fail_MappedNone,trade.tradeHeader.partyTradeInformation(0).reportingRegime(5).name,trade.tradeHeader.partyTradeInformation.reportingRegime.name,0,,Element with value CSA could not be mapped to a rosettaField
cdm-sample-files/cftc-event-scenarios/Example-01-Submission-1.xml,Fail_MappedNone,trade.tradeHeader.partyTradeInformation(1).reportingRegime(0).mandatorilyClearable,trade.tradeHeader.partyTradeInformation.reportingRegime.mandatorilyClearable,0,,Element with value false could not be mapped to a rosettaField
cdm-sample-files/cftc-event-scenarios/Example-01-Submission-1.xml,Fail_MappedNone,trade.tradeHeader.partyTradeInformation(0).reportingRegime(0).supervisorRegistration.supervisoryBody,trade.tradeHeader.partyTradeInformation.reportingRegime.supervisorRegistration.supervisoryBody,0,,Element with value CFTC could not be mapped to a rosettaField
cdm-sample-files/cftc-event-scenarios/Example-01-Submission-1.xml,Fail_MappedNone,party(1)[id=party2].classification(0)[industryClassificationScheme=http://www.fpml.org/coding-scheme/esma-emir-refit-regulatory-corporate-sector],party[id=party2].classification[industryClassificationScheme=http://www.fpml.org/coding-scheme/esma-emir-refit-regulatory-corporate-sector],0,,Element with value AIFD could not be mapped to a rosettaField
cdm-sample-files/cftc-event-scenarios/Example-01-Submission-1.xml,Fail_MappedNone,trade.tradeHeader.partyTradeInformation(0).reportingRegime(0).reportingRole,trade.tradeHeader.partyTradeInformation.reportingRegime.reportingRole,0,,Element with value ReportingParty could not be mapped to a rosettaField
cdm-sample-files/cftc-event-scenarios/Example-02-Submission-1.xml,Fail_MappedNone,trade.tradeHeader.partyTradeInformation(0).reportingRegime(2).supervisorRegistration.supervisoryBody,trade.tradeHeader.partyTradeInformation.reportingRegime.supervisorRegistration.supervisoryBody,0,,Element with value ESMA could not be mapped to a rosettaField
cdm-sample-files/cftc-event-scenarios/Example-02-Submission-1.xml,Fail_MappedNone,trade.tradeHeader.partyTradeInformation(1).reportingRegime(1).entityClassification[entityClassificationScheme=http://www.fpml.org/coding-scheme/esma-entity-classification],trade.tradeHeader.partyTradeInformation.reportingRegime.entityClassification[entityClassificationScheme=http://www.fpml.org/coding-scheme/esma-entity-classification],0,,Element with value Financial could not be mapped to a rosettaField
cdm-sample-files/cftc-event-scenarios/Example-02-Submission-1.xml,Fail_MappedNone,correlationId[correlationIdScheme=http://fpml.org/submitter_trade_id].correlationIdScheme,correlationId[correlationIdScheme=http://fpml.org/submitter_trade_id].correlationIdScheme,0,,Element with value http://fpml.org/submitter_trade_id could not be mapped to a rosettaField
cdm-sample-files/cftc-event-scenarios/Example-02-Submission-1.xml,Fail_MappedNone,trade.tradeHeader.partyTradeInformation(1).reportingRegime(0).reportingPurpose,trade.tradeHeader.partyTradeInformation.reportingRegime.reportingPurpose,0,,Element with value PrimaryEconomicTerms could not be mapped to a rosettaField
cdm-sample-files/cftc-event-scenarios/Example-02-Submission-1.xml,Fail_MappedNone,party(1)[id=party2].classification(0)[industryClassificationScheme=http://www.fpml.org/coding-scheme/esma-emir-refit-regulatory-corporate-sector].industryClassificationScheme,party[id=party2].classification[industryClassificationScheme=http://www.fpml.org/coding-scheme/esma-emir-refit-regulatory-corporate-sector].industryClassificationScheme,0,,Element with value http://www.fpml.org/coding-scheme/esma-emir-refit-regulatory-corporate-sector could not be mapped to a rosettaField
cdm-sample-files/cftc-event-scenarios/Example-02-Submission-1.xml,Fail_MappedNone,trade.tradeHeader.partyTradeInformation(0).reportingRegime(5).mandatorilyClearable,trade.tradeHeader.partyTradeInformation.reportingRegime.mandatorilyClearable,0,,Element with value false could not be mapped to a rosettaField
cdm-sample-files/cftc-event-scenarios/Example-02-Submission-1.xml,Fail_MappedNone,trade.tradeHeader.partyTradeInformation(0).offMarketPrice,trade.tradeHeader.partyTradeInformation.offMarketPrice,0,,Element with value false could not be mapped to a rosettaField
cdm-sample-files/cftc-event-scenarios/Example-02-Submission-1.xml,Fail_MappedNone,trade.tradeHeader.partyTradeInformation(1).reportingRegime(1).entityClassification[entityClassificationScheme=http://www.fpml.org/coding-scheme/esma-entity-classification].entityClassificationScheme,trade.tradeHeader.partyTradeInformation.reportingRegime.entityClassification[entityClassificationScheme=http://www.fpml.org/coding-scheme/esma-entity-classification].entityClassificationScheme,0,,Element with value http://www.fpml.org/coding-scheme/esma-entity-classification could not be mapped to a rosettaField
cdm-sample-files/cftc-event-scenarios/Example-02-Submission-1.xml,Fail_MappedNone,trade.tradeHeader.partyTradeInformation(0).relatedBusinessUnit.role,trade.tradeHeader.partyTradeInformation.relatedBusinessUnit.role,0,,Element with value TradingDesk could not be mapped to a rosettaField
cdm-sample-files/cftc-event-scenarios/Example-02-Submission-1.xml,Fail_MappedNone,trade.tradeHeader.partyTradeInformation(0).reportingRegime(6).name,trade.tradeHeader.partyTradeInformation.reportingRegime.name,0,,Element with value HKTR could not be mapped to a rosettaField
cdm-sample-files/cftc-event-scenarios/Example-02-Submission-1.xml,Fail_MappedNone,trade.tradeHeader.partyTradeInformation(0).reportingRegime(3).reportingRole,trade.tradeHeader.partyTradeInformation.reportingRegime.reportingRole,0,,Element with value ReportingParty could not be mapped to a rosettaField
cdm-sample-files/cftc-event-scenarios/Example-02-Submission-1.xml,Fail_MappedNone,trade.tradeHeader.partyTradeInformation(0).reportingRegime(5).entityClassification[entityClassificationScheme=http://www.fpml.org/coding-scheme/cftc-entity-classification].entityClassificationScheme,trade.tradeHeader.partyTradeInformation.reportingRegime.entityClassification[entityClassificationScheme=http://www.fpml.org/coding-scheme/cftc-entity-classification].entityClassificationScheme,0,,Element with value http://www.fpml.org/coding-scheme/cftc-entity-classification could not be mapped to a rosettaField
cdm-sample-files/cftc-event-scenarios/Example-02-Submission-1.xml,Fail_MappedNone,trade.tradeHeader.partyTradeInformation(1).reportingRegime(1).exceedsClearingThreshold,trade.tradeHeader.partyTradeInformation.reportingRegime.exceedsClearingThreshold,0,,Element with value true could not be mapped to a rosettaField
cdm-sample-files/cftc-event-scenarios/Example-02-Submission-1.xml,Fail_MappedNone,trade.tradeHeader.partyTradeInformation(1).reportingRegime(0).entityClassification[entityClassificationScheme=http://www.fpml.org/coding-scheme/esma-entity-classification].entityClassificationScheme,trade.tradeHeader.partyTradeInformation.reportingRegime.entityClassification[entityClassificationScheme=http://www.fpml.org/coding-scheme/esma-entity-classification].entityClassificationScheme,0,,Element with value http://www.fpml.org/coding-scheme/esma-entity-classification could not be mapped to a rosettaField
cdm-sample-files/cftc-event-scenarios/Example-02-Submission-1.xml,Fail_MappedNone,trade.tradeHeader.partyTradeInformation(1).reportingRegime(3).supervisorRegistration.supervisoryBody,trade.tradeHeader.partyTradeInformation.reportingRegime.supervisorRegistration.supervisoryBody,0,,Element with value CA.AB.ASC could not be mapped to a rosettaField
cdm-sample-files/cftc-event-scenarios/Example-02-Submission-1.xml,Fail_MappedNone,party(1)[id=party2].classification(1)[industryClassificationScheme=http://www.fpml.org/coding-scheme/hkma-rewrite-regulatory-corporate-sector].industryClassificationScheme,party[id=party2].classification[industryClassificationScheme=http://www.fpml.org/coding-scheme/hkma-rewrite-regulatory-corporate-sector].industryClassificationScheme,0,,Element with value http://www.fpml.org/coding-scheme/hkma-rewrite-regulatory-corporate-sector could not be mapped to a rosettaField
cdm-sample-files/cftc-event-scenarios/Example-02-Submission-1.xml,Fail_MappedNone,trade.tradeHeader.partyTradeInformation(1).reportingRegime(4).reportingRole,trade.tradeHeader.partyTradeInformation.reportingRegime.reportingRole,0,,Element with value ReportingParty could not be mapped to a rosettaField
cdm-sample-files/cftc-event-scenarios/Example-02-Submission-1.xml,Fail_MappedNone,trade.tradeHeader.partyTradeInformation(0).reportingRegime(1).supervisorRegistration.supervisoryBody,trade.tradeHeader.partyTradeInformation.reportingRegime.supervisorRegistration.supervisoryBody,0,,Element with value SEC could not be mapped to a rosettaField
cdm-sample-files/cftc-event-scenarios/Example-02-Submission-1.xml,Fail_MappedNone,party(0)[id=party1].organizationType,party[id=party1].organizationType,0,,Element with value SD could not be mapped to a rosettaField
cdm-sample-files/cftc-event-scenarios/Example-02-Submission-1.xml,Fail_MappedNone,trade.tradeHeader.partyTradeInformation(1).reportingRegime(0).name,trade.tradeHeader.partyTradeInformation.reportingRegime.name,0,,Element with value EMIR could not be mapped to a rosettaField
cdm-sample-files/cftc-event-scenarios/Example-02-Submission-1.xml,Fail_MappedMultiple,party(2)[id=broker1].partyId[partyIdScheme=http://www.fpml.org/coding-scheme/external/iso17442].partyIdScheme,party[id=broker1].partyId[partyIdScheme=http://www.fpml.org/coding-scheme/external/iso17442].partyIdScheme,2,ReportableEvent.originatingWorkflowStep.proposedEvent.instruction(0).before.value.trade.party(2).partyId(0).identifierType=[LEI] ReportableEvent.originatingWorkflowStep.proposedEvent.instruction(0).before.value.trade.party(2).partyId(0).identifier.meta.scheme=[http://www.fpml.org/coding-scheme/external/iso17442],Element mapped to multiple rosettaFields
cdm-sample-files/cftc-event-scenarios/Example-02-Submission-1.xml,Fail_MappedNone,trade.tradeHeader.partyTradeInformation(0).reportingRegime(2).reportingRole,trade.tradeHeader.partyTradeInformation.reportingRegime.reportingRole,0,,Element with value ReportingParty could not be mapped to a rosettaField
cdm-sample-files/cftc-event-scenarios/Example-02-Submission-1.xml,Fail_MappedMultiple,party(3)[id=clearing-svc].partyId[partyIdScheme=http://www.fpml.org/coding-scheme/external/iso17442].partyIdScheme,party[id=clearing-svc].partyId[partyIdScheme=http://www.fpml.org/coding-scheme/external/iso17442].partyIdScheme,2,ReportableEvent.originatingWorkflowStep.proposedEvent.instruction(0).before.value.trade.party(3).partyId(0).identifierType=[LEI] ReportableEvent.originatingWorkflowStep.proposedEvent.instruction(0).before.value.trade.party(3).partyId(0).identifier.meta.scheme=[http://www.fpml.org/coding-scheme/external/iso17442],Element mapped to multiple rosettaFields
cdm-sample-files/cftc-event-scenarios/Example-02-Submission-1.xml,Fail_MappedNone,trade.tradeHeader.partyTradeInformation(0).reportingRegime(3).mandatorilyClearable,trade.tradeHeader.partyTradeInformation.reportingRegime.mandatorilyClearable,0,,Element with value false could not be mapped to a rosettaField
cdm-sample-files/cftc-event-scenarios/Example-02-Submission-1.xml,Fail_MappedNone,party(1)[id=party2].organizationType,party[id=party2].organizationType,0,,Element with value SD could not be mapped to a rosettaField
cdm-sample-files/cftc-event-scenarios/Example-02-Submission-1.xml,Fail_MappedNone,trade.tradeHeader.partyTradeInformation(0).reportingRegime(2).exceedsClearingThreshold,trade.tradeHeader.partyTradeInformation.reportingRegime.exceedsClearingThreshold,0,,Element with value true could not be mapped to a rosettaField
cdm-sample-files/cftc-event-scenarios/Example-02-Submission-1.xml,Fail_MappedNone,trade.tradeHeader.partyTradeInformation(1).reportingRegime(1).name,trade.tradeHeader.partyTradeInformation.reportingRegime.name,0,,Element with value UKEMIR could not be mapped to a rosettaField
cdm-sample-files/cftc-event-scenarios/Example-02-Submission-1.xml,Fail_MappedNone,trade.tradeHeader.partyTradeInformation(0).reportingRegime(6).entityClassification,trade.tradeHeader.partyTradeInformation.reportingRegime.entityClassification,0,,Element with value Financial could not be mapped to a rosettaField
cdm-sample-files/cftc-event-scenarios/Example-02-Submission-1.xml,Fail_MappedNone,onBehalfOf.partyReference[href=party1].href,onBehalfOf.partyReference[href=party1].href,0,,Element with value party1 could not be mapped to a rosettaField
cdm-sample-files/cftc-event-scenarios/Example-02-Submission-1.xml,Fail_MappedNone,trade.tradeHeader.partyTradeInformation(0).reportingRegime(5).reportingRole,trade.tradeHeader.partyTradeInformation.reportingRegime.reportingRole,0,,Element with value ReportingParty could not be mapped to a rosettaField
cdm-sample-files/cftc-event-scenarios/Example-02-Submission-1.xml,Fail_MappedNone,party(0)[id=party1].classification(0)[industryClassificationScheme=http://www.fpml.org/coding-scheme/esma-emir-refit-regulatory-corporate-sector].industryClassificationScheme,party[id=party1].classification[industryClassificationScheme=http://www.fpml.org/coding-scheme/esma-emir-refit-regulatory-corporate-sector].industryClassificationScheme,0,,Element with value http://www.fpml.org/coding-scheme/esma-emir-refit-regulatory-corporate-sector could not be mapped to a rosettaField
cdm-sample-files/cftc-event-scenarios/Example-02-Submission-1.xml,Fail_MappedNone,trade.tradeHeader.partyTradeInformation(1).reportingRegime(0).entityClassification[entityClassificationScheme=http://www.fpml.org/coding-scheme/esma-entity-classification],trade.tradeHeader.partyTradeInformation.reportingRegime.entityClassification[entityClassificationScheme=http://www.fpml.org/coding-scheme/esma-entity-classification],0,,Element with value Financial could not be mapped to a rosettaField
cdm-sample-files/cftc-event-scenarios/Example-02-Submission-1.xml,Fail_MappedNone,trade.tradeHeader.partyTradeInformation(0).reportingRegime(2).mandatorilyClearable,trade.tradeHeader.partyTradeInformation.reportingRegime.mandatorilyClearable,0,,Element with value false could not be mapped to a rosettaField
cdm-sample-files/cftc-event-scenarios/Example-02-Submission-1.xml,Fail_MappedNone,trade.tradeHeader.partyTradeInformation(0).reportingRegime(3).supervisorRegistration.supervisoryBody,trade.tradeHeader.partyTradeInformation.reportingRegime.supervisorRegistration.supervisoryBody,0,,Element with value FCA could not be mapped to a rosettaField
cdm-sample-files/cftc-event-scenarios/Example-02-Submission-1.xml,Fail_MappedNone,trade.tradeHeader.partyTradeInformation(0).executionType,trade.tradeHeader.partyTradeInformation.executionType,0,,Element with value Electronic could not be mapped to a rosettaField
cdm-sample-files/cftc-event-scenarios/Example-02-Submission-1.xml,Fail_MappedNone,trade.tradeHeader.partyTradeInformation(1).reportingRegime(2).name,trade.tradeHeader.partyTradeInformation.reportingRegime.name,0,,Element with value JFSA could not be mapped to a rosettaField
cdm-sample-files/cftc-event-scenarios/Example-02-Submission-1.xml,Fail_MappedNone,correlationId[correlationIdScheme=http://fpml.org/submitter_trade_id],correlationId[correlationIdScheme=http://fpml.org/submitter_trade_id],0,,Element with value TW9235 could not be mapped to a rosettaField
cdm-sample-files/cftc-event-scenarios/Example-02-Submission-1.xml,Fail_MappedNone,trade.tradeHeader.partyTradeInformation(1).reportingRegime(4).supervisorRegistration.supervisoryBody,trade.tradeHeader.partyTradeInformation.reportingRegime.supervisorRegistration.supervisoryBody,0,,Element with value HKMA could not be mapped to a rosettaField
cdm-sample-files/cftc-event-scenarios/Example-02-Submission-1.xml,Fail_MappedNone,trade.tradeHeader.partyTradeInformation(0).reportingRegime(4).reportingRole,trade.tradeHeader.partyTradeInformation.reportingRegime.reportingRole,0,,Element with value ReportingParty could not be mapped to a rosettaField
cdm-sample-files/cftc-event-scenarios/Example-02-Submission-1.xml,Fail_MappedNone,trade.tradeHeader.partyTradeInformation(0).relatedBusinessUnit.businessUnitReference[href=desk1].href,trade.tradeHeader.partyTradeInformation.relatedBusinessUnit.businessUnitReference[href=desk1].href,0,,Element with value desk1 could not be mapped to a rosettaField
cdm-sample-files/cftc-event-scenarios/Example-02-Submission-1.xml,Fail_MappedNone,party(0)[id=party1].classification(1)[industryClassificationScheme=http://www.fpml.org/coding-scheme/hkma-rewrite-regulatory-corporate-sector].industryClassificationScheme,party[id=party1].classification[industryClassificationScheme=http://www.fpml.org/coding-scheme/hkma-rewrite-regulatory-corporate-sector].industryClassificationScheme,0,,Element with value http://www.fpml.org/coding-scheme/hkma-rewrite-regulatory-corporate-sector could not be mapped to a rosettaField
cdm-sample-files/cftc-event-scenarios/Example-02-Submission-1.xml,Fail_MappedNone,trade.tradeHeader.partyTradeInformation(1).reportingRegime(4).mandatorilyClearable,trade.tradeHeader.partyTradeInformation.reportingRegime.mandatorilyClearable,0,,Element with value false could not be mapped to a rosettaField
cdm-sample-files/cftc-event-scenarios/Example-02-Submission-1.xml,Fail_MappedNone,trade.tradeHeader.partyTradeInformation(0).reportingRegime(3).reportingPurpose,trade.tradeHeader.partyTradeInformation.reportingRegime.reportingPurpose,0,,Element with value PrimaryEconomicTerms could not be mapped to a rosettaField
cdm-sample-files/cftc-event-scenarios/Example-02-Submission-1.xml,Fail_MappedNone,trade.tradeHeader.partyTradeInformation(0).reportingRegime(1).mandatorilyClearable,trade.tradeHeader.partyTradeInformation.reportingRegime.mandatorilyClearable,0,,Element with value false could not be mapped to a rosettaField
cdm-sample-files/cftc-event-scenarios/Example-02-Submission-1.xml,Fail_MappedNone,trade.tradeHeader.partyTradeInformation(0).reportingRegime(2).entityClassification[entityClassificationScheme=http://www.fpml.org/coding-scheme/esma-entity-classification].entityClassificationScheme,trade.tradeHeader.partyTradeInformation.reportingRegime.entityClassification[entityClassificationScheme=http://www.fpml.org/coding-scheme/esma-entity-classification].entityClassificationScheme,0,,Element with value http://www.fpml.org/coding-scheme/esma-entity-classification could not be mapped to a rosettaField
cdm-sample-files/cftc-event-scenarios/Example-02-Submission-1.xml,Fail_MappedNone,trade.tradeHeader.partyTradeInformation(1).reportingRegime(1).reportingRole,trade.tradeHeader.partyTradeInformation.reportingRegime.reportingRole,0,,Element with value ReportingParty could not be mapped to a rosettaField
cdm-sample-files/cftc-event-scenarios/Example-02-Submission-1.xml,Fail_MappedNone,trade.tradeHeader.partyTradeInformation(0).reportingRegime(5).supervisorRegistration.supervisoryBody,trade.tradeHeader.partyTradeInformation.reportingRegime.supervisorRegistration.supervisoryBody,0,,Element with value CA.AB.ASC could not be mapped to a rosettaField
cdm-sample-files/cftc-event-scenarios/Example-02-Submission-1.xml,Fail_MappedNone,trade.tradeHeader.partyTradeInformation(1).reportingRegime(3).name,trade.tradeHeader.partyTradeInformation.reportingRegime.name,0,,Element with value CSA could not be mapped to a rosettaField
cdm-sample-files/cftc-event-scenarios/Example-02-Submission-1.xml,Fail_MappedNone,trade.tradeHeader.partyTradeInformation(1).reportingRegime(3).mandatorilyClearable,trade.tradeHeader.partyTradeInformation.reportingRegime.mandatorilyClearable,0,,Element with value false could not be mapped to a rosettaField
cdm-sample-files/cftc-event-scenarios/Example-02-Submission-1.xml,Fail_MappedNone,trade.tradeHeader.partyTradeInformation(0).reportingRegime(4).supervisorRegistration.supervisoryBody,trade.tradeHeader.partyTradeInformation.reportingRegime.supervisorRegistration.supervisoryBody,0,,Element with value JFSA could not be mapped to a rosettaField
cdm-sample-files/cftc-event-scenarios/Example-02-Submission-1.xml,Fail_MappedNone,trade.tradeHeader.partyTradeInformation(1).reportingRegime(0).supervisorRegistration.supervisoryBody,trade.tradeHeader.partyTradeInformation.reportingRegime.supervisorRegistration.supervisoryBody,0,,Element with value ESMA could not be mapped to a rosettaField
cdm-sample-files/cftc-event-scenarios/Example-02-Submission-1.xml,Fail_MappedNone,trade.tradeHeader.partyTradeInformation(0).reportingRegime(2).name,trade.tradeHeader.partyTradeInformation.reportingRegime.name,0,,Element with value EMIR could not be mapped to a rosettaField
cdm-sample-files/cftc-event-scenarios/Example-02-Submission-1.xml,Fail_MappedNone,trade.tradeHeader.partyTradeInformation(0).reportingRegime(2).reportingPurpose,trade.tradeHeader.partyTradeInformation.reportingRegime.reportingPurpose,0,,Element with value PrimaryEconomicTerms could not be mapped to a rosettaField
cdm-sample-files/cftc-event-scenarios/Example-02-Submission-1.xml,Fail_MappedNone,trade.tradeHeader.partyTradeInformation(0).executionVenueType,trade.tradeHeader.partyTradeInformation.executionVenueType,0,,Element with value SEF could not be mapped to a rosettaField
cdm-sample-files/cftc-event-scenarios/Example-02-Submission-1.xml,Fail_MappedNone,trade.tradeHeader.partyTradeInformation(1).reportingRegime(0).reportingRole,trade.tradeHeader.partyTradeInformation.reportingRegime.reportingRole,0,,Element with value ReportingParty could not be mapped to a rosettaField
cdm-sample-files/cftc-event-scenarios/Example-02-Submission-1.xml,Fail_MappedNone,trade.tradeHeader.partyTradeInformation(0).reportingRegime(0).mandatorilyClearable,trade.tradeHeader.partyTradeInformation.reportingRegime.mandatorilyClearable,0,,Element with value false could not be mapped to a rosettaField
cdm-sample-files/cftc-event-scenarios/Example-02-Submission-1.xml,Fail_MappedNone,party(0)[id=party1].classification(1)[industryClassificationScheme=http://www.fpml.org/coding-scheme/hkma-rewrite-regulatory-corporate-sector],party[id=party1].classification[industryClassificationScheme=http://www.fpml.org/coding-scheme/hkma-rewrite-regulatory-corporate-sector],0,,Element with value INVF could not be mapped to a rosettaField
cdm-sample-files/cftc-event-scenarios/Example-02-Submission-1.xml,Fail_MappedNone,trade.tradeHeader.partyTradeInformation(0).collateralizationType,trade.tradeHeader.partyTradeInformation.collateralizationType,0,,Element with value Fully could not be mapped to a rosettaField
cdm-sample-files/cftc-event-scenarios/Example-02-Submission-1.xml,Fail_MappedNone,trade.tradeHeader.partyTradeInformation(0).reportingRegime(3).exceedsClearingThreshold,trade.tradeHeader.partyTradeInformation.reportingRegime.exceedsClearingThreshold,0,,Element with value true could not be mapped to a rosettaField
cdm-sample-files/cftc-event-scenarios/Example-02-Submission-1.xml,Fail_MappedNone,trade.tradeHeader.partyTradeInformation(1).reportingRegime(3).entityClassification[entityClassificationScheme=http://www.fpml.org/coding-scheme/cftc-entity-classification].entityClassificationScheme,trade.tradeHeader.partyTradeInformation.reportingRegime.entityClassification[entityClassificationScheme=http://www.fpml.org/coding-scheme/cftc-entity-classification].entityClassificationScheme,0,,Element with value http://www.fpml.org/coding-scheme/cftc-entity-classification could not be mapped to a rosettaField
cdm-sample-files/cftc-event-scenarios/Example-02-Submission-1.xml,Fail_MappedNone,trade.tradeHeader.partyTradeInformation(0).reportingRegime(5).entityClassification[entityClassificationScheme=http://www.fpml.org/coding-scheme/cftc-entity-classification],trade.tradeHeader.partyTradeInformation.reportingRegime.entityClassification[entityClassificationScheme=http://www.fpml.org/coding-scheme/cftc-entity-classification],0,,Element with value SBSD could not be mapped to a rosettaField
cdm-sample-files/cftc-event-scenarios/Example-02-Submission-1.xml,Fail_MappedNone,trade.tradeHeader.partyTradeInformation(1).reportingRegime(4).name,trade.tradeHeader.partyTradeInformation.reportingRegime.name,0,,Element with value HKTR could not be mapped to a rosettaField
cdm-sample-files/cftc-event-scenarios/Example-02-Submission-1.xml,Fail_MappedNone,trade.tradeHeader.partyTradeInformation(0).reportingRegime(6).reportingRole,trade.tradeHeader.partyTradeInformation.reportingRegime.reportingRole,0,,Element with value ReportingParty could not be mapped to a rosettaField
cdm-sample-files/cftc-event-scenarios/Example-02-Submission-1.xml,Fail_MappedNone,trade.tradeHeader.partyTradeInformation(0).reportingRegime(6).supervisorRegistration.supervisoryBody,trade.tradeHeader.partyTradeInformation.reportingRegime.supervisorRegistration.supervisoryBody,0,,Element with value HKMA could not be mapped to a rosettaField
cdm-sample-files/cftc-event-scenarios/Example-02-Submission-1.xml,Fail_MappedNone,trade.tradeHeader.partyTradeInformation(1).reportingRegime(3).entityClassification[entityClassificationScheme=http://www.fpml.org/coding-scheme/cftc-entity-classification],trade.tradeHeader.partyTradeInformation.reportingRegime.entityClassification[entityClassificationScheme=http://www.fpml.org/coding-scheme/cftc-entity-classification],0,,Element with value SBSD could not be mapped to a rosettaField
cdm-sample-files/cftc-event-scenarios/Example-02-Submission-1.xml,Fail_MappedNone,trade.tradeHeader.partyTradeInformation(1).reportingRegime(0).exceedsClearingThreshold,trade.tradeHeader.partyTradeInformation.reportingRegime.exceedsClearingThreshold,0,,Element with value true could not be mapped to a rosettaField
cdm-sample-files/cftc-event-scenarios/Example-02-Submission-1.xml,Fail_MappedNone,trade.tradeHeader.partyTradeInformation(1).reportingRegime(2).supervisorRegistration.supervisoryBody,trade.tradeHeader.partyTradeInformation.reportingRegime.supervisorRegistration.supervisoryBody,0,,Element with value JFSA could not be mapped to a rosettaField
cdm-sample-files/cftc-event-scenarios/Example-02-Submission-1.xml,Fail_MappedNone,trade.tradeHeader.partyTradeInformation(0).reportingRegime(1).reportingPurpose,trade.tradeHeader.partyTradeInformation.reportingRegime.reportingPurpose,0,,Element with value PrimaryEconomicTerms could not be mapped to a rosettaField
cdm-sample-files/cftc-event-scenarios/Example-02-Submission-1.xml,Fail_MappedNone,trade.tradeHeader.partyTradeInformation(0).reportingRegime(3).name,trade.tradeHeader.partyTradeInformation.reportingRegime.name,0,,Element with value UKEMIR could not be mapped to a rosettaField
cdm-sample-files/cftc-event-scenarios/Example-02-Submission-1.xml,Fail_MappedNone,party(1)[id=party2].classification(1)[industryClassificationScheme=http://www.fpml.org/coding-scheme/hkma-rewrite-regulatory-corporate-sector],party[id=party2].classification[industryClassificationScheme=http://www.fpml.org/coding-scheme/hkma-rewrite-regulatory-corporate-sector],0,,Element with value ORPI could not be mapped to a rosettaField
cdm-sample-files/cftc-event-scenarios/Example-02-Submission-1.xml,Fail_MappedNone,trade.tradeHeader.partyTradeInformation(1).reportingRegime(3).reportingRole,trade.tradeHeader.partyTradeInformation.reportingRegime.reportingRole,0,,Element with value ReportingParty could not be mapped to a rosettaField
cdm-sample-files/cftc-event-scenarios/Example-02-Submission-1.xml,Fail_MappedNone,trade.tradeHeader.partyTradeInformation(0).reportingRegime(2).entityClassification[entityClassificationScheme=http://www.fpml.org/coding-scheme/esma-entity-classification],trade.tradeHeader.partyTradeInformation.reportingRegime.entityClassification[entityClassificationScheme=http://www.fpml.org/coding-scheme/esma-entity-classification],0,,Element with value Financial could not be mapped to a rosettaField
cdm-sample-files/cftc-event-scenarios/Example-02-Submission-1.xml,Fail_MappedNone,trade.tradeHeader.partyTradeInformation(1).reportingRegime(1).mandatorilyClearable,trade.tradeHeader.partyTradeInformation.reportingRegime.mandatorilyClearable,0,,Element with value false could not be mapped to a rosettaField
cdm-sample-files/cftc-event-scenarios/Example-02-Submission-1.xml,Fail_MappedNone,party(0)[id=party1].classification(0)[industryClassificationScheme=http://www.fpml.org/coding-scheme/esma-emir-refit-regulatory-corporate-sector],party[id=party1].classification[industryClassificationScheme=http://www.fpml.org/coding-scheme/esma-emir-refit-regulatory-corporate-sector],0,,Element with value INVF could not be mapped to a rosettaField
cdm-sample-files/cftc-event-scenarios/Example-02-Submission-1.xml,Fail_MappedMultiple,party(0)[id=party1].partyId[partyIdScheme=http://www.fpml.org/coding-scheme/external/iso17442].partyIdScheme,party[id=party1].partyId[partyIdScheme=http://www.fpml.org/coding-scheme/external/iso17442].partyIdScheme,2,ReportableEvent.originatingWorkflowStep.proposedEvent.instruction(0).before.value.trade.party(0).partyId(0).identifierType=[LEI] ReportableEvent.originatingWorkflowStep.proposedEvent.instruction(0).before.value.trade.party(0).partyId(0).identifier.meta.scheme=[http://www.fpml.org/coding-scheme/external/iso17442],Element mapped to multiple rosettaFields
cdm-sample-files/cftc-event-scenarios/Example-02-Submission-1.xml,Fail_MappedNone,trade.tradeHeader.partyTradeInformation(0).reportingRegime(1).reportingRole,trade.tradeHeader.partyTradeInformation.reportingRegime.reportingRole,0,,Element with value ReportingParty could not be mapped to a rosettaField
cdm-sample-files/cftc-event-scenarios/Example-02-Submission-1.xml,Fail_MappedNone,trade.tradeHeader.partyTradeInformation(0).reportingRegime(0).reportingPurpose,trade.tradeHeader.partyTradeInformation.reportingRegime.reportingPurpose,0,,Element with value PrimaryEconomicTerms could not be mapped to a rosettaField
cdm-sample-files/cftc-event-scenarios/Example-02-Submission-1.xml,Fail_MappedNone,trade.tradeHeader.partyTradeInformation(0).reportingRegime(4).name,trade.tradeHeader.partyTradeInformation.reportingRegime.name,0,,Element with value JFSA could not be mapped to a rosettaField
cdm-sample-files/cftc-event-scenarios/Example-02-Submission-1.xml,Fail_MappedNone,trade.tradeHeader.partyTradeInformation(1).reportingRegime(4).entityClassification,trade.tradeHeader.partyTradeInformation.reportingRegime.entityClassification,0,,Element with value Financial could not be mapped to a rosettaField
cdm-sample-files/cftc-event-scenarios/Example-02-Submission-1.xml,Fail_MappedNone,trade.tradeHeader.partyTradeInformation(0).largeSizeTrade,trade.tradeHeader.partyTradeInformation.largeSizeTrade,0,,Element with value false could not be mapped to a rosettaField
cdm-sample-files/cftc-event-scenarios/Example-02-Submission-1.xml,Fail_MappedMultiple,party(1)[id=party2].partyId[partyIdScheme=http://www.fpml.org/coding-scheme/external/iso17442].partyIdScheme,party[id=party2].partyId[partyIdScheme=http://www.fpml.org/coding-scheme/external/iso17442].partyIdScheme,2,ReportableEvent.originatingWorkflowStep.proposedEvent.instruction(0).before.value.trade.party(1).partyId(0).identifier.meta.scheme=[http://www.fpml.org/coding-scheme/external/iso17442] ReportableEvent.originatingWorkflowStep.proposedEvent.instruction(0).before.value.trade.party(1).partyId(0).identifierType=[LEI],Element mapped to multiple rosettaFields
cdm-sample-files/cftc-event-scenarios/Example-02-Submission-1.xml,Fail_MappedNone,trade.tradeHeader.partyTradeInformation(1).reportingRegime(2).reportingRole,trade.tradeHeader.partyTradeInformation.reportingRegime.reportingRole,0,,Element with value ReportingParty could not be mapped to a rosettaField
cdm-sample-files/cftc-event-scenarios/Example-02-Submission-1.xml,Fail_MappedNone,trade.tradeHeader.partyTradeInformation(0).reportingRegime(6).mandatorilyClearable,trade.tradeHeader.partyTradeInformation.reportingRegime.mandatorilyClearable,0,,Element with value false could not be mapped to a rosettaField
cdm-sample-files/cftc-event-scenarios/Example-02-Submission-1.xml,Fail_MappedNone,trade.tradeHeader.partyTradeInformation(0).reportingRegime(3).entityClassification[entityClassificationScheme=http://www.fpml.org/coding-scheme/esma-entity-classification].entityClassificationScheme,trade.tradeHeader.partyTradeInformation.reportingRegime.entityClassification[entityClassificationScheme=http://www.fpml.org/coding-scheme/esma-entity-classification].entityClassificationScheme,0,,Element with value http://www.fpml.org/coding-scheme/esma-entity-classification could not be mapped to a rosettaField
cdm-sample-files/cftc-event-scenarios/Example-02-Submission-1.xml,Fail_MappedNone,trade.tradeHeader.partyTradeInformation(1).reportingRegime(1).supervisorRegistration.supervisoryBody,trade.tradeHeader.partyTradeInformation.reportingRegime.supervisorRegistration.supervisoryBody,0,,Element with value FCA could not be mapped to a rosettaField
cdm-sample-files/cftc-event-scenarios/Example-02-Submission-1.xml,Fail_MappedNone,trade.tradeHeader.partyTradeInformation(1).reportingRegime(1).reportingPurpose,trade.tradeHeader.partyTradeInformation.reportingRegime.reportingPurpose,0,,Element with value PrimaryEconomicTerms could not be mapped to a rosettaField
cdm-sample-files/cftc-event-scenarios/Example-02-Submission-1.xml,Fail_MappedNone,trade.tradeHeader.partyTradeInformation(0).reportingRegime(3).entityClassification[entityClassificationScheme=http://www.fpml.org/coding-scheme/esma-entity-classification],trade.tradeHeader.partyTradeInformation.reportingRegime.entityClassification[entityClassificationScheme=http://www.fpml.org/coding-scheme/esma-entity-classification],0,,Element with value Financial could not be mapped to a rosettaField
cdm-sample-files/cftc-event-scenarios/Example-02-Submission-1.xml,Fail_MappedNone,sequenceNumber,sequenceNumber,0,,Element with value 1 could not be mapped to a rosettaField
cdm-sample-files/cftc-event-scenarios/Example-02-Submission-1.xml,Fail_MappedNone,trade.tradeHeader.partyTradeInformation(0).reportingRegime(5).name,trade.tradeHeader.partyTradeInformation.reportingRegime.name,0,,Element with value CSA could not be mapped to a rosettaField
cdm-sample-files/cftc-event-scenarios/Example-02-Submission-1.xml,Fail_MappedNone,trade.tradeHeader.partyTradeInformation(1).reportingRegime(0).mandatorilyClearable,trade.tradeHeader.partyTradeInformation.reportingRegime.mandatorilyClearable,0,,Element with value false could not be mapped to a rosettaField
cdm-sample-files/cftc-event-scenarios/Example-02-Submission-1.xml,Fail_MappedNone,trade.tradeHeader.partyTradeInformation(0).reportingRegime(0).supervisorRegistration.supervisoryBody,trade.tradeHeader.partyTradeInformation.reportingRegime.supervisorRegistration.supervisoryBody,0,,Element with value CFTC could not be mapped to a rosettaField
cdm-sample-files/cftc-event-scenarios/Example-02-Submission-1.xml,Fail_MappedNone,party(1)[id=party2].classification(0)[industryClassificationScheme=http://www.fpml.org/coding-scheme/esma-emir-refit-regulatory-corporate-sector],party[id=party2].classification[industryClassificationScheme=http://www.fpml.org/coding-scheme/esma-emir-refit-regulatory-corporate-sector],0,,Element with value ORPI could not be mapped to a rosettaField
cdm-sample-files/cftc-event-scenarios/Example-02-Submission-1.xml,Fail_MappedNone,trade.tradeHeader.partyTradeInformation(0).reportingRegime(0).reportingRole,trade.tradeHeader.partyTradeInformation.reportingRegime.reportingRole,0,,Element with value ReportingParty could not be mapped to a rosettaField
cdm-sample-files/cftc-event-scenarios/Example-03-Submission-1.xml,Fail_MappedNone,trade.tradeHeader.partyTradeInformation(0).reportingRegime(2).supervisorRegistration.supervisoryBody,trade.tradeHeader.partyTradeInformation.reportingRegime.supervisorRegistration.supervisoryBody,0,,Element with value ESMA could not be mapped to a rosettaField
cdm-sample-files/cftc-event-scenarios/Example-03-Submission-1.xml,Fail_MappedNone,trade.tradeHeader.partyTradeInformation(1).reportingRegime(1).entityClassification[entityClassificationScheme=http://www.fpml.org/coding-scheme/esma-entity-classification],trade.tradeHeader.partyTradeInformation.reportingRegime.entityClassification[entityClassificationScheme=http://www.fpml.org/coding-scheme/esma-entity-classification],0,,Element with value Financial could not be mapped to a rosettaField
cdm-sample-files/cftc-event-scenarios/Example-03-Submission-1.xml,Fail_MappedNone,correlationId[correlationIdScheme=http://fpml.org/submitter_trade_id].correlationIdScheme,correlationId[correlationIdScheme=http://fpml.org/submitter_trade_id].correlationIdScheme,0,,Element with value http://fpml.org/submitter_trade_id could not be mapped to a rosettaField
cdm-sample-files/cftc-event-scenarios/Example-03-Submission-1.xml,Fail_MappedNone,trade.tradeHeader.partyTradeInformation(1).reportingRegime(0).reportingPurpose,trade.tradeHeader.partyTradeInformation.reportingRegime.reportingPurpose,0,,Element with value PrimaryEconomicTerms could not be mapped to a rosettaField
cdm-sample-files/cftc-event-scenarios/Example-03-Submission-1.xml,Fail_MappedNone,party(1)[id=party2].classification(0)[industryClassificationScheme=http://www.fpml.org/coding-scheme/esma-emir-refit-regulatory-corporate-sector].industryClassificationScheme,party[id=party2].classification[industryClassificationScheme=http://www.fpml.org/coding-scheme/esma-emir-refit-regulatory-corporate-sector].industryClassificationScheme,0,,Element with value http://www.fpml.org/coding-scheme/esma-emir-refit-regulatory-corporate-sector could not be mapped to a rosettaField
cdm-sample-files/cftc-event-scenarios/Example-03-Submission-1.xml,Fail_MappedNone,trade.tradeHeader.partyTradeInformation(0).reportingRegime(5).mandatorilyClearable,trade.tradeHeader.partyTradeInformation.reportingRegime.mandatorilyClearable,0,,Element with value false could not be mapped to a rosettaField
cdm-sample-files/cftc-event-scenarios/Example-03-Submission-1.xml,Fail_MappedNone,trade.tradeHeader.partyTradeInformation(0).offMarketPrice,trade.tradeHeader.partyTradeInformation.offMarketPrice,0,,Element with value false could not be mapped to a rosettaField
cdm-sample-files/cftc-event-scenarios/Example-03-Submission-1.xml,Fail_MappedNone,trade.tradeHeader.partyTradeInformation(1).reportingRegime(1).entityClassification[entityClassificationScheme=http://www.fpml.org/coding-scheme/esma-entity-classification].entityClassificationScheme,trade.tradeHeader.partyTradeInformation.reportingRegime.entityClassification[entityClassificationScheme=http://www.fpml.org/coding-scheme/esma-entity-classification].entityClassificationScheme,0,,Element with value http://www.fpml.org/coding-scheme/esma-entity-classification could not be mapped to a rosettaField
cdm-sample-files/cftc-event-scenarios/Example-03-Submission-1.xml,Fail_MappedNone,trade.tradeHeader.partyTradeInformation(0).relatedBusinessUnit.role,trade.tradeHeader.partyTradeInformation.relatedBusinessUnit.role,0,,Element with value TradingDesk could not be mapped to a rosettaField
cdm-sample-files/cftc-event-scenarios/Example-03-Submission-1.xml,Fail_MappedNone,trade.tradeHeader.partyTradeInformation(0).reportingRegime(6).name,trade.tradeHeader.partyTradeInformation.reportingRegime.name,0,,Element with value HKTR could not be mapped to a rosettaField
cdm-sample-files/cftc-event-scenarios/Example-03-Submission-1.xml,Fail_MappedNone,trade.tradeHeader.partyTradeInformation(0).reportingRegime(3).reportingRole,trade.tradeHeader.partyTradeInformation.reportingRegime.reportingRole,0,,Element with value ReportingParty could not be mapped to a rosettaField
cdm-sample-files/cftc-event-scenarios/Example-03-Submission-1.xml,Fail_MappedNone,trade.tradeHeader.partyTradeInformation(0).reportingRegime(5).entityClassification[entityClassificationScheme=http://www.fpml.org/coding-scheme/cftc-entity-classification].entityClassificationScheme,trade.tradeHeader.partyTradeInformation.reportingRegime.entityClassification[entityClassificationScheme=http://www.fpml.org/coding-scheme/cftc-entity-classification].entityClassificationScheme,0,,Element with value http://www.fpml.org/coding-scheme/cftc-entity-classification could not be mapped to a rosettaField
cdm-sample-files/cftc-event-scenarios/Example-03-Submission-1.xml,Fail_MappedNone,trade.tradeHeader.partyTradeInformation(1).reportingRegime(1).exceedsClearingThreshold,trade.tradeHeader.partyTradeInformation.reportingRegime.exceedsClearingThreshold,0,,Element with value true could not be mapped to a rosettaField
cdm-sample-files/cftc-event-scenarios/Example-03-Submission-1.xml,Fail_MappedNone,trade.tradeHeader.partyTradeInformation(1).reportingRegime(0).entityClassification[entityClassificationScheme=http://www.fpml.org/coding-scheme/esma-entity-classification].entityClassificationScheme,trade.tradeHeader.partyTradeInformation.reportingRegime.entityClassification[entityClassificationScheme=http://www.fpml.org/coding-scheme/esma-entity-classification].entityClassificationScheme,0,,Element with value http://www.fpml.org/coding-scheme/esma-entity-classification could not be mapped to a rosettaField
cdm-sample-files/cftc-event-scenarios/Example-03-Submission-1.xml,Fail_MappedNone,trade.tradeHeader.partyTradeInformation(1).reportingRegime(3).supervisorRegistration.supervisoryBody,trade.tradeHeader.partyTradeInformation.reportingRegime.supervisorRegistration.supervisoryBody,0,,Element with value CA.AB.ASC could not be mapped to a rosettaField
cdm-sample-files/cftc-event-scenarios/Example-03-Submission-1.xml,Fail_MappedNone,party(1)[id=party2].classification(1)[industryClassificationScheme=http://www.fpml.org/coding-scheme/hkma-rewrite-regulatory-corporate-sector].industryClassificationScheme,party[id=party2].classification[industryClassificationScheme=http://www.fpml.org/coding-scheme/hkma-rewrite-regulatory-corporate-sector].industryClassificationScheme,0,,Element with value http://www.fpml.org/coding-scheme/hkma-rewrite-regulatory-corporate-sector could not be mapped to a rosettaField
cdm-sample-files/cftc-event-scenarios/Example-03-Submission-1.xml,Fail_MappedNone,trade.tradeHeader.partyTradeInformation(1).reportingRegime(4).reportingRole,trade.tradeHeader.partyTradeInformation.reportingRegime.reportingRole,0,,Element with value ReportingParty could not be mapped to a rosettaField
cdm-sample-files/cftc-event-scenarios/Example-03-Submission-1.xml,Fail_MappedNone,trade.tradeHeader.partyTradeInformation(0).reportingRegime(1).supervisorRegistration.supervisoryBody,trade.tradeHeader.partyTradeInformation.reportingRegime.supervisorRegistration.supervisoryBody,0,,Element with value SEC could not be mapped to a rosettaField
cdm-sample-files/cftc-event-scenarios/Example-03-Submission-1.xml,Fail_MappedNone,party(0)[id=party1].organizationType,party[id=party1].organizationType,0,,Element with value SD could not be mapped to a rosettaField
cdm-sample-files/cftc-event-scenarios/Example-03-Submission-1.xml,Fail_MappedNone,trade.tradeHeader.partyTradeInformation(1).reportingRegime(0).name,trade.tradeHeader.partyTradeInformation.reportingRegime.name,0,,Element with value EMIR could not be mapped to a rosettaField
cdm-sample-files/cftc-event-scenarios/Example-03-Submission-1.xml,Fail_MappedMultiple,party(2)[id=broker1].partyId[partyIdScheme=http://www.fpml.org/coding-scheme/external/iso17442].partyIdScheme,party[id=broker1].partyId[partyIdScheme=http://www.fpml.org/coding-scheme/external/iso17442].partyIdScheme,2,ReportableEvent.originatingWorkflowStep.proposedEvent.instruction(0).before.value.trade.party(2).partyId(0).identifierType=[LEI] ReportableEvent.originatingWorkflowStep.proposedEvent.instruction(0).before.value.trade.party(2).partyId(0).identifier.meta.scheme=[http://www.fpml.org/coding-scheme/external/iso17442],Element mapped to multiple rosettaFields
cdm-sample-files/cftc-event-scenarios/Example-03-Submission-1.xml,Fail_MappedNone,trade.tradeHeader.partyTradeInformation(0).reportingRegime(2).reportingRole,trade.tradeHeader.partyTradeInformation.reportingRegime.reportingRole,0,,Element with value ReportingParty could not be mapped to a rosettaField
cdm-sample-files/cftc-event-scenarios/Example-03-Submission-1.xml,Fail_MappedMultiple,party(3)[id=clearing-svc].partyId[partyIdScheme=http://www.fpml.org/coding-scheme/external/iso17442].partyIdScheme,party[id=clearing-svc].partyId[partyIdScheme=http://www.fpml.org/coding-scheme/external/iso17442].partyIdScheme,2,ReportableEvent.originatingWorkflowStep.proposedEvent.instruction(0).before.value.trade.party(3).partyId(0).identifierType=[LEI] ReportableEvent.originatingWorkflowStep.proposedEvent.instruction(0).before.value.trade.party(3).partyId(0).identifier.meta.scheme=[http://www.fpml.org/coding-scheme/external/iso17442],Element mapped to multiple rosettaFields
cdm-sample-files/cftc-event-scenarios/Example-03-Submission-1.xml,Fail_MappedNone,trade.tradeHeader.partyTradeInformation(0).reportingRegime(3).mandatorilyClearable,trade.tradeHeader.partyTradeInformation.reportingRegime.mandatorilyClearable,0,,Element with value false could not be mapped to a rosettaField
cdm-sample-files/cftc-event-scenarios/Example-03-Submission-1.xml,Fail_MappedNone,party(1)[id=party2].organizationType,party[id=party2].organizationType,0,,Element with value SD could not be mapped to a rosettaField
cdm-sample-files/cftc-event-scenarios/Example-03-Submission-1.xml,Fail_MappedNone,trade.tradeHeader.partyTradeInformation(0).reportingRegime(2).exceedsClearingThreshold,trade.tradeHeader.partyTradeInformation.reportingRegime.exceedsClearingThreshold,0,,Element with value true could not be mapped to a rosettaField
cdm-sample-files/cftc-event-scenarios/Example-03-Submission-1.xml,Fail_MappedNone,trade.tradeHeader.partyTradeInformation(1).reportingRegime(1).name,trade.tradeHeader.partyTradeInformation.reportingRegime.name,0,,Element with value UKEMIR could not be mapped to a rosettaField
cdm-sample-files/cftc-event-scenarios/Example-03-Submission-1.xml,Fail_MappedNone,trade.tradeHeader.partyTradeInformation(0).reportingRegime(6).entityClassification,trade.tradeHeader.partyTradeInformation.reportingRegime.entityClassification,0,,Element with value Financial could not be mapped to a rosettaField
cdm-sample-files/cftc-event-scenarios/Example-03-Submission-1.xml,Fail_MappedNone,onBehalfOf.partyReference[href=party1].href,onBehalfOf.partyReference[href=party1].href,0,,Element with value party1 could not be mapped to a rosettaField
cdm-sample-files/cftc-event-scenarios/Example-03-Submission-1.xml,Fail_MappedNone,trade.tradeHeader.partyTradeInformation(0).reportingRegime(5).reportingRole,trade.tradeHeader.partyTradeInformation.reportingRegime.reportingRole,0,,Element with value ReportingParty could not be mapped to a rosettaField
cdm-sample-files/cftc-event-scenarios/Example-03-Submission-1.xml,Fail_MappedNone,party(0)[id=party1].classification(0)[industryClassificationScheme=http://www.fpml.org/coding-scheme/esma-emir-refit-regulatory-corporate-sector].industryClassificationScheme,party[id=party1].classification[industryClassificationScheme=http://www.fpml.org/coding-scheme/esma-emir-refit-regulatory-corporate-sector].industryClassificationScheme,0,,Element with value http://www.fpml.org/coding-scheme/esma-emir-refit-regulatory-corporate-sector could not be mapped to a rosettaField
cdm-sample-files/cftc-event-scenarios/Example-03-Submission-1.xml,Fail_MappedNone,trade.tradeHeader.partyTradeInformation(1).reportingRegime(0).entityClassification[entityClassificationScheme=http://www.fpml.org/coding-scheme/esma-entity-classification],trade.tradeHeader.partyTradeInformation.reportingRegime.entityClassification[entityClassificationScheme=http://www.fpml.org/coding-scheme/esma-entity-classification],0,,Element with value Financial could not be mapped to a rosettaField
cdm-sample-files/cftc-event-scenarios/Example-03-Submission-1.xml,Fail_MappedNone,trade.tradeHeader.partyTradeInformation(0).reportingRegime(2).mandatorilyClearable,trade.tradeHeader.partyTradeInformation.reportingRegime.mandatorilyClearable,0,,Element with value false could not be mapped to a rosettaField
cdm-sample-files/cftc-event-scenarios/Example-03-Submission-1.xml,Fail_MappedNone,trade.tradeHeader.partyTradeInformation(0).reportingRegime(3).supervisorRegistration.supervisoryBody,trade.tradeHeader.partyTradeInformation.reportingRegime.supervisorRegistration.supervisoryBody,0,,Element with value FCA could not be mapped to a rosettaField
cdm-sample-files/cftc-event-scenarios/Example-03-Submission-1.xml,Fail_MappedNone,trade.tradeHeader.partyTradeInformation(0).executionType,trade.tradeHeader.partyTradeInformation.executionType,0,,Element with value Electronic could not be mapped to a rosettaField
cdm-sample-files/cftc-event-scenarios/Example-03-Submission-1.xml,Fail_MappedNone,trade.tradeHeader.partyTradeInformation(1).reportingRegime(2).name,trade.tradeHeader.partyTradeInformation.reportingRegime.name,0,,Element with value JFSA could not be mapped to a rosettaField
cdm-sample-files/cftc-event-scenarios/Example-03-Submission-1.xml,Fail_MappedNone,correlationId[correlationIdScheme=http://fpml.org/submitter_trade_id],correlationId[correlationIdScheme=http://fpml.org/submitter_trade_id],0,,Element with value TW9235 could not be mapped to a rosettaField
cdm-sample-files/cftc-event-scenarios/Example-03-Submission-1.xml,Fail_MappedNone,trade.tradeHeader.partyTradeInformation(1).reportingRegime(4).supervisorRegistration.supervisoryBody,trade.tradeHeader.partyTradeInformation.reportingRegime.supervisorRegistration.supervisoryBody,0,,Element with value HKMA could not be mapped to a rosettaField
cdm-sample-files/cftc-event-scenarios/Example-03-Submission-1.xml,Fail_MappedNone,trade.tradeHeader.partyTradeInformation(0).reportingRegime(4).reportingRole,trade.tradeHeader.partyTradeInformation.reportingRegime.reportingRole,0,,Element with value ReportingParty could not be mapped to a rosettaField
cdm-sample-files/cftc-event-scenarios/Example-03-Submission-1.xml,Fail_MappedNone,trade.tradeHeader.partyTradeInformation(0).relatedBusinessUnit.businessUnitReference[href=desk1].href,trade.tradeHeader.partyTradeInformation.relatedBusinessUnit.businessUnitReference[href=desk1].href,0,,Element with value desk1 could not be mapped to a rosettaField
cdm-sample-files/cftc-event-scenarios/Example-03-Submission-1.xml,Fail_MappedNone,party(0)[id=party1].classification(1)[industryClassificationScheme=http://www.fpml.org/coding-scheme/hkma-rewrite-regulatory-corporate-sector].industryClassificationScheme,party[id=party1].classification[industryClassificationScheme=http://www.fpml.org/coding-scheme/hkma-rewrite-regulatory-corporate-sector].industryClassificationScheme,0,,Element with value http://www.fpml.org/coding-scheme/hkma-rewrite-regulatory-corporate-sector could not be mapped to a rosettaField
cdm-sample-files/cftc-event-scenarios/Example-03-Submission-1.xml,Fail_MappedNone,trade.tradeHeader.partyTradeInformation(1).reportingRegime(4).mandatorilyClearable,trade.tradeHeader.partyTradeInformation.reportingRegime.mandatorilyClearable,0,,Element with value false could not be mapped to a rosettaField
cdm-sample-files/cftc-event-scenarios/Example-03-Submission-1.xml,Fail_MappedNone,trade.tradeHeader.partyTradeInformation(0).reportingRegime(3).reportingPurpose,trade.tradeHeader.partyTradeInformation.reportingRegime.reportingPurpose,0,,Element with value PrimaryEconomicTerms could not be mapped to a rosettaField
cdm-sample-files/cftc-event-scenarios/Example-03-Submission-1.xml,Fail_MappedNone,trade.tradeHeader.partyTradeInformation(0).reportingRegime(1).mandatorilyClearable,trade.tradeHeader.partyTradeInformation.reportingRegime.mandatorilyClearable,0,,Element with value false could not be mapped to a rosettaField
cdm-sample-files/cftc-event-scenarios/Example-03-Submission-1.xml,Fail_MappedNone,trade.tradeHeader.partyTradeInformation(0).reportingRegime(2).entityClassification[entityClassificationScheme=http://www.fpml.org/coding-scheme/esma-entity-classification].entityClassificationScheme,trade.tradeHeader.partyTradeInformation.reportingRegime.entityClassification[entityClassificationScheme=http://www.fpml.org/coding-scheme/esma-entity-classification].entityClassificationScheme,0,,Element with value http://www.fpml.org/coding-scheme/esma-entity-classification could not be mapped to a rosettaField
cdm-sample-files/cftc-event-scenarios/Example-03-Submission-1.xml,Fail_MappedNone,trade.tradeHeader.partyTradeInformation(1).reportingRegime(1).reportingRole,trade.tradeHeader.partyTradeInformation.reportingRegime.reportingRole,0,,Element with value ReportingParty could not be mapped to a rosettaField
cdm-sample-files/cftc-event-scenarios/Example-03-Submission-1.xml,Fail_MappedNone,trade.tradeHeader.partyTradeInformation(0).reportingRegime(5).supervisorRegistration.supervisoryBody,trade.tradeHeader.partyTradeInformation.reportingRegime.supervisorRegistration.supervisoryBody,0,,Element with value CA.AB.ASC could not be mapped to a rosettaField
cdm-sample-files/cftc-event-scenarios/Example-03-Submission-1.xml,Fail_MappedNone,trade.tradeHeader.partyTradeInformation(1).reportingRegime(3).name,trade.tradeHeader.partyTradeInformation.reportingRegime.name,0,,Element with value CSA could not be mapped to a rosettaField
cdm-sample-files/cftc-event-scenarios/Example-03-Submission-1.xml,Fail_MappedNone,trade.tradeHeader.partyTradeInformation(1).reportingRegime(3).mandatorilyClearable,trade.tradeHeader.partyTradeInformation.reportingRegime.mandatorilyClearable,0,,Element with value false could not be mapped to a rosettaField
cdm-sample-files/cftc-event-scenarios/Example-03-Submission-1.xml,Fail_MappedNone,trade.tradeHeader.partyTradeInformation(0).reportingRegime(4).supervisorRegistration.supervisoryBody,trade.tradeHeader.partyTradeInformation.reportingRegime.supervisorRegistration.supervisoryBody,0,,Element with value JFSA could not be mapped to a rosettaField
cdm-sample-files/cftc-event-scenarios/Example-03-Submission-1.xml,Fail_MappedNone,trade.tradeHeader.partyTradeInformation(1).reportingRegime(0).supervisorRegistration.supervisoryBody,trade.tradeHeader.partyTradeInformation.reportingRegime.supervisorRegistration.supervisoryBody,0,,Element with value ESMA could not be mapped to a rosettaField
cdm-sample-files/cftc-event-scenarios/Example-03-Submission-1.xml,Fail_MappedNone,trade.tradeHeader.partyTradeInformation(0).reportingRegime(2).name,trade.tradeHeader.partyTradeInformation.reportingRegime.name,0,,Element with value EMIR could not be mapped to a rosettaField
cdm-sample-files/cftc-event-scenarios/Example-03-Submission-1.xml,Fail_MappedNone,trade.tradeHeader.partyTradeInformation(0).reportingRegime(2).reportingPurpose,trade.tradeHeader.partyTradeInformation.reportingRegime.reportingPurpose,0,,Element with value PrimaryEconomicTerms could not be mapped to a rosettaField
cdm-sample-files/cftc-event-scenarios/Example-03-Submission-1.xml,Fail_MappedNone,trade.tradeHeader.partyTradeInformation(0).executionVenueType,trade.tradeHeader.partyTradeInformation.executionVenueType,0,,Element with value SEF could not be mapped to a rosettaField
cdm-sample-files/cftc-event-scenarios/Example-03-Submission-1.xml,Fail_MappedNone,trade.tradeHeader.partyTradeInformation(1).reportingRegime(0).reportingRole,trade.tradeHeader.partyTradeInformation.reportingRegime.reportingRole,0,,Element with value ReportingParty could not be mapped to a rosettaField
cdm-sample-files/cftc-event-scenarios/Example-03-Submission-1.xml,Fail_MappedNone,trade.tradeHeader.partyTradeInformation(0).reportingRegime(0).mandatorilyClearable,trade.tradeHeader.partyTradeInformation.reportingRegime.mandatorilyClearable,0,,Element with value false could not be mapped to a rosettaField
cdm-sample-files/cftc-event-scenarios/Example-03-Submission-1.xml,Fail_MappedNone,party(0)[id=party1].classification(1)[industryClassificationScheme=http://www.fpml.org/coding-scheme/hkma-rewrite-regulatory-corporate-sector],party[id=party1].classification[industryClassificationScheme=http://www.fpml.org/coding-scheme/hkma-rewrite-regulatory-corporate-sector],0,,Element with value CSDS could not be mapped to a rosettaField
cdm-sample-files/cftc-event-scenarios/Example-03-Submission-1.xml,Fail_MappedNone,trade.tradeHeader.partyTradeInformation(0).collateralizationType,trade.tradeHeader.partyTradeInformation.collateralizationType,0,,Element with value Fully could not be mapped to a rosettaField
cdm-sample-files/cftc-event-scenarios/Example-03-Submission-1.xml,Fail_MappedNone,trade.tradeHeader.partyTradeInformation(0).reportingRegime(3).exceedsClearingThreshold,trade.tradeHeader.partyTradeInformation.reportingRegime.exceedsClearingThreshold,0,,Element with value true could not be mapped to a rosettaField
cdm-sample-files/cftc-event-scenarios/Example-03-Submission-1.xml,Fail_MappedNone,trade.tradeHeader.partyTradeInformation(1).reportingRegime(3).entityClassification[entityClassificationScheme=http://www.fpml.org/coding-scheme/cftc-entity-classification].entityClassificationScheme,trade.tradeHeader.partyTradeInformation.reportingRegime.entityClassification[entityClassificationScheme=http://www.fpml.org/coding-scheme/cftc-entity-classification].entityClassificationScheme,0,,Element with value http://www.fpml.org/coding-scheme/cftc-entity-classification could not be mapped to a rosettaField
cdm-sample-files/cftc-event-scenarios/Example-03-Submission-1.xml,Fail_MappedNone,trade.tradeHeader.partyTradeInformation(0).reportingRegime(5).entityClassification[entityClassificationScheme=http://www.fpml.org/coding-scheme/cftc-entity-classification],trade.tradeHeader.partyTradeInformation.reportingRegime.entityClassification[entityClassificationScheme=http://www.fpml.org/coding-scheme/cftc-entity-classification],0,,Element with value SBSD could not be mapped to a rosettaField
cdm-sample-files/cftc-event-scenarios/Example-03-Submission-1.xml,Fail_MappedNone,trade.tradeHeader.partyTradeInformation(1).reportingRegime(4).name,trade.tradeHeader.partyTradeInformation.reportingRegime.name,0,,Element with value HKTR could not be mapped to a rosettaField
cdm-sample-files/cftc-event-scenarios/Example-03-Submission-1.xml,Fail_MappedNone,trade.tradeHeader.partyTradeInformation(0).reportingRegime(6).reportingRole,trade.tradeHeader.partyTradeInformation.reportingRegime.reportingRole,0,,Element with value ReportingParty could not be mapped to a rosettaField
cdm-sample-files/cftc-event-scenarios/Example-03-Submission-1.xml,Fail_MappedNone,trade.tradeHeader.partyTradeInformation(0).reportingRegime(6).supervisorRegistration.supervisoryBody,trade.tradeHeader.partyTradeInformation.reportingRegime.supervisorRegistration.supervisoryBody,0,,Element with value HKMA could not be mapped to a rosettaField
cdm-sample-files/cftc-event-scenarios/Example-03-Submission-1.xml,Fail_MappedNone,trade.tradeHeader.partyTradeInformation(1).reportingRegime(3).entityClassification[entityClassificationScheme=http://www.fpml.org/coding-scheme/cftc-entity-classification],trade.tradeHeader.partyTradeInformation.reportingRegime.entityClassification[entityClassificationScheme=http://www.fpml.org/coding-scheme/cftc-entity-classification],0,,Element with value SBSD could not be mapped to a rosettaField
cdm-sample-files/cftc-event-scenarios/Example-03-Submission-1.xml,Fail_MappedNone,trade.tradeHeader.partyTradeInformation(1).reportingRegime(0).exceedsClearingThreshold,trade.tradeHeader.partyTradeInformation.reportingRegime.exceedsClearingThreshold,0,,Element with value true could not be mapped to a rosettaField
cdm-sample-files/cftc-event-scenarios/Example-03-Submission-1.xml,Fail_MappedNone,trade.tradeHeader.partyTradeInformation(1).reportingRegime(2).supervisorRegistration.supervisoryBody,trade.tradeHeader.partyTradeInformation.reportingRegime.supervisorRegistration.supervisoryBody,0,,Element with value JFSA could not be mapped to a rosettaField
cdm-sample-files/cftc-event-scenarios/Example-03-Submission-1.xml,Fail_MappedNone,trade.tradeHeader.partyTradeInformation(0).reportingRegime(1).reportingPurpose,trade.tradeHeader.partyTradeInformation.reportingRegime.reportingPurpose,0,,Element with value PrimaryEconomicTerms could not be mapped to a rosettaField
cdm-sample-files/cftc-event-scenarios/Example-03-Submission-1.xml,Fail_MappedNone,trade.tradeHeader.partyTradeInformation(0).reportingRegime(3).name,trade.tradeHeader.partyTradeInformation.reportingRegime.name,0,,Element with value UKEMIR could not be mapped to a rosettaField
cdm-sample-files/cftc-event-scenarios/Example-03-Submission-1.xml,Fail_MappedNone,party(1)[id=party2].classification(1)[industryClassificationScheme=http://www.fpml.org/coding-scheme/hkma-rewrite-regulatory-corporate-sector],party[id=party2].classification[industryClassificationScheme=http://www.fpml.org/coding-scheme/hkma-rewrite-regulatory-corporate-sector],0,,Element with value INUN could not be mapped to a rosettaField
cdm-sample-files/cftc-event-scenarios/Example-03-Submission-1.xml,Fail_MappedNone,trade.tradeHeader.partyTradeInformation(1).reportingRegime(3).reportingRole,trade.tradeHeader.partyTradeInformation.reportingRegime.reportingRole,0,,Element with value ReportingParty could not be mapped to a rosettaField
cdm-sample-files/cftc-event-scenarios/Example-03-Submission-1.xml,Fail_MappedNone,trade.tradeHeader.partyTradeInformation(0).reportingRegime(2).entityClassification[entityClassificationScheme=http://www.fpml.org/coding-scheme/esma-entity-classification],trade.tradeHeader.partyTradeInformation.reportingRegime.entityClassification[entityClassificationScheme=http://www.fpml.org/coding-scheme/esma-entity-classification],0,,Element with value Financial could not be mapped to a rosettaField
cdm-sample-files/cftc-event-scenarios/Example-03-Submission-1.xml,Fail_MappedNone,trade.tradeHeader.partyTradeInformation(1).reportingRegime(1).mandatorilyClearable,trade.tradeHeader.partyTradeInformation.reportingRegime.mandatorilyClearable,0,,Element with value false could not be mapped to a rosettaField
cdm-sample-files/cftc-event-scenarios/Example-03-Submission-1.xml,Fail_MappedNone,party(0)[id=party1].classification(0)[industryClassificationScheme=http://www.fpml.org/coding-scheme/esma-emir-refit-regulatory-corporate-sector],party[id=party1].classification[industryClassificationScheme=http://www.fpml.org/coding-scheme/esma-emir-refit-regulatory-corporate-sector],0,,Element with value CSDS could not be mapped to a rosettaField
cdm-sample-files/cftc-event-scenarios/Example-03-Submission-1.xml,Fail_MappedMultiple,party(0)[id=party1].partyId[partyIdScheme=http://www.fpml.org/coding-scheme/external/iso17442].partyIdScheme,party[id=party1].partyId[partyIdScheme=http://www.fpml.org/coding-scheme/external/iso17442].partyIdScheme,2,ReportableEvent.originatingWorkflowStep.proposedEvent.instruction(0).before.value.trade.party(0).partyId(0).identifierType=[LEI] ReportableEvent.originatingWorkflowStep.proposedEvent.instruction(0).before.value.trade.party(0).partyId(0).identifier.meta.scheme=[http://www.fpml.org/coding-scheme/external/iso17442],Element mapped to multiple rosettaFields
cdm-sample-files/cftc-event-scenarios/Example-03-Submission-1.xml,Fail_MappedNone,trade.tradeHeader.partyTradeInformation(0).reportingRegime(1).reportingRole,trade.tradeHeader.partyTradeInformation.reportingRegime.reportingRole,0,,Element with value ReportingParty could not be mapped to a rosettaField
cdm-sample-files/cftc-event-scenarios/Example-03-Submission-1.xml,Fail_MappedNone,trade.tradeHeader.partyTradeInformation(0).reportingRegime(0).reportingPurpose,trade.tradeHeader.partyTradeInformation.reportingRegime.reportingPurpose,0,,Element with value PrimaryEconomicTerms could not be mapped to a rosettaField
cdm-sample-files/cftc-event-scenarios/Example-03-Submission-1.xml,Fail_MappedNone,trade.tradeHeader.partyTradeInformation(0).reportingRegime(4).name,trade.tradeHeader.partyTradeInformation.reportingRegime.name,0,,Element with value JFSA could not be mapped to a rosettaField
cdm-sample-files/cftc-event-scenarios/Example-03-Submission-1.xml,Fail_MappedNone,trade.tradeHeader.partyTradeInformation(1).reportingRegime(4).entityClassification,trade.tradeHeader.partyTradeInformation.reportingRegime.entityClassification,0,,Element with value Financial could not be mapped to a rosettaField
cdm-sample-files/cftc-event-scenarios/Example-03-Submission-1.xml,Fail_MappedNone,trade.tradeHeader.partyTradeInformation(0).largeSizeTrade,trade.tradeHeader.partyTradeInformation.largeSizeTrade,0,,Element with value false could not be mapped to a rosettaField
cdm-sample-files/cftc-event-scenarios/Example-03-Submission-1.xml,Fail_MappedMultiple,party(1)[id=party2].partyId[partyIdScheme=http://www.fpml.org/coding-scheme/external/iso17442].partyIdScheme,party[id=party2].partyId[partyIdScheme=http://www.fpml.org/coding-scheme/external/iso17442].partyIdScheme,2,ReportableEvent.originatingWorkflowStep.proposedEvent.instruction(0).before.value.trade.party(1).partyId(0).identifier.meta.scheme=[http://www.fpml.org/coding-scheme/external/iso17442] ReportableEvent.originatingWorkflowStep.proposedEvent.instruction(0).before.value.trade.party(1).partyId(0).identifierType=[LEI],Element mapped to multiple rosettaFields
cdm-sample-files/cftc-event-scenarios/Example-03-Submission-1.xml,Fail_MappedNone,trade.tradeHeader.partyTradeInformation(1).reportingRegime(2).reportingRole,trade.tradeHeader.partyTradeInformation.reportingRegime.reportingRole,0,,Element with value ReportingParty could not be mapped to a rosettaField
cdm-sample-files/cftc-event-scenarios/Example-03-Submission-1.xml,Fail_MappedNone,trade.tradeHeader.partyTradeInformation(0).reportingRegime(6).mandatorilyClearable,trade.tradeHeader.partyTradeInformation.reportingRegime.mandatorilyClearable,0,,Element with value false could not be mapped to a rosettaField
cdm-sample-files/cftc-event-scenarios/Example-03-Submission-1.xml,Fail_MappedNone,trade.tradeHeader.partyTradeInformation(0).reportingRegime(3).entityClassification[entityClassificationScheme=http://www.fpml.org/coding-scheme/esma-entity-classification].entityClassificationScheme,trade.tradeHeader.partyTradeInformation.reportingRegime.entityClassification[entityClassificationScheme=http://www.fpml.org/coding-scheme/esma-entity-classification].entityClassificationScheme,0,,Element with value http://www.fpml.org/coding-scheme/esma-entity-classification could not be mapped to a rosettaField
cdm-sample-files/cftc-event-scenarios/Example-03-Submission-1.xml,Fail_MappedNone,trade.tradeHeader.partyTradeInformation(1).reportingRegime(1).supervisorRegistration.supervisoryBody,trade.tradeHeader.partyTradeInformation.reportingRegime.supervisorRegistration.supervisoryBody,0,,Element with value FCA could not be mapped to a rosettaField
cdm-sample-files/cftc-event-scenarios/Example-03-Submission-1.xml,Fail_MappedNone,trade.tradeHeader.partyTradeInformation(1).reportingRegime(1).reportingPurpose,trade.tradeHeader.partyTradeInformation.reportingRegime.reportingPurpose,0,,Element with value PrimaryEconomicTerms could not be mapped to a rosettaField
cdm-sample-files/cftc-event-scenarios/Example-03-Submission-1.xml,Fail_MappedNone,trade.tradeHeader.partyTradeInformation(0).reportingRegime(3).entityClassification[entityClassificationScheme=http://www.fpml.org/coding-scheme/esma-entity-classification],trade.tradeHeader.partyTradeInformation.reportingRegime.entityClassification[entityClassificationScheme=http://www.fpml.org/coding-scheme/esma-entity-classification],0,,Element with value Financial could not be mapped to a rosettaField
cdm-sample-files/cftc-event-scenarios/Example-03-Submission-1.xml,Fail_MappedNone,sequenceNumber,sequenceNumber,0,,Element with value 1 could not be mapped to a rosettaField
cdm-sample-files/cftc-event-scenarios/Example-03-Submission-1.xml,Fail_MappedNone,trade.tradeHeader.partyTradeInformation(0).reportingRegime(5).name,trade.tradeHeader.partyTradeInformation.reportingRegime.name,0,,Element with value CSA could not be mapped to a rosettaField
cdm-sample-files/cftc-event-scenarios/Example-03-Submission-1.xml,Fail_MappedNone,trade.tradeHeader.partyTradeInformation(1).reportingRegime(0).mandatorilyClearable,trade.tradeHeader.partyTradeInformation.reportingRegime.mandatorilyClearable,0,,Element with value false could not be mapped to a rosettaField
cdm-sample-files/cftc-event-scenarios/Example-03-Submission-1.xml,Fail_MappedNone,trade.tradeHeader.partyTradeInformation(0).reportingRegime(0).supervisorRegistration.supervisoryBody,trade.tradeHeader.partyTradeInformation.reportingRegime.supervisorRegistration.supervisoryBody,0,,Element with value CFTC could not be mapped to a rosettaField
cdm-sample-files/cftc-event-scenarios/Example-03-Submission-1.xml,Fail_MappedNone,party(1)[id=party2].classification(0)[industryClassificationScheme=http://www.fpml.org/coding-scheme/esma-emir-refit-regulatory-corporate-sector],party[id=party2].classification[industryClassificationScheme=http://www.fpml.org/coding-scheme/esma-emir-refit-regulatory-corporate-sector],0,,Element with value INUN could not be mapped to a rosettaField
cdm-sample-files/cftc-event-scenarios/Example-03-Submission-1.xml,Fail_MappedNone,trade.tradeHeader.partyTradeInformation(0).reportingRegime(0).reportingRole,trade.tradeHeader.partyTradeInformation.reportingRegime.reportingRole,0,,Element with value ReportingParty could not be mapped to a rosettaField
cdm-sample-files/cftc-event-scenarios/Example-04-Submission-1.xml,Fail_MappedNone,trade.tradeHeader.partyTradeInformation(0).reportingRegime(2).supervisorRegistration.supervisoryBody,trade.tradeHeader.partyTradeInformation.reportingRegime.supervisorRegistration.supervisoryBody,0,,Element with value ESMA could not be mapped to a rosettaField
cdm-sample-files/cftc-event-scenarios/Example-04-Submission-1.xml,Fail_MappedNone,trade.tradeHeader.partyTradeInformation(1).reportingRegime(1).entityClassification[entityClassificationScheme=http://www.fpml.org/coding-scheme/esma-entity-classification],trade.tradeHeader.partyTradeInformation.reportingRegime.entityClassification[entityClassificationScheme=http://www.fpml.org/coding-scheme/esma-entity-classification],0,,Element with value Financial could not be mapped to a rosettaField
cdm-sample-files/cftc-event-scenarios/Example-04-Submission-1.xml,Fail_MappedNone,correlationId[correlationIdScheme=http://fpml.org/submitter_trade_id].correlationIdScheme,correlationId[correlationIdScheme=http://fpml.org/submitter_trade_id].correlationIdScheme,0,,Element with value http://fpml.org/submitter_trade_id could not be mapped to a rosettaField
cdm-sample-files/cftc-event-scenarios/Example-04-Submission-1.xml,Fail_MappedNone,trade.tradeHeader.partyTradeInformation(1).reportingRegime(0).reportingPurpose,trade.tradeHeader.partyTradeInformation.reportingRegime.reportingPurpose,0,,Element with value PrimaryEconomicTerms could not be mapped to a rosettaField
cdm-sample-files/cftc-event-scenarios/Example-04-Submission-1.xml,Fail_MappedNone,party(1)[id=party2].classification(0)[industryClassificationScheme=http://www.fpml.org/coding-scheme/esma-emir-refit-regulatory-corporate-sector].industryClassificationScheme,party[id=party2].classification[industryClassificationScheme=http://www.fpml.org/coding-scheme/esma-emir-refit-regulatory-corporate-sector].industryClassificationScheme,0,,Element with value http://www.fpml.org/coding-scheme/esma-emir-refit-regulatory-corporate-sector could not be mapped to a rosettaField
cdm-sample-files/cftc-event-scenarios/Example-04-Submission-1.xml,Fail_MappedNone,trade.tradeHeader.partyTradeInformation(0).reportingRegime(5).mandatorilyClearable,trade.tradeHeader.partyTradeInformation.reportingRegime.mandatorilyClearable,0,,Element with value false could not be mapped to a rosettaField
cdm-sample-files/cftc-event-scenarios/Example-04-Submission-1.xml,Fail_MappedNone,trade.tradeHeader.partyTradeInformation(0).offMarketPrice,trade.tradeHeader.partyTradeInformation.offMarketPrice,0,,Element with value false could not be mapped to a rosettaField
cdm-sample-files/cftc-event-scenarios/Example-04-Submission-1.xml,Fail_MappedNone,trade.tradeHeader.partyTradeInformation(1).reportingRegime(1).entityClassification[entityClassificationScheme=http://www.fpml.org/coding-scheme/esma-entity-classification].entityClassificationScheme,trade.tradeHeader.partyTradeInformation.reportingRegime.entityClassification[entityClassificationScheme=http://www.fpml.org/coding-scheme/esma-entity-classification].entityClassificationScheme,0,,Element with value http://www.fpml.org/coding-scheme/esma-entity-classification could not be mapped to a rosettaField
cdm-sample-files/cftc-event-scenarios/Example-04-Submission-1.xml,Fail_MappedNone,trade.tradeHeader.partyTradeInformation(0).relatedBusinessUnit.role,trade.tradeHeader.partyTradeInformation.relatedBusinessUnit.role,0,,Element with value TradingDesk could not be mapped to a rosettaField
cdm-sample-files/cftc-event-scenarios/Example-04-Submission-1.xml,Fail_MappedNone,trade.tradeHeader.partyTradeInformation(0).reportingRegime(6).name,trade.tradeHeader.partyTradeInformation.reportingRegime.name,0,,Element with value HKTR could not be mapped to a rosettaField
cdm-sample-files/cftc-event-scenarios/Example-04-Submission-1.xml,Fail_MappedNone,trade.tradeHeader.partyTradeInformation(0).reportingRegime(3).reportingRole,trade.tradeHeader.partyTradeInformation.reportingRegime.reportingRole,0,,Element with value ReportingParty could not be mapped to a rosettaField
cdm-sample-files/cftc-event-scenarios/Example-04-Submission-1.xml,Fail_MappedNone,trade.tradeHeader.partyTradeInformation(0).reportingRegime(5).entityClassification[entityClassificationScheme=http://www.fpml.org/coding-scheme/cftc-entity-classification].entityClassificationScheme,trade.tradeHeader.partyTradeInformation.reportingRegime.entityClassification[entityClassificationScheme=http://www.fpml.org/coding-scheme/cftc-entity-classification].entityClassificationScheme,0,,Element with value http://www.fpml.org/coding-scheme/cftc-entity-classification could not be mapped to a rosettaField
cdm-sample-files/cftc-event-scenarios/Example-04-Submission-1.xml,Fail_MappedNone,trade.tradeHeader.partyTradeInformation(1).reportingRegime(1).exceedsClearingThreshold,trade.tradeHeader.partyTradeInformation.reportingRegime.exceedsClearingThreshold,0,,Element with value true could not be mapped to a rosettaField
cdm-sample-files/cftc-event-scenarios/Example-04-Submission-1.xml,Fail_MappedNone,trade.tradeHeader.partyTradeInformation(1).reportingRegime(0).entityClassification[entityClassificationScheme=http://www.fpml.org/coding-scheme/esma-entity-classification].entityClassificationScheme,trade.tradeHeader.partyTradeInformation.reportingRegime.entityClassification[entityClassificationScheme=http://www.fpml.org/coding-scheme/esma-entity-classification].entityClassificationScheme,0,,Element with value http://www.fpml.org/coding-scheme/esma-entity-classification could not be mapped to a rosettaField
cdm-sample-files/cftc-event-scenarios/Example-04-Submission-1.xml,Fail_MappedNone,trade.tradeHeader.partyTradeInformation(1).reportingRegime(3).supervisorRegistration.supervisoryBody,trade.tradeHeader.partyTradeInformation.reportingRegime.supervisorRegistration.supervisoryBody,0,,Element with value CA.AB.ASC could not be mapped to a rosettaField
cdm-sample-files/cftc-event-scenarios/Example-04-Submission-1.xml,Fail_MappedNone,party(1)[id=party2].classification(1)[industryClassificationScheme=http://www.fpml.org/coding-scheme/hkma-rewrite-regulatory-corporate-sector].industryClassificationScheme,party[id=party2].classification[industryClassificationScheme=http://www.fpml.org/coding-scheme/hkma-rewrite-regulatory-corporate-sector].industryClassificationScheme,0,,Element with value http://www.fpml.org/coding-scheme/hkma-rewrite-regulatory-corporate-sector could not be mapped to a rosettaField
cdm-sample-files/cftc-event-scenarios/Example-04-Submission-1.xml,Fail_MappedNone,trade.tradeHeader.partyTradeInformation(1).reportingRegime(4).reportingRole,trade.tradeHeader.partyTradeInformation.reportingRegime.reportingRole,0,,Element with value ReportingParty could not be mapped to a rosettaField
cdm-sample-files/cftc-event-scenarios/Example-04-Submission-1.xml,Fail_MappedNone,trade.tradeHeader.partyTradeInformation(0).reportingRegime(1).supervisorRegistration.supervisoryBody,trade.tradeHeader.partyTradeInformation.reportingRegime.supervisorRegistration.supervisoryBody,0,,Element with value SEC could not be mapped to a rosettaField
cdm-sample-files/cftc-event-scenarios/Example-04-Submission-1.xml,Fail_MappedNone,party(0)[id=party1].organizationType,party[id=party1].organizationType,0,,Element with value SD could not be mapped to a rosettaField
cdm-sample-files/cftc-event-scenarios/Example-04-Submission-1.xml,Fail_MappedNone,trade.tradeHeader.partyTradeInformation(1).reportingRegime(0).name,trade.tradeHeader.partyTradeInformation.reportingRegime.name,0,,Element with value EMIR could not be mapped to a rosettaField
cdm-sample-files/cftc-event-scenarios/Example-04-Submission-1.xml,Fail_MappedMultiple,party(2)[id=broker1].partyId[partyIdScheme=http://www.fpml.org/coding-scheme/external/iso17442].partyIdScheme,party[id=broker1].partyId[partyIdScheme=http://www.fpml.org/coding-scheme/external/iso17442].partyIdScheme,2,ReportableEvent.originatingWorkflowStep.proposedEvent.instruction(0).before.value.trade.party(2).partyId(0).identifierType=[LEI] ReportableEvent.originatingWorkflowStep.proposedEvent.instruction(0).before.value.trade.party(2).partyId(0).identifier.meta.scheme=[http://www.fpml.org/coding-scheme/external/iso17442],Element mapped to multiple rosettaFields
cdm-sample-files/cftc-event-scenarios/Example-04-Submission-1.xml,Fail_MappedNone,trade.tradeHeader.partyTradeInformation(0).reportingRegime(2).reportingRole,trade.tradeHeader.partyTradeInformation.reportingRegime.reportingRole,0,,Element with value ReportingParty could not be mapped to a rosettaField
cdm-sample-files/cftc-event-scenarios/Example-04-Submission-1.xml,Fail_MappedMultiple,party(3)[id=clearing-svc].partyId[partyIdScheme=http://www.fpml.org/coding-scheme/external/iso17442].partyIdScheme,party[id=clearing-svc].partyId[partyIdScheme=http://www.fpml.org/coding-scheme/external/iso17442].partyIdScheme,2,ReportableEvent.originatingWorkflowStep.proposedEvent.instruction(0).before.value.trade.party(3).partyId(0).identifierType=[LEI] ReportableEvent.originatingWorkflowStep.proposedEvent.instruction(0).before.value.trade.party(3).partyId(0).identifier.meta.scheme=[http://www.fpml.org/coding-scheme/external/iso17442],Element mapped to multiple rosettaFields
cdm-sample-files/cftc-event-scenarios/Example-04-Submission-1.xml,Fail_MappedNone,trade.tradeHeader.partyTradeInformation(0).reportingRegime(3).mandatorilyClearable,trade.tradeHeader.partyTradeInformation.reportingRegime.mandatorilyClearable,0,,Element with value false could not be mapped to a rosettaField
cdm-sample-files/cftc-event-scenarios/Example-04-Submission-1.xml,Fail_MappedNone,party(1)[id=party2].organizationType,party[id=party2].organizationType,0,,Element with value SD could not be mapped to a rosettaField
cdm-sample-files/cftc-event-scenarios/Example-04-Submission-1.xml,Fail_MappedNone,trade.tradeHeader.partyTradeInformation(0).reportingRegime(2).exceedsClearingThreshold,trade.tradeHeader.partyTradeInformation.reportingRegime.exceedsClearingThreshold,0,,Element with value true could not be mapped to a rosettaField
cdm-sample-files/cftc-event-scenarios/Example-04-Submission-1.xml,Fail_MappedNone,trade.tradeHeader.partyTradeInformation(1).reportingRegime(1).name,trade.tradeHeader.partyTradeInformation.reportingRegime.name,0,,Element with value UKEMIR could not be mapped to a rosettaField
cdm-sample-files/cftc-event-scenarios/Example-04-Submission-1.xml,Fail_MappedNone,trade.tradeHeader.partyTradeInformation(0).reportingRegime(6).entityClassification,trade.tradeHeader.partyTradeInformation.reportingRegime.entityClassification,0,,Element with value Financial could not be mapped to a rosettaField
cdm-sample-files/cftc-event-scenarios/Example-04-Submission-1.xml,Fail_MappedNone,onBehalfOf.partyReference[href=party1].href,onBehalfOf.partyReference[href=party1].href,0,,Element with value party1 could not be mapped to a rosettaField
cdm-sample-files/cftc-event-scenarios/Example-04-Submission-1.xml,Fail_MappedNone,trade.tradeHeader.partyTradeInformation(0).reportingRegime(5).reportingRole,trade.tradeHeader.partyTradeInformation.reportingRegime.reportingRole,0,,Element with value ReportingParty could not be mapped to a rosettaField
cdm-sample-files/cftc-event-scenarios/Example-04-Submission-1.xml,Fail_MappedNone,party(0)[id=party1].classification(0)[industryClassificationScheme=http://www.fpml.org/coding-scheme/esma-emir-refit-regulatory-corporate-sector].industryClassificationScheme,party[id=party1].classification[industryClassificationScheme=http://www.fpml.org/coding-scheme/esma-emir-refit-regulatory-corporate-sector].industryClassificationScheme,0,,Element with value http://www.fpml.org/coding-scheme/esma-emir-refit-regulatory-corporate-sector could not be mapped to a rosettaField
cdm-sample-files/cftc-event-scenarios/Example-04-Submission-1.xml,Fail_MappedNone,trade.tradeHeader.partyTradeInformation(1).reportingRegime(0).entityClassification[entityClassificationScheme=http://www.fpml.org/coding-scheme/esma-entity-classification],trade.tradeHeader.partyTradeInformation.reportingRegime.entityClassification[entityClassificationScheme=http://www.fpml.org/coding-scheme/esma-entity-classification],0,,Element with value Financial could not be mapped to a rosettaField
cdm-sample-files/cftc-event-scenarios/Example-04-Submission-1.xml,Fail_MappedNone,trade.tradeHeader.partyTradeInformation(0).reportingRegime(2).mandatorilyClearable,trade.tradeHeader.partyTradeInformation.reportingRegime.mandatorilyClearable,0,,Element with value false could not be mapped to a rosettaField
cdm-sample-files/cftc-event-scenarios/Example-04-Submission-1.xml,Fail_MappedNone,trade.tradeHeader.partyTradeInformation(0).reportingRegime(3).supervisorRegistration.supervisoryBody,trade.tradeHeader.partyTradeInformation.reportingRegime.supervisorRegistration.supervisoryBody,0,,Element with value FCA could not be mapped to a rosettaField
cdm-sample-files/cftc-event-scenarios/Example-04-Submission-1.xml,Fail_MappedNone,trade.tradeHeader.partyTradeInformation(0).executionType,trade.tradeHeader.partyTradeInformation.executionType,0,,Element with value Electronic could not be mapped to a rosettaField
cdm-sample-files/cftc-event-scenarios/Example-04-Submission-1.xml,Fail_MappedNone,trade.tradeHeader.partyTradeInformation(1).reportingRegime(2).name,trade.tradeHeader.partyTradeInformation.reportingRegime.name,0,,Element with value JFSA could not be mapped to a rosettaField
cdm-sample-files/cftc-event-scenarios/Example-04-Submission-1.xml,Fail_MappedNone,correlationId[correlationIdScheme=http://fpml.org/submitter_trade_id],correlationId[correlationIdScheme=http://fpml.org/submitter_trade_id],0,,Element with value TW9235 could not be mapped to a rosettaField
cdm-sample-files/cftc-event-scenarios/Example-04-Submission-1.xml,Fail_MappedNone,trade.tradeHeader.partyTradeInformation(1).reportingRegime(4).supervisorRegistration.supervisoryBody,trade.tradeHeader.partyTradeInformation.reportingRegime.supervisorRegistration.supervisoryBody,0,,Element with value HKMA could not be mapped to a rosettaField
cdm-sample-files/cftc-event-scenarios/Example-04-Submission-1.xml,Fail_MappedNone,trade.tradeHeader.partyTradeInformation(0).reportingRegime(4).reportingRole,trade.tradeHeader.partyTradeInformation.reportingRegime.reportingRole,0,,Element with value ReportingParty could not be mapped to a rosettaField
cdm-sample-files/cftc-event-scenarios/Example-04-Submission-1.xml,Fail_MappedNone,trade.tradeHeader.partyTradeInformation(0).relatedBusinessUnit.businessUnitReference[href=desk1].href,trade.tradeHeader.partyTradeInformation.relatedBusinessUnit.businessUnitReference[href=desk1].href,0,,Element with value desk1 could not be mapped to a rosettaField
cdm-sample-files/cftc-event-scenarios/Example-04-Submission-1.xml,Fail_MappedNone,party(0)[id=party1].classification(1)[industryClassificationScheme=http://www.fpml.org/coding-scheme/hkma-rewrite-regulatory-corporate-sector].industryClassificationScheme,party[id=party1].classification[industryClassificationScheme=http://www.fpml.org/coding-scheme/hkma-rewrite-regulatory-corporate-sector].industryClassificationScheme,0,,Element with value http://www.fpml.org/coding-scheme/hkma-rewrite-regulatory-corporate-sector could not be mapped to a rosettaField
cdm-sample-files/cftc-event-scenarios/Example-04-Submission-1.xml,Fail_MappedNone,trade.tradeHeader.partyTradeInformation(1).reportingRegime(4).mandatorilyClearable,trade.tradeHeader.partyTradeInformation.reportingRegime.mandatorilyClearable,0,,Element with value false could not be mapped to a rosettaField
cdm-sample-files/cftc-event-scenarios/Example-04-Submission-1.xml,Fail_MappedNone,trade.tradeHeader.partyTradeInformation(0).reportingRegime(3).reportingPurpose,trade.tradeHeader.partyTradeInformation.reportingRegime.reportingPurpose,0,,Element with value PrimaryEconomicTerms could not be mapped to a rosettaField
cdm-sample-files/cftc-event-scenarios/Example-04-Submission-1.xml,Fail_MappedNone,trade.tradeHeader.partyTradeInformation(0).reportingRegime(1).mandatorilyClearable,trade.tradeHeader.partyTradeInformation.reportingRegime.mandatorilyClearable,0,,Element with value false could not be mapped to a rosettaField
cdm-sample-files/cftc-event-scenarios/Example-04-Submission-1.xml,Fail_MappedNone,trade.tradeHeader.partyTradeInformation(0).reportingRegime(2).entityClassification[entityClassificationScheme=http://www.fpml.org/coding-scheme/esma-entity-classification].entityClassificationScheme,trade.tradeHeader.partyTradeInformation.reportingRegime.entityClassification[entityClassificationScheme=http://www.fpml.org/coding-scheme/esma-entity-classification].entityClassificationScheme,0,,Element with value http://www.fpml.org/coding-scheme/esma-entity-classification could not be mapped to a rosettaField
cdm-sample-files/cftc-event-scenarios/Example-04-Submission-1.xml,Fail_MappedNone,trade.tradeHeader.partyTradeInformation(1).reportingRegime(1).reportingRole,trade.tradeHeader.partyTradeInformation.reportingRegime.reportingRole,0,,Element with value ReportingParty could not be mapped to a rosettaField
cdm-sample-files/cftc-event-scenarios/Example-04-Submission-1.xml,Fail_MappedNone,trade.tradeHeader.partyTradeInformation(0).reportingRegime(5).supervisorRegistration.supervisoryBody,trade.tradeHeader.partyTradeInformation.reportingRegime.supervisorRegistration.supervisoryBody,0,,Element with value CA.AB.ASC could not be mapped to a rosettaField
cdm-sample-files/cftc-event-scenarios/Example-04-Submission-1.xml,Fail_MappedNone,trade.tradeHeader.partyTradeInformation(1).reportingRegime(3).name,trade.tradeHeader.partyTradeInformation.reportingRegime.name,0,,Element with value CSA could not be mapped to a rosettaField
cdm-sample-files/cftc-event-scenarios/Example-04-Submission-1.xml,Fail_MappedNone,trade.tradeHeader.partyTradeInformation(1).reportingRegime(3).mandatorilyClearable,trade.tradeHeader.partyTradeInformation.reportingRegime.mandatorilyClearable,0,,Element with value false could not be mapped to a rosettaField
cdm-sample-files/cftc-event-scenarios/Example-04-Submission-1.xml,Fail_MappedNone,trade.tradeHeader.partyTradeInformation(0).reportingRegime(4).supervisorRegistration.supervisoryBody,trade.tradeHeader.partyTradeInformation.reportingRegime.supervisorRegistration.supervisoryBody,0,,Element with value JFSA could not be mapped to a rosettaField
cdm-sample-files/cftc-event-scenarios/Example-04-Submission-1.xml,Fail_MappedNone,trade.tradeHeader.partyTradeInformation(1).reportingRegime(0).supervisorRegistration.supervisoryBody,trade.tradeHeader.partyTradeInformation.reportingRegime.supervisorRegistration.supervisoryBody,0,,Element with value ESMA could not be mapped to a rosettaField
cdm-sample-files/cftc-event-scenarios/Example-04-Submission-1.xml,Fail_MappedNone,trade.tradeHeader.partyTradeInformation(0).reportingRegime(2).name,trade.tradeHeader.partyTradeInformation.reportingRegime.name,0,,Element with value EMIR could not be mapped to a rosettaField
cdm-sample-files/cftc-event-scenarios/Example-04-Submission-1.xml,Fail_MappedNone,trade.tradeHeader.partyTradeInformation(0).reportingRegime(2).reportingPurpose,trade.tradeHeader.partyTradeInformation.reportingRegime.reportingPurpose,0,,Element with value PrimaryEconomicTerms could not be mapped to a rosettaField
cdm-sample-files/cftc-event-scenarios/Example-04-Submission-1.xml,Fail_MappedNone,trade.tradeHeader.partyTradeInformation(0).executionVenueType,trade.tradeHeader.partyTradeInformation.executionVenueType,0,,Element with value SEF could not be mapped to a rosettaField
cdm-sample-files/cftc-event-scenarios/Example-04-Submission-1.xml,Fail_MappedNone,trade.tradeHeader.partyTradeInformation(1).reportingRegime(0).reportingRole,trade.tradeHeader.partyTradeInformation.reportingRegime.reportingRole,0,,Element with value ReportingParty could not be mapped to a rosettaField
cdm-sample-files/cftc-event-scenarios/Example-04-Submission-1.xml,Fail_MappedNone,trade.tradeHeader.partyTradeInformation(0).reportingRegime(0).mandatorilyClearable,trade.tradeHeader.partyTradeInformation.reportingRegime.mandatorilyClearable,0,,Element with value false could not be mapped to a rosettaField
cdm-sample-files/cftc-event-scenarios/Example-04-Submission-1.xml,Fail_MappedNone,party(0)[id=party1].classification(1)[industryClassificationScheme=http://www.fpml.org/coding-scheme/hkma-rewrite-regulatory-corporate-sector],party[id=party1].classification[industryClassificationScheme=http://www.fpml.org/coding-scheme/hkma-rewrite-regulatory-corporate-sector],0,,Element with value AIFD could not be mapped to a rosettaField
cdm-sample-files/cftc-event-scenarios/Example-04-Submission-1.xml,Fail_MappedNone,trade.tradeHeader.partyTradeInformation(0).collateralizationType,trade.tradeHeader.partyTradeInformation.collateralizationType,0,,Element with value Fully could not be mapped to a rosettaField
cdm-sample-files/cftc-event-scenarios/Example-04-Submission-1.xml,Fail_MappedNone,trade.tradeHeader.partyTradeInformation(0).reportingRegime(3).exceedsClearingThreshold,trade.tradeHeader.partyTradeInformation.reportingRegime.exceedsClearingThreshold,0,,Element with value true could not be mapped to a rosettaField
cdm-sample-files/cftc-event-scenarios/Example-04-Submission-1.xml,Fail_MappedNone,trade.tradeHeader.partyTradeInformation(1).reportingRegime(3).entityClassification[entityClassificationScheme=http://www.fpml.org/coding-scheme/cftc-entity-classification].entityClassificationScheme,trade.tradeHeader.partyTradeInformation.reportingRegime.entityClassification[entityClassificationScheme=http://www.fpml.org/coding-scheme/cftc-entity-classification].entityClassificationScheme,0,,Element with value http://www.fpml.org/coding-scheme/cftc-entity-classification could not be mapped to a rosettaField
cdm-sample-files/cftc-event-scenarios/Example-04-Submission-1.xml,Fail_MappedNone,trade.tradeHeader.partyTradeInformation(0).reportingRegime(5).entityClassification[entityClassificationScheme=http://www.fpml.org/coding-scheme/cftc-entity-classification],trade.tradeHeader.partyTradeInformation.reportingRegime.entityClassification[entityClassificationScheme=http://www.fpml.org/coding-scheme/cftc-entity-classification],0,,Element with value SBSD could not be mapped to a rosettaField
cdm-sample-files/cftc-event-scenarios/Example-04-Submission-1.xml,Fail_MappedNone,trade.tradeHeader.partyTradeInformation(1).reportingRegime(4).name,trade.tradeHeader.partyTradeInformation.reportingRegime.name,0,,Element with value HKTR could not be mapped to a rosettaField
cdm-sample-files/cftc-event-scenarios/Example-04-Submission-1.xml,Fail_MappedNone,trade.tradeHeader.partyTradeInformation(0).reportingRegime(6).reportingRole,trade.tradeHeader.partyTradeInformation.reportingRegime.reportingRole,0,,Element with value ReportingParty could not be mapped to a rosettaField
cdm-sample-files/cftc-event-scenarios/Example-04-Submission-1.xml,Fail_MappedNone,trade.tradeHeader.partyTradeInformation(0).reportingRegime(6).supervisorRegistration.supervisoryBody,trade.tradeHeader.partyTradeInformation.reportingRegime.supervisorRegistration.supervisoryBody,0,,Element with value HKMA could not be mapped to a rosettaField
cdm-sample-files/cftc-event-scenarios/Example-04-Submission-1.xml,Fail_MappedNone,trade.tradeHeader.partyTradeInformation(1).reportingRegime(3).entityClassification[entityClassificationScheme=http://www.fpml.org/coding-scheme/cftc-entity-classification],trade.tradeHeader.partyTradeInformation.reportingRegime.entityClassification[entityClassificationScheme=http://www.fpml.org/coding-scheme/cftc-entity-classification],0,,Element with value SBSD could not be mapped to a rosettaField
cdm-sample-files/cftc-event-scenarios/Example-04-Submission-1.xml,Fail_MappedNone,trade.tradeHeader.partyTradeInformation(1).reportingRegime(0).exceedsClearingThreshold,trade.tradeHeader.partyTradeInformation.reportingRegime.exceedsClearingThreshold,0,,Element with value true could not be mapped to a rosettaField
cdm-sample-files/cftc-event-scenarios/Example-04-Submission-1.xml,Fail_MappedNone,trade.tradeHeader.partyTradeInformation(1).reportingRegime(2).supervisorRegistration.supervisoryBody,trade.tradeHeader.partyTradeInformation.reportingRegime.supervisorRegistration.supervisoryBody,0,,Element with value JFSA could not be mapped to a rosettaField
cdm-sample-files/cftc-event-scenarios/Example-04-Submission-1.xml,Fail_MappedNone,trade.tradeHeader.partyTradeInformation(0).reportingRegime(1).reportingPurpose,trade.tradeHeader.partyTradeInformation.reportingRegime.reportingPurpose,0,,Element with value PrimaryEconomicTerms could not be mapped to a rosettaField
cdm-sample-files/cftc-event-scenarios/Example-04-Submission-1.xml,Fail_MappedNone,trade.tradeHeader.partyTradeInformation(0).reportingRegime(3).name,trade.tradeHeader.partyTradeInformation.reportingRegime.name,0,,Element with value UKEMIR could not be mapped to a rosettaField
cdm-sample-files/cftc-event-scenarios/Example-04-Submission-1.xml,Fail_MappedNone,party(1)[id=party2].classification(1)[industryClassificationScheme=http://www.fpml.org/coding-scheme/hkma-rewrite-regulatory-corporate-sector],party[id=party2].classification[industryClassificationScheme=http://www.fpml.org/coding-scheme/hkma-rewrite-regulatory-corporate-sector],0,,Element with value CDTI could not be mapped to a rosettaField
cdm-sample-files/cftc-event-scenarios/Example-04-Submission-1.xml,Fail_MappedNone,trade.tradeHeader.partyTradeInformation(1).reportingRegime(3).reportingRole,trade.tradeHeader.partyTradeInformation.reportingRegime.reportingRole,0,,Element with value ReportingParty could not be mapped to a rosettaField
cdm-sample-files/cftc-event-scenarios/Example-04-Submission-1.xml,Fail_MappedNone,trade.tradeHeader.partyTradeInformation(0).reportingRegime(2).entityClassification[entityClassificationScheme=http://www.fpml.org/coding-scheme/esma-entity-classification],trade.tradeHeader.partyTradeInformation.reportingRegime.entityClassification[entityClassificationScheme=http://www.fpml.org/coding-scheme/esma-entity-classification],0,,Element with value Financial could not be mapped to a rosettaField
cdm-sample-files/cftc-event-scenarios/Example-04-Submission-1.xml,Fail_MappedNone,trade.tradeHeader.partyTradeInformation(1).reportingRegime(1).mandatorilyClearable,trade.tradeHeader.partyTradeInformation.reportingRegime.mandatorilyClearable,0,,Element with value false could not be mapped to a rosettaField
cdm-sample-files/cftc-event-scenarios/Example-04-Submission-1.xml,Fail_MappedNone,party(0)[id=party1].classification(0)[industryClassificationScheme=http://www.fpml.org/coding-scheme/esma-emir-refit-regulatory-corporate-sector],party[id=party1].classification[industryClassificationScheme=http://www.fpml.org/coding-scheme/esma-emir-refit-regulatory-corporate-sector],0,,Element with value AIFD could not be mapped to a rosettaField
cdm-sample-files/cftc-event-scenarios/Example-04-Submission-1.xml,Fail_MappedMultiple,party(0)[id=party1].partyId[partyIdScheme=http://www.fpml.org/coding-scheme/external/iso17442].partyIdScheme,party[id=party1].partyId[partyIdScheme=http://www.fpml.org/coding-scheme/external/iso17442].partyIdScheme,2,ReportableEvent.originatingWorkflowStep.proposedEvent.instruction(0).before.value.trade.party(0).partyId(0).identifierType=[LEI] ReportableEvent.originatingWorkflowStep.proposedEvent.instruction(0).before.value.trade.party(0).partyId(0).identifier.meta.scheme=[http://www.fpml.org/coding-scheme/external/iso17442],Element mapped to multiple rosettaFields
cdm-sample-files/cftc-event-scenarios/Example-04-Submission-1.xml,Fail_MappedNone,trade.tradeHeader.partyTradeInformation(0).reportingRegime(1).reportingRole,trade.tradeHeader.partyTradeInformation.reportingRegime.reportingRole,0,,Element with value ReportingParty could not be mapped to a rosettaField
cdm-sample-files/cftc-event-scenarios/Example-04-Submission-1.xml,Fail_MappedNone,trade.tradeHeader.partyTradeInformation(0).reportingRegime(0).reportingPurpose,trade.tradeHeader.partyTradeInformation.reportingRegime.reportingPurpose,0,,Element with value PrimaryEconomicTerms could not be mapped to a rosettaField
cdm-sample-files/cftc-event-scenarios/Example-04-Submission-1.xml,Fail_MappedNone,trade.tradeHeader.partyTradeInformation(0).reportingRegime(4).name,trade.tradeHeader.partyTradeInformation.reportingRegime.name,0,,Element with value JFSA could not be mapped to a rosettaField
cdm-sample-files/cftc-event-scenarios/Example-04-Submission-1.xml,Fail_MappedNone,trade.tradeHeader.partyTradeInformation(1).reportingRegime(4).entityClassification,trade.tradeHeader.partyTradeInformation.reportingRegime.entityClassification,0,,Element with value Financial could not be mapped to a rosettaField
cdm-sample-files/cftc-event-scenarios/Example-04-Submission-1.xml,Fail_MappedNone,trade.tradeHeader.partyTradeInformation(0).largeSizeTrade,trade.tradeHeader.partyTradeInformation.largeSizeTrade,0,,Element with value false could not be mapped to a rosettaField
cdm-sample-files/cftc-event-scenarios/Example-04-Submission-1.xml,Fail_MappedMultiple,party(1)[id=party2].partyId[partyIdScheme=http://www.fpml.org/coding-scheme/external/iso17442].partyIdScheme,party[id=party2].partyId[partyIdScheme=http://www.fpml.org/coding-scheme/external/iso17442].partyIdScheme,2,ReportableEvent.originatingWorkflowStep.proposedEvent.instruction(0).before.value.trade.party(1).partyId(0).identifier.meta.scheme=[http://www.fpml.org/coding-scheme/external/iso17442] ReportableEvent.originatingWorkflowStep.proposedEvent.instruction(0).before.value.trade.party(1).partyId(0).identifierType=[LEI],Element mapped to multiple rosettaFields
cdm-sample-files/cftc-event-scenarios/Example-04-Submission-1.xml,Fail_MappedNone,trade.tradeHeader.partyTradeInformation(1).reportingRegime(2).reportingRole,trade.tradeHeader.partyTradeInformation.reportingRegime.reportingRole,0,,Element with value ReportingParty could not be mapped to a rosettaField
cdm-sample-files/cftc-event-scenarios/Example-04-Submission-1.xml,Fail_MappedNone,trade.tradeHeader.partyTradeInformation(0).reportingRegime(6).mandatorilyClearable,trade.tradeHeader.partyTradeInformation.reportingRegime.mandatorilyClearable,0,,Element with value false could not be mapped to a rosettaField
cdm-sample-files/cftc-event-scenarios/Example-04-Submission-1.xml,Fail_MappedNone,trade.tradeHeader.partyTradeInformation(0).reportingRegime(3).entityClassification[entityClassificationScheme=http://www.fpml.org/coding-scheme/esma-entity-classification].entityClassificationScheme,trade.tradeHeader.partyTradeInformation.reportingRegime.entityClassification[entityClassificationScheme=http://www.fpml.org/coding-scheme/esma-entity-classification].entityClassificationScheme,0,,Element with value http://www.fpml.org/coding-scheme/esma-entity-classification could not be mapped to a rosettaField
cdm-sample-files/cftc-event-scenarios/Example-04-Submission-1.xml,Fail_MappedNone,trade.tradeHeader.partyTradeInformation(1).reportingRegime(1).supervisorRegistration.supervisoryBody,trade.tradeHeader.partyTradeInformation.reportingRegime.supervisorRegistration.supervisoryBody,0,,Element with value FCA could not be mapped to a rosettaField
cdm-sample-files/cftc-event-scenarios/Example-04-Submission-1.xml,Fail_MappedNone,trade.tradeHeader.partyTradeInformation(1).reportingRegime(1).reportingPurpose,trade.tradeHeader.partyTradeInformation.reportingRegime.reportingPurpose,0,,Element with value PrimaryEconomicTerms could not be mapped to a rosettaField
cdm-sample-files/cftc-event-scenarios/Example-04-Submission-1.xml,Fail_MappedNone,trade.tradeHeader.partyTradeInformation(0).reportingRegime(3).entityClassification[entityClassificationScheme=http://www.fpml.org/coding-scheme/esma-entity-classification],trade.tradeHeader.partyTradeInformation.reportingRegime.entityClassification[entityClassificationScheme=http://www.fpml.org/coding-scheme/esma-entity-classification],0,,Element with value Financial could not be mapped to a rosettaField
cdm-sample-files/cftc-event-scenarios/Example-04-Submission-1.xml,Fail_MappedNone,sequenceNumber,sequenceNumber,0,,Element with value 1 could not be mapped to a rosettaField
cdm-sample-files/cftc-event-scenarios/Example-04-Submission-1.xml,Fail_MappedNone,trade.tradeHeader.partyTradeInformation(0).reportingRegime(5).name,trade.tradeHeader.partyTradeInformation.reportingRegime.name,0,,Element with value CSA could not be mapped to a rosettaField
cdm-sample-files/cftc-event-scenarios/Example-04-Submission-1.xml,Fail_MappedNone,trade.tradeHeader.partyTradeInformation(1).reportingRegime(0).mandatorilyClearable,trade.tradeHeader.partyTradeInformation.reportingRegime.mandatorilyClearable,0,,Element with value false could not be mapped to a rosettaField
cdm-sample-files/cftc-event-scenarios/Example-04-Submission-1.xml,Fail_MappedNone,trade.tradeHeader.partyTradeInformation(0).reportingRegime(0).supervisorRegistration.supervisoryBody,trade.tradeHeader.partyTradeInformation.reportingRegime.supervisorRegistration.supervisoryBody,0,,Element with value CFTC could not be mapped to a rosettaField
cdm-sample-files/cftc-event-scenarios/Example-04-Submission-1.xml,Fail_MappedNone,party(1)[id=party2].classification(0)[industryClassificationScheme=http://www.fpml.org/coding-scheme/esma-emir-refit-regulatory-corporate-sector],party[id=party2].classification[industryClassificationScheme=http://www.fpml.org/coding-scheme/esma-emir-refit-regulatory-corporate-sector],0,,Element with value CDTI could not be mapped to a rosettaField
cdm-sample-files/cftc-event-scenarios/Example-04-Submission-1.xml,Fail_MappedNone,trade.tradeHeader.partyTradeInformation(0).reportingRegime(0).reportingRole,trade.tradeHeader.partyTradeInformation.reportingRegime.reportingRole,0,,Element with value ReportingParty could not be mapped to a rosettaField
cdm-sample-files/cftc-event-scenarios/Example-05-Submission-1.xml,Fail_MappedNone,trade.tradeHeader.partyTradeInformation(0).reportingRegime(2).supervisorRegistration.supervisoryBody,trade.tradeHeader.partyTradeInformation.reportingRegime.supervisorRegistration.supervisoryBody,0,,Element with value ESMA could not be mapped to a rosettaField
cdm-sample-files/cftc-event-scenarios/Example-05-Submission-1.xml,Fail_MappedNone,trade.tradeHeader.partyTradeInformation(1).reportingRegime(1).entityClassification[entityClassificationScheme=http://www.fpml.org/coding-scheme/esma-entity-classification],trade.tradeHeader.partyTradeInformation.reportingRegime.entityClassification[entityClassificationScheme=http://www.fpml.org/coding-scheme/esma-entity-classification],0,,Element with value Financial could not be mapped to a rosettaField
cdm-sample-files/cftc-event-scenarios/Example-05-Submission-1.xml,Fail_MappedNone,correlationId[correlationIdScheme=http://fpml.org/submitter_trade_id].correlationIdScheme,correlationId[correlationIdScheme=http://fpml.org/submitter_trade_id].correlationIdScheme,0,,Element with value http://fpml.org/submitter_trade_id could not be mapped to a rosettaField
cdm-sample-files/cftc-event-scenarios/Example-05-Submission-1.xml,Fail_MappedNone,trade.tradeHeader.partyTradeInformation(1).reportingRegime(0).reportingPurpose,trade.tradeHeader.partyTradeInformation.reportingRegime.reportingPurpose,0,,Element with value PrimaryEconomicTerms could not be mapped to a rosettaField
cdm-sample-files/cftc-event-scenarios/Example-05-Submission-1.xml,Fail_MappedNone,party(1)[id=party2].classification(0)[industryClassificationScheme=http://www.fpml.org/coding-scheme/esma-emir-refit-regulatory-corporate-sector].industryClassificationScheme,party[id=party2].classification[industryClassificationScheme=http://www.fpml.org/coding-scheme/esma-emir-refit-regulatory-corporate-sector].industryClassificationScheme,0,,Element with value http://www.fpml.org/coding-scheme/esma-emir-refit-regulatory-corporate-sector could not be mapped to a rosettaField
cdm-sample-files/cftc-event-scenarios/Example-05-Submission-1.xml,Fail_MappedNone,trade.tradeHeader.partyTradeInformation(0).reportingRegime(5).mandatorilyClearable,trade.tradeHeader.partyTradeInformation.reportingRegime.mandatorilyClearable,0,,Element with value false could not be mapped to a rosettaField
cdm-sample-files/cftc-event-scenarios/Example-05-Submission-1.xml,Fail_MappedNone,trade.tradeHeader.partyTradeInformation(0).offMarketPrice,trade.tradeHeader.partyTradeInformation.offMarketPrice,0,,Element with value false could not be mapped to a rosettaField
cdm-sample-files/cftc-event-scenarios/Example-05-Submission-1.xml,Fail_MappedNone,trade.tradeHeader.partyTradeInformation(1).reportingRegime(1).entityClassification[entityClassificationScheme=http://www.fpml.org/coding-scheme/esma-entity-classification].entityClassificationScheme,trade.tradeHeader.partyTradeInformation.reportingRegime.entityClassification[entityClassificationScheme=http://www.fpml.org/coding-scheme/esma-entity-classification].entityClassificationScheme,0,,Element with value http://www.fpml.org/coding-scheme/esma-entity-classification could not be mapped to a rosettaField
cdm-sample-files/cftc-event-scenarios/Example-05-Submission-1.xml,Fail_MappedNone,trade.tradeHeader.partyTradeInformation(0).relatedBusinessUnit.role,trade.tradeHeader.partyTradeInformation.relatedBusinessUnit.role,0,,Element with value TradingDesk could not be mapped to a rosettaField
cdm-sample-files/cftc-event-scenarios/Example-05-Submission-1.xml,Fail_MappedNone,trade.tradeHeader.partyTradeInformation(0).reportingRegime(6).name,trade.tradeHeader.partyTradeInformation.reportingRegime.name,0,,Element with value HKTR could not be mapped to a rosettaField
cdm-sample-files/cftc-event-scenarios/Example-05-Submission-1.xml,Fail_MappedNone,trade.tradeHeader.partyTradeInformation(0).reportingRegime(3).reportingRole,trade.tradeHeader.partyTradeInformation.reportingRegime.reportingRole,0,,Element with value ReportingParty could not be mapped to a rosettaField
cdm-sample-files/cftc-event-scenarios/Example-05-Submission-1.xml,Fail_MappedNone,trade.tradeHeader.partyTradeInformation(0).reportingRegime(5).entityClassification[entityClassificationScheme=http://www.fpml.org/coding-scheme/cftc-entity-classification].entityClassificationScheme,trade.tradeHeader.partyTradeInformation.reportingRegime.entityClassification[entityClassificationScheme=http://www.fpml.org/coding-scheme/cftc-entity-classification].entityClassificationScheme,0,,Element with value http://www.fpml.org/coding-scheme/cftc-entity-classification could not be mapped to a rosettaField
cdm-sample-files/cftc-event-scenarios/Example-05-Submission-1.xml,Fail_MappedNone,trade.tradeHeader.partyTradeInformation(1).reportingRegime(1).exceedsClearingThreshold,trade.tradeHeader.partyTradeInformation.reportingRegime.exceedsClearingThreshold,0,,Element with value true could not be mapped to a rosettaField
cdm-sample-files/cftc-event-scenarios/Example-05-Submission-1.xml,Fail_MappedNone,trade.tradeHeader.partyTradeInformation(1).reportingRegime(0).entityClassification[entityClassificationScheme=http://www.fpml.org/coding-scheme/esma-entity-classification].entityClassificationScheme,trade.tradeHeader.partyTradeInformation.reportingRegime.entityClassification[entityClassificationScheme=http://www.fpml.org/coding-scheme/esma-entity-classification].entityClassificationScheme,0,,Element with value http://www.fpml.org/coding-scheme/esma-entity-classification could not be mapped to a rosettaField
cdm-sample-files/cftc-event-scenarios/Example-05-Submission-1.xml,Fail_MappedNone,trade.tradeHeader.partyTradeInformation(1).reportingRegime(3).supervisorRegistration.supervisoryBody,trade.tradeHeader.partyTradeInformation.reportingRegime.supervisorRegistration.supervisoryBody,0,,Element with value CA.AB.ASC could not be mapped to a rosettaField
cdm-sample-files/cftc-event-scenarios/Example-05-Submission-1.xml,Fail_MappedNone,party(1)[id=party2].classification(1)[industryClassificationScheme=http://www.fpml.org/coding-scheme/hkma-rewrite-regulatory-corporate-sector].industryClassificationScheme,party[id=party2].classification[industryClassificationScheme=http://www.fpml.org/coding-scheme/hkma-rewrite-regulatory-corporate-sector].industryClassificationScheme,0,,Element with value http://www.fpml.org/coding-scheme/hkma-rewrite-regulatory-corporate-sector could not be mapped to a rosettaField
cdm-sample-files/cftc-event-scenarios/Example-05-Submission-1.xml,Fail_MappedNone,trade.tradeHeader.partyTradeInformation(1).reportingRegime(4).reportingRole,trade.tradeHeader.partyTradeInformation.reportingRegime.reportingRole,0,,Element with value ReportingParty could not be mapped to a rosettaField
cdm-sample-files/cftc-event-scenarios/Example-05-Submission-1.xml,Fail_MappedNone,trade.tradeHeader.partyTradeInformation(0).reportingRegime(1).supervisorRegistration.supervisoryBody,trade.tradeHeader.partyTradeInformation.reportingRegime.supervisorRegistration.supervisoryBody,0,,Element with value SEC could not be mapped to a rosettaField
cdm-sample-files/cftc-event-scenarios/Example-05-Submission-1.xml,Fail_MappedNone,party(0)[id=party1].organizationType,party[id=party1].organizationType,0,,Element with value SD could not be mapped to a rosettaField
cdm-sample-files/cftc-event-scenarios/Example-05-Submission-1.xml,Fail_MappedNone,trade.tradeHeader.partyTradeInformation(1).reportingRegime(0).name,trade.tradeHeader.partyTradeInformation.reportingRegime.name,0,,Element with value EMIR could not be mapped to a rosettaField
cdm-sample-files/cftc-event-scenarios/Example-05-Submission-1.xml,Fail_MappedMultiple,party(2)[id=broker1].partyId[partyIdScheme=http://www.fpml.org/coding-scheme/external/iso17442].partyIdScheme,party[id=broker1].partyId[partyIdScheme=http://www.fpml.org/coding-scheme/external/iso17442].partyIdScheme,2,ReportableEvent.originatingWorkflowStep.proposedEvent.instruction(0).before.value.trade.party(2).partyId(0).identifierType=[LEI] ReportableEvent.originatingWorkflowStep.proposedEvent.instruction(0).before.value.trade.party(2).partyId(0).identifier.meta.scheme=[http://www.fpml.org/coding-scheme/external/iso17442],Element mapped to multiple rosettaFields
cdm-sample-files/cftc-event-scenarios/Example-05-Submission-1.xml,Fail_MappedNone,trade.tradeHeader.partyTradeInformation(0).reportingRegime(2).reportingRole,trade.tradeHeader.partyTradeInformation.reportingRegime.reportingRole,0,,Element with value ReportingParty could not be mapped to a rosettaField
cdm-sample-files/cftc-event-scenarios/Example-05-Submission-1.xml,Fail_MappedMultiple,party(3)[id=clearing-svc].partyId[partyIdScheme=http://www.fpml.org/coding-scheme/external/iso17442].partyIdScheme,party[id=clearing-svc].partyId[partyIdScheme=http://www.fpml.org/coding-scheme/external/iso17442].partyIdScheme,2,ReportableEvent.originatingWorkflowStep.proposedEvent.instruction(0).before.value.trade.party(3).partyId(0).identifierType=[LEI] ReportableEvent.originatingWorkflowStep.proposedEvent.instruction(0).before.value.trade.party(3).partyId(0).identifier.meta.scheme=[http://www.fpml.org/coding-scheme/external/iso17442],Element mapped to multiple rosettaFields
cdm-sample-files/cftc-event-scenarios/Example-05-Submission-1.xml,Fail_MappedNone,trade.tradeHeader.partyTradeInformation(0).reportingRegime(3).mandatorilyClearable,trade.tradeHeader.partyTradeInformation.reportingRegime.mandatorilyClearable,0,,Element with value false could not be mapped to a rosettaField
cdm-sample-files/cftc-event-scenarios/Example-05-Submission-1.xml,Fail_MappedNone,party(1)[id=party2].organizationType,party[id=party2].organizationType,0,,Element with value SD could not be mapped to a rosettaField
cdm-sample-files/cftc-event-scenarios/Example-05-Submission-1.xml,Fail_MappedNone,trade.tradeHeader.partyTradeInformation(0).reportingRegime(2).exceedsClearingThreshold,trade.tradeHeader.partyTradeInformation.reportingRegime.exceedsClearingThreshold,0,,Element with value true could not be mapped to a rosettaField
cdm-sample-files/cftc-event-scenarios/Example-05-Submission-1.xml,Fail_MappedNone,trade.tradeHeader.partyTradeInformation(1).reportingRegime(1).name,trade.tradeHeader.partyTradeInformation.reportingRegime.name,0,,Element with value UKEMIR could not be mapped to a rosettaField
cdm-sample-files/cftc-event-scenarios/Example-05-Submission-1.xml,Fail_MappedNone,trade.tradeHeader.partyTradeInformation(0).reportingRegime(6).entityClassification,trade.tradeHeader.partyTradeInformation.reportingRegime.entityClassification,0,,Element with value Financial could not be mapped to a rosettaField
cdm-sample-files/cftc-event-scenarios/Example-05-Submission-1.xml,Fail_MappedNone,onBehalfOf.partyReference[href=party1].href,onBehalfOf.partyReference[href=party1].href,0,,Element with value party1 could not be mapped to a rosettaField
cdm-sample-files/cftc-event-scenarios/Example-05-Submission-1.xml,Fail_MappedNone,trade.tradeHeader.partyTradeInformation(0).reportingRegime(5).reportingRole,trade.tradeHeader.partyTradeInformation.reportingRegime.reportingRole,0,,Element with value ReportingParty could not be mapped to a rosettaField
cdm-sample-files/cftc-event-scenarios/Example-05-Submission-1.xml,Fail_MappedNone,party(0)[id=party1].classification(0)[industryClassificationScheme=http://www.fpml.org/coding-scheme/esma-emir-refit-regulatory-corporate-sector].industryClassificationScheme,party[id=party1].classification[industryClassificationScheme=http://www.fpml.org/coding-scheme/esma-emir-refit-regulatory-corporate-sector].industryClassificationScheme,0,,Element with value http://www.fpml.org/coding-scheme/esma-emir-refit-regulatory-corporate-sector could not be mapped to a rosettaField
cdm-sample-files/cftc-event-scenarios/Example-05-Submission-1.xml,Fail_MappedNone,trade.tradeHeader.partyTradeInformation(1).reportingRegime(0).entityClassification[entityClassificationScheme=http://www.fpml.org/coding-scheme/esma-entity-classification],trade.tradeHeader.partyTradeInformation.reportingRegime.entityClassification[entityClassificationScheme=http://www.fpml.org/coding-scheme/esma-entity-classification],0,,Element with value Financial could not be mapped to a rosettaField
cdm-sample-files/cftc-event-scenarios/Example-05-Submission-1.xml,Fail_MappedNone,trade.tradeHeader.partyTradeInformation(0).reportingRegime(2).mandatorilyClearable,trade.tradeHeader.partyTradeInformation.reportingRegime.mandatorilyClearable,0,,Element with value false could not be mapped to a rosettaField
cdm-sample-files/cftc-event-scenarios/Example-05-Submission-1.xml,Fail_MappedNone,trade.tradeHeader.partyTradeInformation(0).reportingRegime(3).supervisorRegistration.supervisoryBody,trade.tradeHeader.partyTradeInformation.reportingRegime.supervisorRegistration.supervisoryBody,0,,Element with value FCA could not be mapped to a rosettaField
cdm-sample-files/cftc-event-scenarios/Example-05-Submission-1.xml,Fail_MappedNone,trade.tradeHeader.partyTradeInformation(0).executionType,trade.tradeHeader.partyTradeInformation.executionType,0,,Element with value Electronic could not be mapped to a rosettaField
cdm-sample-files/cftc-event-scenarios/Example-05-Submission-1.xml,Fail_MappedNone,trade.tradeHeader.partyTradeInformation(1).reportingRegime(2).name,trade.tradeHeader.partyTradeInformation.reportingRegime.name,0,,Element with value JFSA could not be mapped to a rosettaField
cdm-sample-files/cftc-event-scenarios/Example-05-Submission-1.xml,Fail_MappedNone,correlationId[correlationIdScheme=http://fpml.org/submitter_trade_id],correlationId[correlationIdScheme=http://fpml.org/submitter_trade_id],0,,Element with value TW9235 could not be mapped to a rosettaField
cdm-sample-files/cftc-event-scenarios/Example-05-Submission-1.xml,Fail_MappedNone,trade.tradeHeader.partyTradeInformation(1).reportingRegime(4).supervisorRegistration.supervisoryBody,trade.tradeHeader.partyTradeInformation.reportingRegime.supervisorRegistration.supervisoryBody,0,,Element with value HKMA could not be mapped to a rosettaField
cdm-sample-files/cftc-event-scenarios/Example-05-Submission-1.xml,Fail_MappedNone,trade.tradeHeader.partyTradeInformation(0).reportingRegime(4).reportingRole,trade.tradeHeader.partyTradeInformation.reportingRegime.reportingRole,0,,Element with value ReportingParty could not be mapped to a rosettaField
cdm-sample-files/cftc-event-scenarios/Example-05-Submission-1.xml,Fail_MappedNone,trade.tradeHeader.partyTradeInformation(0).relatedBusinessUnit.businessUnitReference[href=desk1].href,trade.tradeHeader.partyTradeInformation.relatedBusinessUnit.businessUnitReference[href=desk1].href,0,,Element with value desk1 could not be mapped to a rosettaField
cdm-sample-files/cftc-event-scenarios/Example-05-Submission-1.xml,Fail_MappedNone,party(0)[id=party1].classification(1)[industryClassificationScheme=http://www.fpml.org/coding-scheme/hkma-rewrite-regulatory-corporate-sector].industryClassificationScheme,party[id=party1].classification[industryClassificationScheme=http://www.fpml.org/coding-scheme/hkma-rewrite-regulatory-corporate-sector].industryClassificationScheme,0,,Element with value http://www.fpml.org/coding-scheme/hkma-rewrite-regulatory-corporate-sector could not be mapped to a rosettaField
cdm-sample-files/cftc-event-scenarios/Example-05-Submission-1.xml,Fail_MappedNone,trade.tradeHeader.partyTradeInformation(1).reportingRegime(4).mandatorilyClearable,trade.tradeHeader.partyTradeInformation.reportingRegime.mandatorilyClearable,0,,Element with value false could not be mapped to a rosettaField
cdm-sample-files/cftc-event-scenarios/Example-05-Submission-1.xml,Fail_MappedNone,trade.tradeHeader.partyTradeInformation(0).reportingRegime(3).reportingPurpose,trade.tradeHeader.partyTradeInformation.reportingRegime.reportingPurpose,0,,Element with value PrimaryEconomicTerms could not be mapped to a rosettaField
cdm-sample-files/cftc-event-scenarios/Example-05-Submission-1.xml,Fail_MappedNone,trade.tradeHeader.partyTradeInformation(0).reportingRegime(1).mandatorilyClearable,trade.tradeHeader.partyTradeInformation.reportingRegime.mandatorilyClearable,0,,Element with value false could not be mapped to a rosettaField
cdm-sample-files/cftc-event-scenarios/Example-05-Submission-1.xml,Fail_MappedNone,trade.tradeHeader.partyTradeInformation(0).reportingRegime(2).entityClassification[entityClassificationScheme=http://www.fpml.org/coding-scheme/esma-entity-classification].entityClassificationScheme,trade.tradeHeader.partyTradeInformation.reportingRegime.entityClassification[entityClassificationScheme=http://www.fpml.org/coding-scheme/esma-entity-classification].entityClassificationScheme,0,,Element with value http://www.fpml.org/coding-scheme/esma-entity-classification could not be mapped to a rosettaField
cdm-sample-files/cftc-event-scenarios/Example-05-Submission-1.xml,Fail_MappedNone,trade.tradeHeader.partyTradeInformation(1).reportingRegime(1).reportingRole,trade.tradeHeader.partyTradeInformation.reportingRegime.reportingRole,0,,Element with value ReportingParty could not be mapped to a rosettaField
cdm-sample-files/cftc-event-scenarios/Example-05-Submission-1.xml,Fail_MappedNone,trade.tradeHeader.partyTradeInformation(0).reportingRegime(5).supervisorRegistration.supervisoryBody,trade.tradeHeader.partyTradeInformation.reportingRegime.supervisorRegistration.supervisoryBody,0,,Element with value CA.AB.ASC could not be mapped to a rosettaField
cdm-sample-files/cftc-event-scenarios/Example-05-Submission-1.xml,Fail_MappedNone,trade.tradeHeader.partyTradeInformation(1).reportingRegime(3).name,trade.tradeHeader.partyTradeInformation.reportingRegime.name,0,,Element with value CSA could not be mapped to a rosettaField
cdm-sample-files/cftc-event-scenarios/Example-05-Submission-1.xml,Fail_MappedNone,trade.tradeHeader.partyTradeInformation(1).reportingRegime(3).mandatorilyClearable,trade.tradeHeader.partyTradeInformation.reportingRegime.mandatorilyClearable,0,,Element with value false could not be mapped to a rosettaField
cdm-sample-files/cftc-event-scenarios/Example-05-Submission-1.xml,Fail_MappedNone,trade.tradeHeader.partyTradeInformation(0).reportingRegime(4).supervisorRegistration.supervisoryBody,trade.tradeHeader.partyTradeInformation.reportingRegime.supervisorRegistration.supervisoryBody,0,,Element with value JFSA could not be mapped to a rosettaField
cdm-sample-files/cftc-event-scenarios/Example-05-Submission-1.xml,Fail_MappedNone,trade.tradeHeader.partyTradeInformation(1).reportingRegime(0).supervisorRegistration.supervisoryBody,trade.tradeHeader.partyTradeInformation.reportingRegime.supervisorRegistration.supervisoryBody,0,,Element with value ESMA could not be mapped to a rosettaField
cdm-sample-files/cftc-event-scenarios/Example-05-Submission-1.xml,Fail_MappedNone,trade.tradeHeader.partyTradeInformation(0).reportingRegime(2).name,trade.tradeHeader.partyTradeInformation.reportingRegime.name,0,,Element with value EMIR could not be mapped to a rosettaField
cdm-sample-files/cftc-event-scenarios/Example-05-Submission-1.xml,Fail_MappedNone,trade.tradeHeader.partyTradeInformation(0).reportingRegime(2).reportingPurpose,trade.tradeHeader.partyTradeInformation.reportingRegime.reportingPurpose,0,,Element with value PrimaryEconomicTerms could not be mapped to a rosettaField
cdm-sample-files/cftc-event-scenarios/Example-05-Submission-1.xml,Fail_MappedNone,trade.tradeHeader.partyTradeInformation(0).executionVenueType,trade.tradeHeader.partyTradeInformation.executionVenueType,0,,Element with value SEF could not be mapped to a rosettaField
cdm-sample-files/cftc-event-scenarios/Example-05-Submission-1.xml,Fail_MappedNone,trade.tradeHeader.partyTradeInformation(1).reportingRegime(0).reportingRole,trade.tradeHeader.partyTradeInformation.reportingRegime.reportingRole,0,,Element with value ReportingParty could not be mapped to a rosettaField
cdm-sample-files/cftc-event-scenarios/Example-05-Submission-1.xml,Fail_MappedNone,trade.tradeHeader.partyTradeInformation(0).reportingRegime(0).mandatorilyClearable,trade.tradeHeader.partyTradeInformation.reportingRegime.mandatorilyClearable,0,,Element with value false could not be mapped to a rosettaField
cdm-sample-files/cftc-event-scenarios/Example-05-Submission-1.xml,Fail_MappedNone,party(0)[id=party1].classification(1)[industryClassificationScheme=http://www.fpml.org/coding-scheme/hkma-rewrite-regulatory-corporate-sector],party[id=party1].classification[industryClassificationScheme=http://www.fpml.org/coding-scheme/hkma-rewrite-regulatory-corporate-sector],0,,Element with value ORPI could not be mapped to a rosettaField
cdm-sample-files/cftc-event-scenarios/Example-05-Submission-1.xml,Fail_MappedNone,trade.tradeHeader.partyTradeInformation(0).collateralizationType,trade.tradeHeader.partyTradeInformation.collateralizationType,0,,Element with value Fully could not be mapped to a rosettaField
cdm-sample-files/cftc-event-scenarios/Example-05-Submission-1.xml,Fail_MappedNone,trade.tradeHeader.partyTradeInformation(0).reportingRegime(3).exceedsClearingThreshold,trade.tradeHeader.partyTradeInformation.reportingRegime.exceedsClearingThreshold,0,,Element with value true could not be mapped to a rosettaField
cdm-sample-files/cftc-event-scenarios/Example-05-Submission-1.xml,Fail_MappedNone,trade.tradeHeader.partyTradeInformation(1).reportingRegime(3).entityClassification[entityClassificationScheme=http://www.fpml.org/coding-scheme/cftc-entity-classification].entityClassificationScheme,trade.tradeHeader.partyTradeInformation.reportingRegime.entityClassification[entityClassificationScheme=http://www.fpml.org/coding-scheme/cftc-entity-classification].entityClassificationScheme,0,,Element with value http://www.fpml.org/coding-scheme/cftc-entity-classification could not be mapped to a rosettaField
cdm-sample-files/cftc-event-scenarios/Example-05-Submission-1.xml,Fail_MappedNone,trade.tradeHeader.partyTradeInformation(0).reportingRegime(5).entityClassification[entityClassificationScheme=http://www.fpml.org/coding-scheme/cftc-entity-classification],trade.tradeHeader.partyTradeInformation.reportingRegime.entityClassification[entityClassificationScheme=http://www.fpml.org/coding-scheme/cftc-entity-classification],0,,Element with value SBSD could not be mapped to a rosettaField
cdm-sample-files/cftc-event-scenarios/Example-05-Submission-1.xml,Fail_MappedNone,trade.tradeHeader.partyTradeInformation(1).reportingRegime(4).name,trade.tradeHeader.partyTradeInformation.reportingRegime.name,0,,Element with value HKTR could not be mapped to a rosettaField
cdm-sample-files/cftc-event-scenarios/Example-05-Submission-1.xml,Fail_MappedNone,trade.tradeHeader.partyTradeInformation(0).reportingRegime(6).reportingRole,trade.tradeHeader.partyTradeInformation.reportingRegime.reportingRole,0,,Element with value ReportingParty could not be mapped to a rosettaField
cdm-sample-files/cftc-event-scenarios/Example-05-Submission-1.xml,Fail_MappedNone,trade.tradeHeader.partyTradeInformation(0).reportingRegime(6).supervisorRegistration.supervisoryBody,trade.tradeHeader.partyTradeInformation.reportingRegime.supervisorRegistration.supervisoryBody,0,,Element with value HKMA could not be mapped to a rosettaField
cdm-sample-files/cftc-event-scenarios/Example-05-Submission-1.xml,Fail_MappedNone,trade.tradeHeader.partyTradeInformation(1).reportingRegime(3).entityClassification[entityClassificationScheme=http://www.fpml.org/coding-scheme/cftc-entity-classification],trade.tradeHeader.partyTradeInformation.reportingRegime.entityClassification[entityClassificationScheme=http://www.fpml.org/coding-scheme/cftc-entity-classification],0,,Element with value SBSD could not be mapped to a rosettaField
cdm-sample-files/cftc-event-scenarios/Example-05-Submission-1.xml,Fail_MappedNone,trade.tradeHeader.partyTradeInformation(1).reportingRegime(0).exceedsClearingThreshold,trade.tradeHeader.partyTradeInformation.reportingRegime.exceedsClearingThreshold,0,,Element with value true could not be mapped to a rosettaField
cdm-sample-files/cftc-event-scenarios/Example-05-Submission-1.xml,Fail_MappedNone,trade.tradeHeader.partyTradeInformation(1).reportingRegime(2).supervisorRegistration.supervisoryBody,trade.tradeHeader.partyTradeInformation.reportingRegime.supervisorRegistration.supervisoryBody,0,,Element with value JFSA could not be mapped to a rosettaField
cdm-sample-files/cftc-event-scenarios/Example-05-Submission-1.xml,Fail_MappedNone,trade.tradeHeader.partyTradeInformation(0).reportingRegime(1).reportingPurpose,trade.tradeHeader.partyTradeInformation.reportingRegime.reportingPurpose,0,,Element with value PrimaryEconomicTerms could not be mapped to a rosettaField
cdm-sample-files/cftc-event-scenarios/Example-05-Submission-1.xml,Fail_MappedNone,trade.tradeHeader.partyTradeInformation(0).reportingRegime(3).name,trade.tradeHeader.partyTradeInformation.reportingRegime.name,0,,Element with value UKEMIR could not be mapped to a rosettaField
cdm-sample-files/cftc-event-scenarios/Example-05-Submission-1.xml,Fail_MappedNone,party(1)[id=party2].classification(1)[industryClassificationScheme=http://www.fpml.org/coding-scheme/hkma-rewrite-regulatory-corporate-sector],party[id=party2].classification[industryClassificationScheme=http://www.fpml.org/coding-scheme/hkma-rewrite-regulatory-corporate-sector],0,,Element with value UCIT could not be mapped to a rosettaField
cdm-sample-files/cftc-event-scenarios/Example-05-Submission-1.xml,Fail_MappedNone,trade.tradeHeader.partyTradeInformation(1).reportingRegime(3).reportingRole,trade.tradeHeader.partyTradeInformation.reportingRegime.reportingRole,0,,Element with value ReportingParty could not be mapped to a rosettaField
cdm-sample-files/cftc-event-scenarios/Example-05-Submission-1.xml,Fail_MappedNone,trade.tradeHeader.partyTradeInformation(0).reportingRegime(2).entityClassification[entityClassificationScheme=http://www.fpml.org/coding-scheme/esma-entity-classification],trade.tradeHeader.partyTradeInformation.reportingRegime.entityClassification[entityClassificationScheme=http://www.fpml.org/coding-scheme/esma-entity-classification],0,,Element with value Financial could not be mapped to a rosettaField
cdm-sample-files/cftc-event-scenarios/Example-05-Submission-1.xml,Fail_MappedNone,trade.tradeHeader.partyTradeInformation(1).reportingRegime(1).mandatorilyClearable,trade.tradeHeader.partyTradeInformation.reportingRegime.mandatorilyClearable,0,,Element with value false could not be mapped to a rosettaField
cdm-sample-files/cftc-event-scenarios/Example-05-Submission-1.xml,Fail_MappedNone,party(0)[id=party1].classification(0)[industryClassificationScheme=http://www.fpml.org/coding-scheme/esma-emir-refit-regulatory-corporate-sector],party[id=party1].classification[industryClassificationScheme=http://www.fpml.org/coding-scheme/esma-emir-refit-regulatory-corporate-sector],0,,Element with value ORPI could not be mapped to a rosettaField
cdm-sample-files/cftc-event-scenarios/Example-05-Submission-1.xml,Fail_MappedMultiple,party(0)[id=party1].partyId[partyIdScheme=http://www.fpml.org/coding-scheme/external/iso17442].partyIdScheme,party[id=party1].partyId[partyIdScheme=http://www.fpml.org/coding-scheme/external/iso17442].partyIdScheme,2,ReportableEvent.originatingWorkflowStep.proposedEvent.instruction(0).before.value.trade.party(0).partyId(0).identifierType=[LEI] ReportableEvent.originatingWorkflowStep.proposedEvent.instruction(0).before.value.trade.party(0).partyId(0).identifier.meta.scheme=[http://www.fpml.org/coding-scheme/external/iso17442],Element mapped to multiple rosettaFields
cdm-sample-files/cftc-event-scenarios/Example-05-Submission-1.xml,Fail_MappedNone,trade.tradeHeader.partyTradeInformation(0).reportingRegime(1).reportingRole,trade.tradeHeader.partyTradeInformation.reportingRegime.reportingRole,0,,Element with value ReportingParty could not be mapped to a rosettaField
cdm-sample-files/cftc-event-scenarios/Example-05-Submission-1.xml,Fail_MappedNone,trade.tradeHeader.partyTradeInformation(0).reportingRegime(0).reportingPurpose,trade.tradeHeader.partyTradeInformation.reportingRegime.reportingPurpose,0,,Element with value PrimaryEconomicTerms could not be mapped to a rosettaField
cdm-sample-files/cftc-event-scenarios/Example-05-Submission-1.xml,Fail_MappedNone,trade.tradeHeader.partyTradeInformation(0).reportingRegime(4).name,trade.tradeHeader.partyTradeInformation.reportingRegime.name,0,,Element with value JFSA could not be mapped to a rosettaField
cdm-sample-files/cftc-event-scenarios/Example-05-Submission-1.xml,Fail_MappedNone,trade.tradeHeader.partyTradeInformation(1).reportingRegime(4).entityClassification,trade.tradeHeader.partyTradeInformation.reportingRegime.entityClassification,0,,Element with value Financial could not be mapped to a rosettaField
cdm-sample-files/cftc-event-scenarios/Example-05-Submission-1.xml,Fail_MappedNone,trade.tradeHeader.partyTradeInformation(0).largeSizeTrade,trade.tradeHeader.partyTradeInformation.largeSizeTrade,0,,Element with value false could not be mapped to a rosettaField
cdm-sample-files/cftc-event-scenarios/Example-05-Submission-1.xml,Fail_MappedMultiple,party(1)[id=party2].partyId[partyIdScheme=http://www.fpml.org/coding-scheme/external/iso17442].partyIdScheme,party[id=party2].partyId[partyIdScheme=http://www.fpml.org/coding-scheme/external/iso17442].partyIdScheme,2,ReportableEvent.originatingWorkflowStep.proposedEvent.instruction(0).before.value.trade.party(1).partyId(0).identifier.meta.scheme=[http://www.fpml.org/coding-scheme/external/iso17442] ReportableEvent.originatingWorkflowStep.proposedEvent.instruction(0).before.value.trade.party(1).partyId(0).identifierType=[LEI],Element mapped to multiple rosettaFields
cdm-sample-files/cftc-event-scenarios/Example-05-Submission-1.xml,Fail_MappedNone,trade.tradeHeader.partyTradeInformation(1).reportingRegime(2).reportingRole,trade.tradeHeader.partyTradeInformation.reportingRegime.reportingRole,0,,Element with value ReportingParty could not be mapped to a rosettaField
cdm-sample-files/cftc-event-scenarios/Example-05-Submission-1.xml,Fail_MappedNone,trade.tradeHeader.partyTradeInformation(0).reportingRegime(6).mandatorilyClearable,trade.tradeHeader.partyTradeInformation.reportingRegime.mandatorilyClearable,0,,Element with value false could not be mapped to a rosettaField
cdm-sample-files/cftc-event-scenarios/Example-05-Submission-1.xml,Fail_MappedNone,trade.tradeHeader.partyTradeInformation(0).reportingRegime(3).entityClassification[entityClassificationScheme=http://www.fpml.org/coding-scheme/esma-entity-classification].entityClassificationScheme,trade.tradeHeader.partyTradeInformation.reportingRegime.entityClassification[entityClassificationScheme=http://www.fpml.org/coding-scheme/esma-entity-classification].entityClassificationScheme,0,,Element with value http://www.fpml.org/coding-scheme/esma-entity-classification could not be mapped to a rosettaField
cdm-sample-files/cftc-event-scenarios/Example-05-Submission-1.xml,Fail_MappedNone,trade.tradeHeader.partyTradeInformation(1).reportingRegime(1).supervisorRegistration.supervisoryBody,trade.tradeHeader.partyTradeInformation.reportingRegime.supervisorRegistration.supervisoryBody,0,,Element with value FCA could not be mapped to a rosettaField
cdm-sample-files/cftc-event-scenarios/Example-05-Submission-1.xml,Fail_MappedNone,trade.tradeHeader.partyTradeInformation(1).reportingRegime(1).reportingPurpose,trade.tradeHeader.partyTradeInformation.reportingRegime.reportingPurpose,0,,Element with value PrimaryEconomicTerms could not be mapped to a rosettaField
cdm-sample-files/cftc-event-scenarios/Example-05-Submission-1.xml,Fail_MappedNone,trade.tradeHeader.partyTradeInformation(0).reportingRegime(3).entityClassification[entityClassificationScheme=http://www.fpml.org/coding-scheme/esma-entity-classification],trade.tradeHeader.partyTradeInformation.reportingRegime.entityClassification[entityClassificationScheme=http://www.fpml.org/coding-scheme/esma-entity-classification],0,,Element with value Financial could not be mapped to a rosettaField
cdm-sample-files/cftc-event-scenarios/Example-05-Submission-1.xml,Fail_MappedNone,sequenceNumber,sequenceNumber,0,,Element with value 1 could not be mapped to a rosettaField
cdm-sample-files/cftc-event-scenarios/Example-05-Submission-1.xml,Fail_MappedNone,trade.tradeHeader.partyTradeInformation(0).reportingRegime(5).name,trade.tradeHeader.partyTradeInformation.reportingRegime.name,0,,Element with value CSA could not be mapped to a rosettaField
cdm-sample-files/cftc-event-scenarios/Example-05-Submission-1.xml,Fail_MappedNone,trade.tradeHeader.partyTradeInformation(1).reportingRegime(0).mandatorilyClearable,trade.tradeHeader.partyTradeInformation.reportingRegime.mandatorilyClearable,0,,Element with value false could not be mapped to a rosettaField
cdm-sample-files/cftc-event-scenarios/Example-05-Submission-1.xml,Fail_MappedNone,trade.tradeHeader.partyTradeInformation(0).reportingRegime(0).supervisorRegistration.supervisoryBody,trade.tradeHeader.partyTradeInformation.reportingRegime.supervisorRegistration.supervisoryBody,0,,Element with value CFTC could not be mapped to a rosettaField
cdm-sample-files/cftc-event-scenarios/Example-05-Submission-1.xml,Fail_MappedNone,party(1)[id=party2].classification(0)[industryClassificationScheme=http://www.fpml.org/coding-scheme/esma-emir-refit-regulatory-corporate-sector],party[id=party2].classification[industryClassificationScheme=http://www.fpml.org/coding-scheme/esma-emir-refit-regulatory-corporate-sector],0,,Element with value UCIT could not be mapped to a rosettaField
cdm-sample-files/cftc-event-scenarios/Example-05-Submission-1.xml,Fail_MappedNone,trade.tradeHeader.partyTradeInformation(0).reportingRegime(0).reportingRole,trade.tradeHeader.partyTradeInformation.reportingRegime.reportingRole,0,,Element with value ReportingParty could not be mapped to a rosettaField
cdm-sample-files/cftc-event-scenarios/Example-06-Submission-1.xml,Fail_MappedNone,trade.tradeHeader.partyTradeInformation(0).reportingRegime(2).supervisorRegistration.supervisoryBody,trade.tradeHeader.partyTradeInformation.reportingRegime.supervisorRegistration.supervisoryBody,0,,Element with value ESMA could not be mapped to a rosettaField
cdm-sample-files/cftc-event-scenarios/Example-06-Submission-1.xml,Fail_MappedNone,trade.tradeHeader.partyTradeInformation(1).reportingRegime(1).entityClassification[entityClassificationScheme=http://www.fpml.org/coding-scheme/esma-entity-classification],trade.tradeHeader.partyTradeInformation.reportingRegime.entityClassification[entityClassificationScheme=http://www.fpml.org/coding-scheme/esma-entity-classification],0,,Element with value Financial could not be mapped to a rosettaField
cdm-sample-files/cftc-event-scenarios/Example-06-Submission-1.xml,Fail_MappedNone,correlationId[correlationIdScheme=http://fpml.org/submitter_trade_id].correlationIdScheme,correlationId[correlationIdScheme=http://fpml.org/submitter_trade_id].correlationIdScheme,0,,Element with value http://fpml.org/submitter_trade_id could not be mapped to a rosettaField
cdm-sample-files/cftc-event-scenarios/Example-06-Submission-1.xml,Fail_MappedNone,trade.tradeHeader.partyTradeInformation(1).reportingRegime(0).reportingPurpose,trade.tradeHeader.partyTradeInformation.reportingRegime.reportingPurpose,0,,Element with value PrimaryEconomicTerms could not be mapped to a rosettaField
cdm-sample-files/cftc-event-scenarios/Example-06-Submission-1.xml,Fail_MappedNone,party(1)[id=party2].classification(0)[industryClassificationScheme=http://www.fpml.org/coding-scheme/esma-emir-refit-regulatory-corporate-sector].industryClassificationScheme,party[id=party2].classification[industryClassificationScheme=http://www.fpml.org/coding-scheme/esma-emir-refit-regulatory-corporate-sector].industryClassificationScheme,0,,Element with value http://www.fpml.org/coding-scheme/esma-emir-refit-regulatory-corporate-sector could not be mapped to a rosettaField
cdm-sample-files/cftc-event-scenarios/Example-06-Submission-1.xml,Fail_MappedNone,trade.tradeHeader.partyTradeInformation(0).reportingRegime(5).mandatorilyClearable,trade.tradeHeader.partyTradeInformation.reportingRegime.mandatorilyClearable,0,,Element with value false could not be mapped to a rosettaField
cdm-sample-files/cftc-event-scenarios/Example-06-Submission-1.xml,Fail_MappedNone,trade.tradeHeader.partyTradeInformation(0).offMarketPrice,trade.tradeHeader.partyTradeInformation.offMarketPrice,0,,Element with value false could not be mapped to a rosettaField
cdm-sample-files/cftc-event-scenarios/Example-06-Submission-1.xml,Fail_MappedNone,trade.tradeHeader.partyTradeInformation(1).reportingRegime(1).entityClassification[entityClassificationScheme=http://www.fpml.org/coding-scheme/esma-entity-classification].entityClassificationScheme,trade.tradeHeader.partyTradeInformation.reportingRegime.entityClassification[entityClassificationScheme=http://www.fpml.org/coding-scheme/esma-entity-classification].entityClassificationScheme,0,,Element with value http://www.fpml.org/coding-scheme/esma-entity-classification could not be mapped to a rosettaField
cdm-sample-files/cftc-event-scenarios/Example-06-Submission-1.xml,Fail_MappedNone,trade.tradeHeader.partyTradeInformation(0).relatedBusinessUnit.role,trade.tradeHeader.partyTradeInformation.relatedBusinessUnit.role,0,,Element with value TradingDesk could not be mapped to a rosettaField
cdm-sample-files/cftc-event-scenarios/Example-06-Submission-1.xml,Fail_MappedNone,trade.tradeHeader.partyTradeInformation(0).reportingRegime(6).name,trade.tradeHeader.partyTradeInformation.reportingRegime.name,0,,Element with value HKTR could not be mapped to a rosettaField
cdm-sample-files/cftc-event-scenarios/Example-06-Submission-1.xml,Fail_MappedNone,trade.tradeHeader.partyTradeInformation(0).reportingRegime(3).reportingRole,trade.tradeHeader.partyTradeInformation.reportingRegime.reportingRole,0,,Element with value ReportingParty could not be mapped to a rosettaField
cdm-sample-files/cftc-event-scenarios/Example-06-Submission-1.xml,Fail_MappedNone,trade.tradeHeader.partyTradeInformation(0).reportingRegime(5).entityClassification[entityClassificationScheme=http://www.fpml.org/coding-scheme/cftc-entity-classification].entityClassificationScheme,trade.tradeHeader.partyTradeInformation.reportingRegime.entityClassification[entityClassificationScheme=http://www.fpml.org/coding-scheme/cftc-entity-classification].entityClassificationScheme,0,,Element with value http://www.fpml.org/coding-scheme/cftc-entity-classification could not be mapped to a rosettaField
cdm-sample-files/cftc-event-scenarios/Example-06-Submission-1.xml,Fail_MappedNone,trade.tradeHeader.partyTradeInformation(1).reportingRegime(1).exceedsClearingThreshold,trade.tradeHeader.partyTradeInformation.reportingRegime.exceedsClearingThreshold,0,,Element with value true could not be mapped to a rosettaField
cdm-sample-files/cftc-event-scenarios/Example-06-Submission-1.xml,Fail_MappedNone,trade.tradeHeader.partyTradeInformation(1).reportingRegime(0).entityClassification[entityClassificationScheme=http://www.fpml.org/coding-scheme/esma-entity-classification].entityClassificationScheme,trade.tradeHeader.partyTradeInformation.reportingRegime.entityClassification[entityClassificationScheme=http://www.fpml.org/coding-scheme/esma-entity-classification].entityClassificationScheme,0,,Element with value http://www.fpml.org/coding-scheme/esma-entity-classification could not be mapped to a rosettaField
cdm-sample-files/cftc-event-scenarios/Example-06-Submission-1.xml,Fail_MappedNone,trade.tradeHeader.partyTradeInformation(1).reportingRegime(3).supervisorRegistration.supervisoryBody,trade.tradeHeader.partyTradeInformation.reportingRegime.supervisorRegistration.supervisoryBody,0,,Element with value CA.AB.ASC could not be mapped to a rosettaField
cdm-sample-files/cftc-event-scenarios/Example-06-Submission-1.xml,Fail_MappedNone,party(1)[id=party2].classification(1)[industryClassificationScheme=http://www.fpml.org/coding-scheme/hkma-rewrite-regulatory-corporate-sector].industryClassificationScheme,party[id=party2].classification[industryClassificationScheme=http://www.fpml.org/coding-scheme/hkma-rewrite-regulatory-corporate-sector].industryClassificationScheme,0,,Element with value http://www.fpml.org/coding-scheme/hkma-rewrite-regulatory-corporate-sector could not be mapped to a rosettaField
cdm-sample-files/cftc-event-scenarios/Example-06-Submission-1.xml,Fail_MappedNone,trade.tradeHeader.partyTradeInformation(1).reportingRegime(4).reportingRole,trade.tradeHeader.partyTradeInformation.reportingRegime.reportingRole,0,,Element with value ReportingParty could not be mapped to a rosettaField
cdm-sample-files/cftc-event-scenarios/Example-06-Submission-1.xml,Fail_MappedNone,trade.tradeHeader.partyTradeInformation(0).reportingRegime(1).supervisorRegistration.supervisoryBody,trade.tradeHeader.partyTradeInformation.reportingRegime.supervisorRegistration.supervisoryBody,0,,Element with value SEC could not be mapped to a rosettaField
cdm-sample-files/cftc-event-scenarios/Example-06-Submission-1.xml,Fail_MappedNone,party(0)[id=party1].organizationType,party[id=party1].organizationType,0,,Element with value SD could not be mapped to a rosettaField
cdm-sample-files/cftc-event-scenarios/Example-06-Submission-1.xml,Fail_MappedNone,trade.tradeHeader.partyTradeInformation(1).reportingRegime(0).name,trade.tradeHeader.partyTradeInformation.reportingRegime.name,0,,Element with value EMIR could not be mapped to a rosettaField
cdm-sample-files/cftc-event-scenarios/Example-06-Submission-1.xml,Fail_MappedMultiple,party(2)[id=broker1].partyId[partyIdScheme=http://www.fpml.org/coding-scheme/external/iso17442].partyIdScheme,party[id=broker1].partyId[partyIdScheme=http://www.fpml.org/coding-scheme/external/iso17442].partyIdScheme,2,ReportableEvent.originatingWorkflowStep.proposedEvent.instruction(0).before.value.trade.party(2).partyId(0).identifierType=[LEI] ReportableEvent.originatingWorkflowStep.proposedEvent.instruction(0).before.value.trade.party(2).partyId(0).identifier.meta.scheme=[http://www.fpml.org/coding-scheme/external/iso17442],Element mapped to multiple rosettaFields
cdm-sample-files/cftc-event-scenarios/Example-06-Submission-1.xml,Fail_MappedNone,trade.tradeHeader.partyTradeInformation(0).reportingRegime(2).reportingRole,trade.tradeHeader.partyTradeInformation.reportingRegime.reportingRole,0,,Element with value ReportingParty could not be mapped to a rosettaField
cdm-sample-files/cftc-event-scenarios/Example-06-Submission-1.xml,Fail_MappedMultiple,party(3)[id=clearing-svc].partyId[partyIdScheme=http://www.fpml.org/coding-scheme/external/iso17442].partyIdScheme,party[id=clearing-svc].partyId[partyIdScheme=http://www.fpml.org/coding-scheme/external/iso17442].partyIdScheme,2,ReportableEvent.originatingWorkflowStep.proposedEvent.instruction(0).before.value.trade.party(3).partyId(0).identifierType=[LEI] ReportableEvent.originatingWorkflowStep.proposedEvent.instruction(0).before.value.trade.party(3).partyId(0).identifier.meta.scheme=[http://www.fpml.org/coding-scheme/external/iso17442],Element mapped to multiple rosettaFields
cdm-sample-files/cftc-event-scenarios/Example-06-Submission-1.xml,Fail_MappedNone,trade.tradeHeader.partyTradeInformation(0).reportingRegime(3).mandatorilyClearable,trade.tradeHeader.partyTradeInformation.reportingRegime.mandatorilyClearable,0,,Element with value false could not be mapped to a rosettaField
cdm-sample-files/cftc-event-scenarios/Example-06-Submission-1.xml,Fail_MappedNone,party(1)[id=party2].organizationType,party[id=party2].organizationType,0,,Element with value SD could not be mapped to a rosettaField
cdm-sample-files/cftc-event-scenarios/Example-06-Submission-1.xml,Fail_MappedNone,trade.tradeHeader.partyTradeInformation(0).reportingRegime(2).exceedsClearingThreshold,trade.tradeHeader.partyTradeInformation.reportingRegime.exceedsClearingThreshold,0,,Element with value true could not be mapped to a rosettaField
cdm-sample-files/cftc-event-scenarios/Example-06-Submission-1.xml,Fail_MappedNone,trade.tradeHeader.partyTradeInformation(1).reportingRegime(1).name,trade.tradeHeader.partyTradeInformation.reportingRegime.name,0,,Element with value UKEMIR could not be mapped to a rosettaField
cdm-sample-files/cftc-event-scenarios/Example-06-Submission-1.xml,Fail_MappedNone,trade.tradeHeader.partyTradeInformation(0).reportingRegime(6).entityClassification,trade.tradeHeader.partyTradeInformation.reportingRegime.entityClassification,0,,Element with value Financial could not be mapped to a rosettaField
cdm-sample-files/cftc-event-scenarios/Example-06-Submission-1.xml,Fail_MappedNone,onBehalfOf.partyReference[href=party1].href,onBehalfOf.partyReference[href=party1].href,0,,Element with value party1 could not be mapped to a rosettaField
cdm-sample-files/cftc-event-scenarios/Example-06-Submission-1.xml,Fail_MappedNone,trade.tradeHeader.partyTradeInformation(0).reportingRegime(5).reportingRole,trade.tradeHeader.partyTradeInformation.reportingRegime.reportingRole,0,,Element with value ReportingParty could not be mapped to a rosettaField
cdm-sample-files/cftc-event-scenarios/Example-06-Submission-1.xml,Fail_MappedNone,party(0)[id=party1].classification(0)[industryClassificationScheme=http://www.fpml.org/coding-scheme/esma-emir-refit-regulatory-corporate-sector].industryClassificationScheme,party[id=party1].classification[industryClassificationScheme=http://www.fpml.org/coding-scheme/esma-emir-refit-regulatory-corporate-sector].industryClassificationScheme,0,,Element with value http://www.fpml.org/coding-scheme/esma-emir-refit-regulatory-corporate-sector could not be mapped to a rosettaField
cdm-sample-files/cftc-event-scenarios/Example-06-Submission-1.xml,Fail_MappedNone,trade.tradeHeader.partyTradeInformation(1).reportingRegime(0).entityClassification[entityClassificationScheme=http://www.fpml.org/coding-scheme/esma-entity-classification],trade.tradeHeader.partyTradeInformation.reportingRegime.entityClassification[entityClassificationScheme=http://www.fpml.org/coding-scheme/esma-entity-classification],0,,Element with value Financial could not be mapped to a rosettaField
cdm-sample-files/cftc-event-scenarios/Example-06-Submission-1.xml,Fail_MappedNone,trade.tradeHeader.partyTradeInformation(0).reportingRegime(2).mandatorilyClearable,trade.tradeHeader.partyTradeInformation.reportingRegime.mandatorilyClearable,0,,Element with value false could not be mapped to a rosettaField
cdm-sample-files/cftc-event-scenarios/Example-06-Submission-1.xml,Fail_MappedNone,trade.tradeHeader.partyTradeInformation(0).reportingRegime(3).supervisorRegistration.supervisoryBody,trade.tradeHeader.partyTradeInformation.reportingRegime.supervisorRegistration.supervisoryBody,0,,Element with value FCA could not be mapped to a rosettaField
cdm-sample-files/cftc-event-scenarios/Example-06-Submission-1.xml,Fail_MappedNone,trade.tradeHeader.partyTradeInformation(0).executionType,trade.tradeHeader.partyTradeInformation.executionType,0,,Element with value Electronic could not be mapped to a rosettaField
cdm-sample-files/cftc-event-scenarios/Example-06-Submission-1.xml,Fail_MappedNone,trade.tradeHeader.partyTradeInformation(1).reportingRegime(2).name,trade.tradeHeader.partyTradeInformation.reportingRegime.name,0,,Element with value JFSA could not be mapped to a rosettaField
cdm-sample-files/cftc-event-scenarios/Example-06-Submission-1.xml,Fail_MappedNone,correlationId[correlationIdScheme=http://fpml.org/submitter_trade_id],correlationId[correlationIdScheme=http://fpml.org/submitter_trade_id],0,,Element with value TW9235 could not be mapped to a rosettaField
cdm-sample-files/cftc-event-scenarios/Example-06-Submission-1.xml,Fail_MappedNone,trade.tradeHeader.partyTradeInformation(1).reportingRegime(4).supervisorRegistration.supervisoryBody,trade.tradeHeader.partyTradeInformation.reportingRegime.supervisorRegistration.supervisoryBody,0,,Element with value HKMA could not be mapped to a rosettaField
cdm-sample-files/cftc-event-scenarios/Example-06-Submission-1.xml,Fail_MappedNone,trade.tradeHeader.partyTradeInformation(0).reportingRegime(4).reportingRole,trade.tradeHeader.partyTradeInformation.reportingRegime.reportingRole,0,,Element with value ReportingParty could not be mapped to a rosettaField
cdm-sample-files/cftc-event-scenarios/Example-06-Submission-1.xml,Fail_MappedNone,trade.tradeHeader.partyTradeInformation(0).relatedBusinessUnit.businessUnitReference[href=desk1].href,trade.tradeHeader.partyTradeInformation.relatedBusinessUnit.businessUnitReference[href=desk1].href,0,,Element with value desk1 could not be mapped to a rosettaField
cdm-sample-files/cftc-event-scenarios/Example-06-Submission-1.xml,Fail_MappedNone,party(0)[id=party1].classification(1)[industryClassificationScheme=http://www.fpml.org/coding-scheme/hkma-rewrite-regulatory-corporate-sector].industryClassificationScheme,party[id=party1].classification[industryClassificationScheme=http://www.fpml.org/coding-scheme/hkma-rewrite-regulatory-corporate-sector].industryClassificationScheme,0,,Element with value http://www.fpml.org/coding-scheme/hkma-rewrite-regulatory-corporate-sector could not be mapped to a rosettaField
cdm-sample-files/cftc-event-scenarios/Example-06-Submission-1.xml,Fail_MappedNone,trade.tradeHeader.partyTradeInformation(1).reportingRegime(4).mandatorilyClearable,trade.tradeHeader.partyTradeInformation.reportingRegime.mandatorilyClearable,0,,Element with value false could not be mapped to a rosettaField
cdm-sample-files/cftc-event-scenarios/Example-06-Submission-1.xml,Fail_MappedNone,trade.tradeHeader.partyTradeInformation(0).reportingRegime(3).reportingPurpose,trade.tradeHeader.partyTradeInformation.reportingRegime.reportingPurpose,0,,Element with value PrimaryEconomicTerms could not be mapped to a rosettaField
cdm-sample-files/cftc-event-scenarios/Example-06-Submission-1.xml,Fail_MappedNone,trade.tradeHeader.partyTradeInformation(0).reportingRegime(1).mandatorilyClearable,trade.tradeHeader.partyTradeInformation.reportingRegime.mandatorilyClearable,0,,Element with value false could not be mapped to a rosettaField
cdm-sample-files/cftc-event-scenarios/Example-06-Submission-1.xml,Fail_MappedNone,trade.tradeHeader.partyTradeInformation(0).reportingRegime(2).entityClassification[entityClassificationScheme=http://www.fpml.org/coding-scheme/esma-entity-classification].entityClassificationScheme,trade.tradeHeader.partyTradeInformation.reportingRegime.entityClassification[entityClassificationScheme=http://www.fpml.org/coding-scheme/esma-entity-classification].entityClassificationScheme,0,,Element with value http://www.fpml.org/coding-scheme/esma-entity-classification could not be mapped to a rosettaField
cdm-sample-files/cftc-event-scenarios/Example-06-Submission-1.xml,Fail_MappedNone,trade.tradeHeader.partyTradeInformation(1).reportingRegime(1).reportingRole,trade.tradeHeader.partyTradeInformation.reportingRegime.reportingRole,0,,Element with value ReportingParty could not be mapped to a rosettaField
cdm-sample-files/cftc-event-scenarios/Example-06-Submission-1.xml,Fail_MappedNone,trade.tradeHeader.partyTradeInformation(0).reportingRegime(5).supervisorRegistration.supervisoryBody,trade.tradeHeader.partyTradeInformation.reportingRegime.supervisorRegistration.supervisoryBody,0,,Element with value CA.AB.ASC could not be mapped to a rosettaField
cdm-sample-files/cftc-event-scenarios/Example-06-Submission-1.xml,Fail_MappedNone,trade.tradeHeader.partyTradeInformation(1).reportingRegime(3).name,trade.tradeHeader.partyTradeInformation.reportingRegime.name,0,,Element with value CSA could not be mapped to a rosettaField
cdm-sample-files/cftc-event-scenarios/Example-06-Submission-1.xml,Fail_MappedNone,trade.tradeHeader.partyTradeInformation(1).reportingRegime(3).mandatorilyClearable,trade.tradeHeader.partyTradeInformation.reportingRegime.mandatorilyClearable,0,,Element with value false could not be mapped to a rosettaField
cdm-sample-files/cftc-event-scenarios/Example-06-Submission-1.xml,Fail_MappedNone,trade.tradeHeader.partyTradeInformation(0).reportingRegime(4).supervisorRegistration.supervisoryBody,trade.tradeHeader.partyTradeInformation.reportingRegime.supervisorRegistration.supervisoryBody,0,,Element with value JFSA could not be mapped to a rosettaField
cdm-sample-files/cftc-event-scenarios/Example-06-Submission-1.xml,Fail_MappedNone,trade.tradeHeader.partyTradeInformation(1).reportingRegime(0).supervisorRegistration.supervisoryBody,trade.tradeHeader.partyTradeInformation.reportingRegime.supervisorRegistration.supervisoryBody,0,,Element with value ESMA could not be mapped to a rosettaField
cdm-sample-files/cftc-event-scenarios/Example-06-Submission-1.xml,Fail_MappedNone,trade.tradeHeader.partyTradeInformation(0).reportingRegime(2).name,trade.tradeHeader.partyTradeInformation.reportingRegime.name,0,,Element with value EMIR could not be mapped to a rosettaField
cdm-sample-files/cftc-event-scenarios/Example-06-Submission-1.xml,Fail_MappedNone,trade.tradeHeader.partyTradeInformation(0).reportingRegime(2).reportingPurpose,trade.tradeHeader.partyTradeInformation.reportingRegime.reportingPurpose,0,,Element with value PrimaryEconomicTerms could not be mapped to a rosettaField
cdm-sample-files/cftc-event-scenarios/Example-06-Submission-1.xml,Fail_MappedNone,trade.tradeHeader.partyTradeInformation(0).executionVenueType,trade.tradeHeader.partyTradeInformation.executionVenueType,0,,Element with value SEF could not be mapped to a rosettaField
cdm-sample-files/cftc-event-scenarios/Example-06-Submission-1.xml,Fail_MappedNone,trade.tradeHeader.partyTradeInformation(1).reportingRegime(0).reportingRole,trade.tradeHeader.partyTradeInformation.reportingRegime.reportingRole,0,,Element with value ReportingParty could not be mapped to a rosettaField
cdm-sample-files/cftc-event-scenarios/Example-06-Submission-1.xml,Fail_MappedNone,trade.tradeHeader.partyTradeInformation(0).reportingRegime(0).mandatorilyClearable,trade.tradeHeader.partyTradeInformation.reportingRegime.mandatorilyClearable,0,,Element with value false could not be mapped to a rosettaField
cdm-sample-files/cftc-event-scenarios/Example-06-Submission-1.xml,Fail_MappedNone,party(0)[id=party1].classification(1)[industryClassificationScheme=http://www.fpml.org/coding-scheme/hkma-rewrite-regulatory-corporate-sector],party[id=party1].classification[industryClassificationScheme=http://www.fpml.org/coding-scheme/hkma-rewrite-regulatory-corporate-sector],0,,Element with value INUN could not be mapped to a rosettaField
cdm-sample-files/cftc-event-scenarios/Example-06-Submission-1.xml,Fail_MappedNone,trade.tradeHeader.partyTradeInformation(0).collateralizationType,trade.tradeHeader.partyTradeInformation.collateralizationType,0,,Element with value Fully could not be mapped to a rosettaField
cdm-sample-files/cftc-event-scenarios/Example-06-Submission-1.xml,Fail_MappedNone,trade.tradeHeader.partyTradeInformation(0).reportingRegime(3).exceedsClearingThreshold,trade.tradeHeader.partyTradeInformation.reportingRegime.exceedsClearingThreshold,0,,Element with value true could not be mapped to a rosettaField
cdm-sample-files/cftc-event-scenarios/Example-06-Submission-1.xml,Fail_MappedNone,trade.tradeHeader.partyTradeInformation(1).reportingRegime(3).entityClassification[entityClassificationScheme=http://www.fpml.org/coding-scheme/cftc-entity-classification].entityClassificationScheme,trade.tradeHeader.partyTradeInformation.reportingRegime.entityClassification[entityClassificationScheme=http://www.fpml.org/coding-scheme/cftc-entity-classification].entityClassificationScheme,0,,Element with value http://www.fpml.org/coding-scheme/cftc-entity-classification could not be mapped to a rosettaField
cdm-sample-files/cftc-event-scenarios/Example-06-Submission-1.xml,Fail_MappedNone,trade.tradeHeader.partyTradeInformation(0).reportingRegime(5).entityClassification[entityClassificationScheme=http://www.fpml.org/coding-scheme/cftc-entity-classification],trade.tradeHeader.partyTradeInformation.reportingRegime.entityClassification[entityClassificationScheme=http://www.fpml.org/coding-scheme/cftc-entity-classification],0,,Element with value SBSD could not be mapped to a rosettaField
cdm-sample-files/cftc-event-scenarios/Example-06-Submission-1.xml,Fail_MappedNone,trade.tradeHeader.partyTradeInformation(1).reportingRegime(4).name,trade.tradeHeader.partyTradeInformation.reportingRegime.name,0,,Element with value HKTR could not be mapped to a rosettaField
cdm-sample-files/cftc-event-scenarios/Example-06-Submission-1.xml,Fail_MappedNone,trade.tradeHeader.partyTradeInformation(0).reportingRegime(6).reportingRole,trade.tradeHeader.partyTradeInformation.reportingRegime.reportingRole,0,,Element with value ReportingParty could not be mapped to a rosettaField
cdm-sample-files/cftc-event-scenarios/Example-06-Submission-1.xml,Fail_MappedNone,trade.tradeHeader.partyTradeInformation(0).reportingRegime(6).supervisorRegistration.supervisoryBody,trade.tradeHeader.partyTradeInformation.reportingRegime.supervisorRegistration.supervisoryBody,0,,Element with value HKMA could not be mapped to a rosettaField
cdm-sample-files/cftc-event-scenarios/Example-06-Submission-1.xml,Fail_MappedNone,trade.tradeHeader.partyTradeInformation(1).reportingRegime(3).entityClassification[entityClassificationScheme=http://www.fpml.org/coding-scheme/cftc-entity-classification],trade.tradeHeader.partyTradeInformation.reportingRegime.entityClassification[entityClassificationScheme=http://www.fpml.org/coding-scheme/cftc-entity-classification],0,,Element with value SBSD could not be mapped to a rosettaField
cdm-sample-files/cftc-event-scenarios/Example-06-Submission-1.xml,Fail_MappedNone,trade.tradeHeader.partyTradeInformation(1).reportingRegime(0).exceedsClearingThreshold,trade.tradeHeader.partyTradeInformation.reportingRegime.exceedsClearingThreshold,0,,Element with value true could not be mapped to a rosettaField
cdm-sample-files/cftc-event-scenarios/Example-06-Submission-1.xml,Fail_MappedNone,trade.tradeHeader.partyTradeInformation(1).reportingRegime(2).supervisorRegistration.supervisoryBody,trade.tradeHeader.partyTradeInformation.reportingRegime.supervisorRegistration.supervisoryBody,0,,Element with value JFSA could not be mapped to a rosettaField
cdm-sample-files/cftc-event-scenarios/Example-06-Submission-1.xml,Fail_MappedNone,trade.tradeHeader.partyTradeInformation(0).reportingRegime(1).reportingPurpose,trade.tradeHeader.partyTradeInformation.reportingRegime.reportingPurpose,0,,Element with value PrimaryEconomicTerms could not be mapped to a rosettaField
cdm-sample-files/cftc-event-scenarios/Example-06-Submission-1.xml,Fail_MappedNone,trade.tradeHeader.partyTradeInformation(0).reportingRegime(3).name,trade.tradeHeader.partyTradeInformation.reportingRegime.name,0,,Element with value UKEMIR could not be mapped to a rosettaField
cdm-sample-files/cftc-event-scenarios/Example-06-Submission-1.xml,Fail_MappedNone,party(1)[id=party2].classification(1)[industryClassificationScheme=http://www.fpml.org/coding-scheme/hkma-rewrite-regulatory-corporate-sector],party[id=party2].classification[industryClassificationScheme=http://www.fpml.org/coding-scheme/hkma-rewrite-regulatory-corporate-sector],0,,Element with value INVF could not be mapped to a rosettaField
cdm-sample-files/cftc-event-scenarios/Example-06-Submission-1.xml,Fail_MappedNone,trade.tradeHeader.partyTradeInformation(1).reportingRegime(3).reportingRole,trade.tradeHeader.partyTradeInformation.reportingRegime.reportingRole,0,,Element with value ReportingParty could not be mapped to a rosettaField
cdm-sample-files/cftc-event-scenarios/Example-06-Submission-1.xml,Fail_MappedNone,trade.tradeHeader.partyTradeInformation(0).reportingRegime(2).entityClassification[entityClassificationScheme=http://www.fpml.org/coding-scheme/esma-entity-classification],trade.tradeHeader.partyTradeInformation.reportingRegime.entityClassification[entityClassificationScheme=http://www.fpml.org/coding-scheme/esma-entity-classification],0,,Element with value Financial could not be mapped to a rosettaField
cdm-sample-files/cftc-event-scenarios/Example-06-Submission-1.xml,Fail_MappedNone,trade.tradeHeader.partyTradeInformation(1).reportingRegime(1).mandatorilyClearable,trade.tradeHeader.partyTradeInformation.reportingRegime.mandatorilyClearable,0,,Element with value false could not be mapped to a rosettaField
cdm-sample-files/cftc-event-scenarios/Example-06-Submission-1.xml,Fail_MappedNone,party(0)[id=party1].classification(0)[industryClassificationScheme=http://www.fpml.org/coding-scheme/esma-emir-refit-regulatory-corporate-sector],party[id=party1].classification[industryClassificationScheme=http://www.fpml.org/coding-scheme/esma-emir-refit-regulatory-corporate-sector],0,,Element with value INUN could not be mapped to a rosettaField
cdm-sample-files/cftc-event-scenarios/Example-06-Submission-1.xml,Fail_MappedMultiple,party(0)[id=party1].partyId[partyIdScheme=http://www.fpml.org/coding-scheme/external/iso17442].partyIdScheme,party[id=party1].partyId[partyIdScheme=http://www.fpml.org/coding-scheme/external/iso17442].partyIdScheme,2,ReportableEvent.originatingWorkflowStep.proposedEvent.instruction(0).before.value.trade.party(0).partyId(0).identifierType=[LEI] ReportableEvent.originatingWorkflowStep.proposedEvent.instruction(0).before.value.trade.party(0).partyId(0).identifier.meta.scheme=[http://www.fpml.org/coding-scheme/external/iso17442],Element mapped to multiple rosettaFields
cdm-sample-files/cftc-event-scenarios/Example-06-Submission-1.xml,Fail_MappedNone,trade.tradeHeader.partyTradeInformation(0).reportingRegime(1).reportingRole,trade.tradeHeader.partyTradeInformation.reportingRegime.reportingRole,0,,Element with value ReportingParty could not be mapped to a rosettaField
cdm-sample-files/cftc-event-scenarios/Example-06-Submission-1.xml,Fail_MappedNone,trade.tradeHeader.partyTradeInformation(0).reportingRegime(0).reportingPurpose,trade.tradeHeader.partyTradeInformation.reportingRegime.reportingPurpose,0,,Element with value PrimaryEconomicTerms could not be mapped to a rosettaField
cdm-sample-files/cftc-event-scenarios/Example-06-Submission-1.xml,Fail_MappedNone,trade.tradeHeader.partyTradeInformation(0).reportingRegime(4).name,trade.tradeHeader.partyTradeInformation.reportingRegime.name,0,,Element with value JFSA could not be mapped to a rosettaField
cdm-sample-files/cftc-event-scenarios/Example-06-Submission-1.xml,Fail_MappedNone,trade.tradeHeader.partyTradeInformation(1).reportingRegime(4).entityClassification,trade.tradeHeader.partyTradeInformation.reportingRegime.entityClassification,0,,Element with value Financial could not be mapped to a rosettaField
cdm-sample-files/cftc-event-scenarios/Example-06-Submission-1.xml,Fail_MappedNone,trade.tradeHeader.partyTradeInformation(0).largeSizeTrade,trade.tradeHeader.partyTradeInformation.largeSizeTrade,0,,Element with value false could not be mapped to a rosettaField
cdm-sample-files/cftc-event-scenarios/Example-06-Submission-1.xml,Fail_MappedMultiple,party(1)[id=party2].partyId[partyIdScheme=http://www.fpml.org/coding-scheme/external/iso17442].partyIdScheme,party[id=party2].partyId[partyIdScheme=http://www.fpml.org/coding-scheme/external/iso17442].partyIdScheme,2,ReportableEvent.originatingWorkflowStep.proposedEvent.instruction(0).before.value.trade.party(1).partyId(0).identifier.meta.scheme=[http://www.fpml.org/coding-scheme/external/iso17442] ReportableEvent.originatingWorkflowStep.proposedEvent.instruction(0).before.value.trade.party(1).partyId(0).identifierType=[LEI],Element mapped to multiple rosettaFields
cdm-sample-files/cftc-event-scenarios/Example-06-Submission-1.xml,Fail_MappedNone,trade.tradeHeader.partyTradeInformation(1).reportingRegime(2).reportingRole,trade.tradeHeader.partyTradeInformation.reportingRegime.reportingRole,0,,Element with value ReportingParty could not be mapped to a rosettaField
cdm-sample-files/cftc-event-scenarios/Example-06-Submission-1.xml,Fail_MappedNone,trade.tradeHeader.partyTradeInformation(0).reportingRegime(6).mandatorilyClearable,trade.tradeHeader.partyTradeInformation.reportingRegime.mandatorilyClearable,0,,Element with value false could not be mapped to a rosettaField
cdm-sample-files/cftc-event-scenarios/Example-06-Submission-1.xml,Fail_MappedNone,trade.tradeHeader.partyTradeInformation(0).reportingRegime(3).entityClassification[entityClassificationScheme=http://www.fpml.org/coding-scheme/esma-entity-classification].entityClassificationScheme,trade.tradeHeader.partyTradeInformation.reportingRegime.entityClassification[entityClassificationScheme=http://www.fpml.org/coding-scheme/esma-entity-classification].entityClassificationScheme,0,,Element with value http://www.fpml.org/coding-scheme/esma-entity-classification could not be mapped to a rosettaField
cdm-sample-files/cftc-event-scenarios/Example-06-Submission-1.xml,Fail_MappedNone,trade.tradeHeader.partyTradeInformation(1).reportingRegime(1).supervisorRegistration.supervisoryBody,trade.tradeHeader.partyTradeInformation.reportingRegime.supervisorRegistration.supervisoryBody,0,,Element with value FCA could not be mapped to a rosettaField
cdm-sample-files/cftc-event-scenarios/Example-06-Submission-1.xml,Fail_MappedNone,trade.tradeHeader.partyTradeInformation(1).reportingRegime(1).reportingPurpose,trade.tradeHeader.partyTradeInformation.reportingRegime.reportingPurpose,0,,Element with value PrimaryEconomicTerms could not be mapped to a rosettaField
cdm-sample-files/cftc-event-scenarios/Example-06-Submission-1.xml,Fail_MappedNone,trade.tradeHeader.partyTradeInformation(0).reportingRegime(3).entityClassification[entityClassificationScheme=http://www.fpml.org/coding-scheme/esma-entity-classification],trade.tradeHeader.partyTradeInformation.reportingRegime.entityClassification[entityClassificationScheme=http://www.fpml.org/coding-scheme/esma-entity-classification],0,,Element with value Financial could not be mapped to a rosettaField
cdm-sample-files/cftc-event-scenarios/Example-06-Submission-1.xml,Fail_MappedNone,sequenceNumber,sequenceNumber,0,,Element with value 1 could not be mapped to a rosettaField
cdm-sample-files/cftc-event-scenarios/Example-06-Submission-1.xml,Fail_MappedNone,trade.tradeHeader.partyTradeInformation(0).reportingRegime(5).name,trade.tradeHeader.partyTradeInformation.reportingRegime.name,0,,Element with value CSA could not be mapped to a rosettaField
cdm-sample-files/cftc-event-scenarios/Example-06-Submission-1.xml,Fail_MappedNone,trade.tradeHeader.partyTradeInformation(1).reportingRegime(0).mandatorilyClearable,trade.tradeHeader.partyTradeInformation.reportingRegime.mandatorilyClearable,0,,Element with value false could not be mapped to a rosettaField
cdm-sample-files/cftc-event-scenarios/Example-06-Submission-1.xml,Fail_MappedNone,trade.tradeHeader.partyTradeInformation(0).reportingRegime(0).supervisorRegistration.supervisoryBody,trade.tradeHeader.partyTradeInformation.reportingRegime.supervisorRegistration.supervisoryBody,0,,Element with value CFTC could not be mapped to a rosettaField
cdm-sample-files/cftc-event-scenarios/Example-06-Submission-1.xml,Fail_MappedNone,party(1)[id=party2].classification(0)[industryClassificationScheme=http://www.fpml.org/coding-scheme/esma-emir-refit-regulatory-corporate-sector],party[id=party2].classification[industryClassificationScheme=http://www.fpml.org/coding-scheme/esma-emir-refit-regulatory-corporate-sector],0,,Element with value INVF could not be mapped to a rosettaField
cdm-sample-files/cftc-event-scenarios/Example-06-Submission-1.xml,Fail_MappedNone,trade.tradeHeader.partyTradeInformation(0).reportingRegime(0).reportingRole,trade.tradeHeader.partyTradeInformation.reportingRegime.reportingRole,0,,Element with value ReportingParty could not be mapped to a rosettaField
cdm-sample-files/cftc-event-scenarios/Example-07-Submission-1.xml,Fail_MappedNone,trade.tradeHeader.partyTradeInformation(0).reportingRegime(2).supervisorRegistration.supervisoryBody,trade.tradeHeader.partyTradeInformation.reportingRegime.supervisorRegistration.supervisoryBody,0,,Element with value ESMA could not be mapped to a rosettaField
cdm-sample-files/cftc-event-scenarios/Example-07-Submission-1.xml,Fail_MappedNone,trade.tradeHeader.partyTradeInformation(1).reportingRegime(1).entityClassification[entityClassificationScheme=http://www.fpml.org/coding-scheme/esma-entity-classification],trade.tradeHeader.partyTradeInformation.reportingRegime.entityClassification[entityClassificationScheme=http://www.fpml.org/coding-scheme/esma-entity-classification],0,,Element with value Financial could not be mapped to a rosettaField
cdm-sample-files/cftc-event-scenarios/Example-07-Submission-1.xml,Fail_MappedNone,correlationId[correlationIdScheme=http://fpml.org/submitter_trade_id].correlationIdScheme,correlationId[correlationIdScheme=http://fpml.org/submitter_trade_id].correlationIdScheme,0,,Element with value http://fpml.org/submitter_trade_id could not be mapped to a rosettaField
cdm-sample-files/cftc-event-scenarios/Example-07-Submission-1.xml,Fail_MappedNone,trade.tradeHeader.partyTradeInformation(1).reportingRegime(0).reportingPurpose,trade.tradeHeader.partyTradeInformation.reportingRegime.reportingPurpose,0,,Element with value PrimaryEconomicTerms could not be mapped to a rosettaField
cdm-sample-files/cftc-event-scenarios/Example-07-Submission-1.xml,Fail_MappedNone,party(1)[id=party2].classification(0)[industryClassificationScheme=http://www.fpml.org/coding-scheme/esma-emir-refit-regulatory-corporate-sector].industryClassificationScheme,party[id=party2].classification[industryClassificationScheme=http://www.fpml.org/coding-scheme/esma-emir-refit-regulatory-corporate-sector].industryClassificationScheme,0,,Element with value http://www.fpml.org/coding-scheme/esma-emir-refit-regulatory-corporate-sector could not be mapped to a rosettaField
cdm-sample-files/cftc-event-scenarios/Example-07-Submission-1.xml,Fail_MappedNone,trade.tradeHeader.partyTradeInformation(0).reportingRegime(5).mandatorilyClearable,trade.tradeHeader.partyTradeInformation.reportingRegime.mandatorilyClearable,0,,Element with value false could not be mapped to a rosettaField
cdm-sample-files/cftc-event-scenarios/Example-07-Submission-1.xml,Fail_MappedNone,trade.tradeHeader.partyTradeInformation(0).offMarketPrice,trade.tradeHeader.partyTradeInformation.offMarketPrice,0,,Element with value false could not be mapped to a rosettaField
cdm-sample-files/cftc-event-scenarios/Example-07-Submission-1.xml,Fail_MappedNone,trade.tradeHeader.partyTradeInformation(1).reportingRegime(1).entityClassification[entityClassificationScheme=http://www.fpml.org/coding-scheme/esma-entity-classification].entityClassificationScheme,trade.tradeHeader.partyTradeInformation.reportingRegime.entityClassification[entityClassificationScheme=http://www.fpml.org/coding-scheme/esma-entity-classification].entityClassificationScheme,0,,Element with value http://www.fpml.org/coding-scheme/esma-entity-classification could not be mapped to a rosettaField
cdm-sample-files/cftc-event-scenarios/Example-07-Submission-1.xml,Fail_MappedNone,trade.tradeHeader.partyTradeInformation(0).relatedBusinessUnit.role,trade.tradeHeader.partyTradeInformation.relatedBusinessUnit.role,0,,Element with value TradingDesk could not be mapped to a rosettaField
cdm-sample-files/cftc-event-scenarios/Example-07-Submission-1.xml,Fail_MappedNone,trade.tradeHeader.partyTradeInformation(0).reportingRegime(6).name,trade.tradeHeader.partyTradeInformation.reportingRegime.name,0,,Element with value HKTR could not be mapped to a rosettaField
cdm-sample-files/cftc-event-scenarios/Example-07-Submission-1.xml,Fail_MappedNone,trade.tradeHeader.partyTradeInformation(0).reportingRegime(3).reportingRole,trade.tradeHeader.partyTradeInformation.reportingRegime.reportingRole,0,,Element with value ReportingParty could not be mapped to a rosettaField
cdm-sample-files/cftc-event-scenarios/Example-07-Submission-1.xml,Fail_MappedNone,trade.tradeHeader.partyTradeInformation(0).reportingRegime(5).entityClassification[entityClassificationScheme=http://www.fpml.org/coding-scheme/cftc-entity-classification].entityClassificationScheme,trade.tradeHeader.partyTradeInformation.reportingRegime.entityClassification[entityClassificationScheme=http://www.fpml.org/coding-scheme/cftc-entity-classification].entityClassificationScheme,0,,Element with value http://www.fpml.org/coding-scheme/cftc-entity-classification could not be mapped to a rosettaField
cdm-sample-files/cftc-event-scenarios/Example-07-Submission-1.xml,Fail_MappedNone,trade.tradeHeader.partyTradeInformation(1).reportingRegime(1).exceedsClearingThreshold,trade.tradeHeader.partyTradeInformation.reportingRegime.exceedsClearingThreshold,0,,Element with value true could not be mapped to a rosettaField
cdm-sample-files/cftc-event-scenarios/Example-07-Submission-1.xml,Fail_MappedNone,trade.tradeHeader.partyTradeInformation(1).reportingRegime(0).entityClassification[entityClassificationScheme=http://www.fpml.org/coding-scheme/esma-entity-classification].entityClassificationScheme,trade.tradeHeader.partyTradeInformation.reportingRegime.entityClassification[entityClassificationScheme=http://www.fpml.org/coding-scheme/esma-entity-classification].entityClassificationScheme,0,,Element with value http://www.fpml.org/coding-scheme/esma-entity-classification could not be mapped to a rosettaField
cdm-sample-files/cftc-event-scenarios/Example-07-Submission-1.xml,Fail_MappedNone,trade.tradeHeader.partyTradeInformation(1).reportingRegime(3).supervisorRegistration.supervisoryBody,trade.tradeHeader.partyTradeInformation.reportingRegime.supervisorRegistration.supervisoryBody,0,,Element with value CA.AB.ASC could not be mapped to a rosettaField
cdm-sample-files/cftc-event-scenarios/Example-07-Submission-1.xml,Fail_MappedNone,party(1)[id=party2].classification(1)[industryClassificationScheme=http://www.fpml.org/coding-scheme/hkma-rewrite-regulatory-corporate-sector].industryClassificationScheme,party[id=party2].classification[industryClassificationScheme=http://www.fpml.org/coding-scheme/hkma-rewrite-regulatory-corporate-sector].industryClassificationScheme,0,,Element with value http://www.fpml.org/coding-scheme/hkma-rewrite-regulatory-corporate-sector could not be mapped to a rosettaField
cdm-sample-files/cftc-event-scenarios/Example-07-Submission-1.xml,Fail_MappedNone,trade.tradeHeader.partyTradeInformation(1).reportingRegime(4).reportingRole,trade.tradeHeader.partyTradeInformation.reportingRegime.reportingRole,0,,Element with value ReportingParty could not be mapped to a rosettaField
cdm-sample-files/cftc-event-scenarios/Example-07-Submission-1.xml,Fail_MappedNone,trade.tradeHeader.partyTradeInformation(0).reportingRegime(1).supervisorRegistration.supervisoryBody,trade.tradeHeader.partyTradeInformation.reportingRegime.supervisorRegistration.supervisoryBody,0,,Element with value SEC could not be mapped to a rosettaField
cdm-sample-files/cftc-event-scenarios/Example-07-Submission-1.xml,Fail_MappedNone,party(0)[id=party1].organizationType,party[id=party1].organizationType,0,,Element with value SD could not be mapped to a rosettaField
cdm-sample-files/cftc-event-scenarios/Example-07-Submission-1.xml,Fail_MappedNone,trade.tradeHeader.partyTradeInformation(1).reportingRegime(0).name,trade.tradeHeader.partyTradeInformation.reportingRegime.name,0,,Element with value EMIR could not be mapped to a rosettaField
cdm-sample-files/cftc-event-scenarios/Example-07-Submission-1.xml,Fail_MappedMultiple,party(2)[id=broker1].partyId[partyIdScheme=http://www.fpml.org/coding-scheme/external/iso17442].partyIdScheme,party[id=broker1].partyId[partyIdScheme=http://www.fpml.org/coding-scheme/external/iso17442].partyIdScheme,2,ReportableEvent.originatingWorkflowStep.proposedEvent.instruction(0).before.value.trade.party(2).partyId(0).identifierType=[LEI] ReportableEvent.originatingWorkflowStep.proposedEvent.instruction(0).before.value.trade.party(2).partyId(0).identifier.meta.scheme=[http://www.fpml.org/coding-scheme/external/iso17442],Element mapped to multiple rosettaFields
cdm-sample-files/cftc-event-scenarios/Example-07-Submission-1.xml,Fail_MappedNone,trade.tradeHeader.partyTradeInformation(0).reportingRegime(2).reportingRole,trade.tradeHeader.partyTradeInformation.reportingRegime.reportingRole,0,,Element with value ReportingParty could not be mapped to a rosettaField
cdm-sample-files/cftc-event-scenarios/Example-07-Submission-1.xml,Fail_MappedMultiple,party(3)[id=clearing-svc].partyId[partyIdScheme=http://www.fpml.org/coding-scheme/external/iso17442].partyIdScheme,party[id=clearing-svc].partyId[partyIdScheme=http://www.fpml.org/coding-scheme/external/iso17442].partyIdScheme,2,ReportableEvent.originatingWorkflowStep.proposedEvent.instruction(0).before.value.trade.party(3).partyId(0).identifierType=[LEI] ReportableEvent.originatingWorkflowStep.proposedEvent.instruction(0).before.value.trade.party(3).partyId(0).identifier.meta.scheme=[http://www.fpml.org/coding-scheme/external/iso17442],Element mapped to multiple rosettaFields
cdm-sample-files/cftc-event-scenarios/Example-07-Submission-1.xml,Fail_MappedNone,trade.tradeHeader.partyTradeInformation(0).reportingRegime(3).mandatorilyClearable,trade.tradeHeader.partyTradeInformation.reportingRegime.mandatorilyClearable,0,,Element with value false could not be mapped to a rosettaField
cdm-sample-files/cftc-event-scenarios/Example-07-Submission-1.xml,Fail_MappedNone,party(1)[id=party2].organizationType,party[id=party2].organizationType,0,,Element with value SD could not be mapped to a rosettaField
cdm-sample-files/cftc-event-scenarios/Example-07-Submission-1.xml,Fail_MappedNone,trade.tradeHeader.partyTradeInformation(0).reportingRegime(2).exceedsClearingThreshold,trade.tradeHeader.partyTradeInformation.reportingRegime.exceedsClearingThreshold,0,,Element with value true could not be mapped to a rosettaField
cdm-sample-files/cftc-event-scenarios/Example-07-Submission-1.xml,Fail_MappedNone,trade.tradeHeader.partyTradeInformation(1).reportingRegime(1).name,trade.tradeHeader.partyTradeInformation.reportingRegime.name,0,,Element with value UKEMIR could not be mapped to a rosettaField
cdm-sample-files/cftc-event-scenarios/Example-07-Submission-1.xml,Fail_MappedNone,trade.tradeHeader.partyTradeInformation(0).reportingRegime(6).entityClassification,trade.tradeHeader.partyTradeInformation.reportingRegime.entityClassification,0,,Element with value Financial could not be mapped to a rosettaField
cdm-sample-files/cftc-event-scenarios/Example-07-Submission-1.xml,Fail_MappedNone,onBehalfOf.partyReference[href=party1].href,onBehalfOf.partyReference[href=party1].href,0,,Element with value party1 could not be mapped to a rosettaField
cdm-sample-files/cftc-event-scenarios/Example-07-Submission-1.xml,Fail_MappedNone,trade.tradeHeader.partyTradeInformation(0).reportingRegime(5).reportingRole,trade.tradeHeader.partyTradeInformation.reportingRegime.reportingRole,0,,Element with value ReportingParty could not be mapped to a rosettaField
cdm-sample-files/cftc-event-scenarios/Example-07-Submission-1.xml,Fail_MappedNone,party(0)[id=party1].classification(0)[industryClassificationScheme=http://www.fpml.org/coding-scheme/esma-emir-refit-regulatory-corporate-sector].industryClassificationScheme,party[id=party1].classification[industryClassificationScheme=http://www.fpml.org/coding-scheme/esma-emir-refit-regulatory-corporate-sector].industryClassificationScheme,0,,Element with value http://www.fpml.org/coding-scheme/esma-emir-refit-regulatory-corporate-sector could not be mapped to a rosettaField
cdm-sample-files/cftc-event-scenarios/Example-07-Submission-1.xml,Fail_MappedNone,trade.tradeHeader.partyTradeInformation(1).reportingRegime(0).entityClassification[entityClassificationScheme=http://www.fpml.org/coding-scheme/esma-entity-classification],trade.tradeHeader.partyTradeInformation.reportingRegime.entityClassification[entityClassificationScheme=http://www.fpml.org/coding-scheme/esma-entity-classification],0,,Element with value Financial could not be mapped to a rosettaField
cdm-sample-files/cftc-event-scenarios/Example-07-Submission-1.xml,Fail_MappedNone,trade.tradeHeader.partyTradeInformation(0).reportingRegime(2).mandatorilyClearable,trade.tradeHeader.partyTradeInformation.reportingRegime.mandatorilyClearable,0,,Element with value false could not be mapped to a rosettaField
cdm-sample-files/cftc-event-scenarios/Example-07-Submission-1.xml,Fail_MappedNone,trade.tradeHeader.partyTradeInformation(0).reportingRegime(3).supervisorRegistration.supervisoryBody,trade.tradeHeader.partyTradeInformation.reportingRegime.supervisorRegistration.supervisoryBody,0,,Element with value FCA could not be mapped to a rosettaField
cdm-sample-files/cftc-event-scenarios/Example-07-Submission-1.xml,Fail_MappedNone,trade.tradeHeader.partyTradeInformation(0).executionType,trade.tradeHeader.partyTradeInformation.executionType,0,,Element with value Electronic could not be mapped to a rosettaField
cdm-sample-files/cftc-event-scenarios/Example-07-Submission-1.xml,Fail_MappedNone,trade.tradeHeader.partyTradeInformation(1).reportingRegime(2).name,trade.tradeHeader.partyTradeInformation.reportingRegime.name,0,,Element with value JFSA could not be mapped to a rosettaField
cdm-sample-files/cftc-event-scenarios/Example-07-Submission-1.xml,Fail_MappedNone,correlationId[correlationIdScheme=http://fpml.org/submitter_trade_id],correlationId[correlationIdScheme=http://fpml.org/submitter_trade_id],0,,Element with value TW9235 could not be mapped to a rosettaField
cdm-sample-files/cftc-event-scenarios/Example-07-Submission-1.xml,Fail_MappedNone,trade.tradeHeader.partyTradeInformation(1).reportingRegime(4).supervisorRegistration.supervisoryBody,trade.tradeHeader.partyTradeInformation.reportingRegime.supervisorRegistration.supervisoryBody,0,,Element with value HKMA could not be mapped to a rosettaField
cdm-sample-files/cftc-event-scenarios/Example-07-Submission-1.xml,Fail_MappedNone,trade.tradeHeader.partyTradeInformation(0).reportingRegime(4).reportingRole,trade.tradeHeader.partyTradeInformation.reportingRegime.reportingRole,0,,Element with value ReportingParty could not be mapped to a rosettaField
cdm-sample-files/cftc-event-scenarios/Example-07-Submission-1.xml,Fail_MappedNone,trade.tradeHeader.partyTradeInformation(0).relatedBusinessUnit.businessUnitReference[href=desk1].href,trade.tradeHeader.partyTradeInformation.relatedBusinessUnit.businessUnitReference[href=desk1].href,0,,Element with value desk1 could not be mapped to a rosettaField
cdm-sample-files/cftc-event-scenarios/Example-07-Submission-1.xml,Fail_MappedNone,party(0)[id=party1].classification(1)[industryClassificationScheme=http://www.fpml.org/coding-scheme/hkma-rewrite-regulatory-corporate-sector].industryClassificationScheme,party[id=party1].classification[industryClassificationScheme=http://www.fpml.org/coding-scheme/hkma-rewrite-regulatory-corporate-sector].industryClassificationScheme,0,,Element with value http://www.fpml.org/coding-scheme/hkma-rewrite-regulatory-corporate-sector could not be mapped to a rosettaField
cdm-sample-files/cftc-event-scenarios/Example-07-Submission-1.xml,Fail_MappedNone,trade.tradeHeader.partyTradeInformation(1).reportingRegime(4).mandatorilyClearable,trade.tradeHeader.partyTradeInformation.reportingRegime.mandatorilyClearable,0,,Element with value false could not be mapped to a rosettaField
cdm-sample-files/cftc-event-scenarios/Example-07-Submission-1.xml,Fail_MappedNone,trade.tradeHeader.partyTradeInformation(0).reportingRegime(3).reportingPurpose,trade.tradeHeader.partyTradeInformation.reportingRegime.reportingPurpose,0,,Element with value PrimaryEconomicTerms could not be mapped to a rosettaField
cdm-sample-files/cftc-event-scenarios/Example-07-Submission-1.xml,Fail_MappedNone,trade.tradeHeader.partyTradeInformation(0).reportingRegime(1).mandatorilyClearable,trade.tradeHeader.partyTradeInformation.reportingRegime.mandatorilyClearable,0,,Element with value false could not be mapped to a rosettaField
cdm-sample-files/cftc-event-scenarios/Example-07-Submission-1.xml,Fail_MappedNone,trade.tradeHeader.partyTradeInformation(0).reportingRegime(2).entityClassification[entityClassificationScheme=http://www.fpml.org/coding-scheme/esma-entity-classification].entityClassificationScheme,trade.tradeHeader.partyTradeInformation.reportingRegime.entityClassification[entityClassificationScheme=http://www.fpml.org/coding-scheme/esma-entity-classification].entityClassificationScheme,0,,Element with value http://www.fpml.org/coding-scheme/esma-entity-classification could not be mapped to a rosettaField
cdm-sample-files/cftc-event-scenarios/Example-07-Submission-1.xml,Fail_MappedNone,trade.tradeHeader.partyTradeInformation(1).reportingRegime(1).reportingRole,trade.tradeHeader.partyTradeInformation.reportingRegime.reportingRole,0,,Element with value ReportingParty could not be mapped to a rosettaField
cdm-sample-files/cftc-event-scenarios/Example-07-Submission-1.xml,Fail_MappedNone,trade.tradeHeader.partyTradeInformation(0).reportingRegime(5).supervisorRegistration.supervisoryBody,trade.tradeHeader.partyTradeInformation.reportingRegime.supervisorRegistration.supervisoryBody,0,,Element with value CA.AB.ASC could not be mapped to a rosettaField
cdm-sample-files/cftc-event-scenarios/Example-07-Submission-1.xml,Fail_MappedNone,trade.tradeHeader.partyTradeInformation(1).reportingRegime(3).name,trade.tradeHeader.partyTradeInformation.reportingRegime.name,0,,Element with value CSA could not be mapped to a rosettaField
cdm-sample-files/cftc-event-scenarios/Example-07-Submission-1.xml,Fail_MappedNone,trade.tradeHeader.partyTradeInformation(1).reportingRegime(3).mandatorilyClearable,trade.tradeHeader.partyTradeInformation.reportingRegime.mandatorilyClearable,0,,Element with value false could not be mapped to a rosettaField
cdm-sample-files/cftc-event-scenarios/Example-07-Submission-1.xml,Fail_MappedNone,trade.tradeHeader.partyTradeInformation(0).reportingRegime(4).supervisorRegistration.supervisoryBody,trade.tradeHeader.partyTradeInformation.reportingRegime.supervisorRegistration.supervisoryBody,0,,Element with value JFSA could not be mapped to a rosettaField
cdm-sample-files/cftc-event-scenarios/Example-07-Submission-1.xml,Fail_MappedNone,trade.tradeHeader.partyTradeInformation(1).reportingRegime(0).supervisorRegistration.supervisoryBody,trade.tradeHeader.partyTradeInformation.reportingRegime.supervisorRegistration.supervisoryBody,0,,Element with value ESMA could not be mapped to a rosettaField
cdm-sample-files/cftc-event-scenarios/Example-07-Submission-1.xml,Fail_MappedNone,trade.tradeHeader.partyTradeInformation(0).reportingRegime(2).name,trade.tradeHeader.partyTradeInformation.reportingRegime.name,0,,Element with value EMIR could not be mapped to a rosettaField
cdm-sample-files/cftc-event-scenarios/Example-07-Submission-1.xml,Fail_MappedNone,trade.tradeHeader.partyTradeInformation(0).reportingRegime(2).reportingPurpose,trade.tradeHeader.partyTradeInformation.reportingRegime.reportingPurpose,0,,Element with value PrimaryEconomicTerms could not be mapped to a rosettaField
cdm-sample-files/cftc-event-scenarios/Example-07-Submission-1.xml,Fail_MappedNone,trade.tradeHeader.partyTradeInformation(0).executionVenueType,trade.tradeHeader.partyTradeInformation.executionVenueType,0,,Element with value SEF could not be mapped to a rosettaField
cdm-sample-files/cftc-event-scenarios/Example-07-Submission-1.xml,Fail_MappedNone,trade.tradeHeader.partyTradeInformation(1).reportingRegime(0).reportingRole,trade.tradeHeader.partyTradeInformation.reportingRegime.reportingRole,0,,Element with value ReportingParty could not be mapped to a rosettaField
cdm-sample-files/cftc-event-scenarios/Example-07-Submission-1.xml,Fail_MappedNone,trade.tradeHeader.partyTradeInformation(0).reportingRegime(0).mandatorilyClearable,trade.tradeHeader.partyTradeInformation.reportingRegime.mandatorilyClearable,0,,Element with value false could not be mapped to a rosettaField
cdm-sample-files/cftc-event-scenarios/Example-07-Submission-1.xml,Fail_MappedNone,party(0)[id=party1].classification(1)[industryClassificationScheme=http://www.fpml.org/coding-scheme/hkma-rewrite-regulatory-corporate-sector],party[id=party1].classification[industryClassificationScheme=http://www.fpml.org/coding-scheme/hkma-rewrite-regulatory-corporate-sector],0,,Element with value CDTI could not be mapped to a rosettaField
cdm-sample-files/cftc-event-scenarios/Example-07-Submission-1.xml,Fail_MappedNone,trade.tradeHeader.partyTradeInformation(0).collateralizationType,trade.tradeHeader.partyTradeInformation.collateralizationType,0,,Element with value Fully could not be mapped to a rosettaField
cdm-sample-files/cftc-event-scenarios/Example-07-Submission-1.xml,Fail_MappedNone,trade.tradeHeader.partyTradeInformation(0).reportingRegime(3).exceedsClearingThreshold,trade.tradeHeader.partyTradeInformation.reportingRegime.exceedsClearingThreshold,0,,Element with value true could not be mapped to a rosettaField
cdm-sample-files/cftc-event-scenarios/Example-07-Submission-1.xml,Fail_MappedNone,trade.tradeHeader.partyTradeInformation(1).reportingRegime(3).entityClassification[entityClassificationScheme=http://www.fpml.org/coding-scheme/cftc-entity-classification].entityClassificationScheme,trade.tradeHeader.partyTradeInformation.reportingRegime.entityClassification[entityClassificationScheme=http://www.fpml.org/coding-scheme/cftc-entity-classification].entityClassificationScheme,0,,Element with value http://www.fpml.org/coding-scheme/cftc-entity-classification could not be mapped to a rosettaField
cdm-sample-files/cftc-event-scenarios/Example-07-Submission-1.xml,Fail_MappedNone,trade.tradeHeader.partyTradeInformation(0).reportingRegime(5).entityClassification[entityClassificationScheme=http://www.fpml.org/coding-scheme/cftc-entity-classification],trade.tradeHeader.partyTradeInformation.reportingRegime.entityClassification[entityClassificationScheme=http://www.fpml.org/coding-scheme/cftc-entity-classification],0,,Element with value SBSD could not be mapped to a rosettaField
cdm-sample-files/cftc-event-scenarios/Example-07-Submission-1.xml,Fail_MappedNone,trade.tradeHeader.partyTradeInformation(1).reportingRegime(4).name,trade.tradeHeader.partyTradeInformation.reportingRegime.name,0,,Element with value HKTR could not be mapped to a rosettaField
cdm-sample-files/cftc-event-scenarios/Example-07-Submission-1.xml,Fail_MappedNone,trade.tradeHeader.partyTradeInformation(0).reportingRegime(6).reportingRole,trade.tradeHeader.partyTradeInformation.reportingRegime.reportingRole,0,,Element with value ReportingParty could not be mapped to a rosettaField
cdm-sample-files/cftc-event-scenarios/Example-07-Submission-1.xml,Fail_MappedNone,trade.tradeHeader.partyTradeInformation(0).reportingRegime(6).supervisorRegistration.supervisoryBody,trade.tradeHeader.partyTradeInformation.reportingRegime.supervisorRegistration.supervisoryBody,0,,Element with value HKMA could not be mapped to a rosettaField
cdm-sample-files/cftc-event-scenarios/Example-07-Submission-1.xml,Fail_MappedNone,trade.tradeHeader.partyTradeInformation(1).reportingRegime(3).entityClassification[entityClassificationScheme=http://www.fpml.org/coding-scheme/cftc-entity-classification],trade.tradeHeader.partyTradeInformation.reportingRegime.entityClassification[entityClassificationScheme=http://www.fpml.org/coding-scheme/cftc-entity-classification],0,,Element with value SBSD could not be mapped to a rosettaField
cdm-sample-files/cftc-event-scenarios/Example-07-Submission-1.xml,Fail_MappedNone,trade.tradeHeader.partyTradeInformation(1).reportingRegime(0).exceedsClearingThreshold,trade.tradeHeader.partyTradeInformation.reportingRegime.exceedsClearingThreshold,0,,Element with value true could not be mapped to a rosettaField
cdm-sample-files/cftc-event-scenarios/Example-07-Submission-1.xml,Fail_MappedNone,trade.tradeHeader.partyTradeInformation(1).reportingRegime(2).supervisorRegistration.supervisoryBody,trade.tradeHeader.partyTradeInformation.reportingRegime.supervisorRegistration.supervisoryBody,0,,Element with value JFSA could not be mapped to a rosettaField
cdm-sample-files/cftc-event-scenarios/Example-07-Submission-1.xml,Fail_MappedNone,trade.tradeHeader.partyTradeInformation(0).reportingRegime(1).reportingPurpose,trade.tradeHeader.partyTradeInformation.reportingRegime.reportingPurpose,0,,Element with value PrimaryEconomicTerms could not be mapped to a rosettaField
cdm-sample-files/cftc-event-scenarios/Example-07-Submission-1.xml,Fail_MappedNone,trade.tradeHeader.partyTradeInformation(0).reportingRegime(3).name,trade.tradeHeader.partyTradeInformation.reportingRegime.name,0,,Element with value UKEMIR could not be mapped to a rosettaField
cdm-sample-files/cftc-event-scenarios/Example-07-Submission-1.xml,Fail_MappedNone,party(1)[id=party2].classification(1)[industryClassificationScheme=http://www.fpml.org/coding-scheme/hkma-rewrite-regulatory-corporate-sector],party[id=party2].classification[industryClassificationScheme=http://www.fpml.org/coding-scheme/hkma-rewrite-regulatory-corporate-sector],0,,Element with value CSDS could not be mapped to a rosettaField
cdm-sample-files/cftc-event-scenarios/Example-07-Submission-1.xml,Fail_MappedNone,trade.tradeHeader.partyTradeInformation(1).reportingRegime(3).reportingRole,trade.tradeHeader.partyTradeInformation.reportingRegime.reportingRole,0,,Element with value ReportingParty could not be mapped to a rosettaField
cdm-sample-files/cftc-event-scenarios/Example-07-Submission-1.xml,Fail_MappedNone,trade.tradeHeader.partyTradeInformation(0).reportingRegime(2).entityClassification[entityClassificationScheme=http://www.fpml.org/coding-scheme/esma-entity-classification],trade.tradeHeader.partyTradeInformation.reportingRegime.entityClassification[entityClassificationScheme=http://www.fpml.org/coding-scheme/esma-entity-classification],0,,Element with value Financial could not be mapped to a rosettaField
cdm-sample-files/cftc-event-scenarios/Example-07-Submission-1.xml,Fail_MappedNone,trade.tradeHeader.partyTradeInformation(1).reportingRegime(1).mandatorilyClearable,trade.tradeHeader.partyTradeInformation.reportingRegime.mandatorilyClearable,0,,Element with value false could not be mapped to a rosettaField
cdm-sample-files/cftc-event-scenarios/Example-07-Submission-1.xml,Fail_MappedNone,party(0)[id=party1].classification(0)[industryClassificationScheme=http://www.fpml.org/coding-scheme/esma-emir-refit-regulatory-corporate-sector],party[id=party1].classification[industryClassificationScheme=http://www.fpml.org/coding-scheme/esma-emir-refit-regulatory-corporate-sector],0,,Element with value CDTI could not be mapped to a rosettaField
cdm-sample-files/cftc-event-scenarios/Example-07-Submission-1.xml,Fail_MappedMultiple,party(0)[id=party1].partyId[partyIdScheme=http://www.fpml.org/coding-scheme/external/iso17442].partyIdScheme,party[id=party1].partyId[partyIdScheme=http://www.fpml.org/coding-scheme/external/iso17442].partyIdScheme,2,ReportableEvent.originatingWorkflowStep.proposedEvent.instruction(0).before.value.trade.party(0).partyId(0).identifierType=[LEI] ReportableEvent.originatingWorkflowStep.proposedEvent.instruction(0).before.value.trade.party(0).partyId(0).identifier.meta.scheme=[http://www.fpml.org/coding-scheme/external/iso17442],Element mapped to multiple rosettaFields
cdm-sample-files/cftc-event-scenarios/Example-07-Submission-1.xml,Fail_MappedNone,trade.tradeHeader.partyTradeInformation(0).reportingRegime(1).reportingRole,trade.tradeHeader.partyTradeInformation.reportingRegime.reportingRole,0,,Element with value ReportingParty could not be mapped to a rosettaField
cdm-sample-files/cftc-event-scenarios/Example-07-Submission-1.xml,Fail_MappedNone,trade.tradeHeader.partyTradeInformation(0).reportingRegime(0).reportingPurpose,trade.tradeHeader.partyTradeInformation.reportingRegime.reportingPurpose,0,,Element with value PrimaryEconomicTerms could not be mapped to a rosettaField
cdm-sample-files/cftc-event-scenarios/Example-07-Submission-1.xml,Fail_MappedNone,trade.tradeHeader.partyTradeInformation(0).reportingRegime(4).name,trade.tradeHeader.partyTradeInformation.reportingRegime.name,0,,Element with value JFSA could not be mapped to a rosettaField
cdm-sample-files/cftc-event-scenarios/Example-07-Submission-1.xml,Fail_MappedNone,trade.tradeHeader.partyTradeInformation(1).reportingRegime(4).entityClassification,trade.tradeHeader.partyTradeInformation.reportingRegime.entityClassification,0,,Element with value Financial could not be mapped to a rosettaField
cdm-sample-files/cftc-event-scenarios/Example-07-Submission-1.xml,Fail_MappedNone,trade.tradeHeader.partyTradeInformation(0).largeSizeTrade,trade.tradeHeader.partyTradeInformation.largeSizeTrade,0,,Element with value false could not be mapped to a rosettaField
cdm-sample-files/cftc-event-scenarios/Example-07-Submission-1.xml,Fail_MappedMultiple,party(1)[id=party2].partyId[partyIdScheme=http://www.fpml.org/coding-scheme/external/iso17442].partyIdScheme,party[id=party2].partyId[partyIdScheme=http://www.fpml.org/coding-scheme/external/iso17442].partyIdScheme,2,ReportableEvent.originatingWorkflowStep.proposedEvent.instruction(0).before.value.trade.party(1).partyId(0).identifier.meta.scheme=[http://www.fpml.org/coding-scheme/external/iso17442] ReportableEvent.originatingWorkflowStep.proposedEvent.instruction(0).before.value.trade.party(1).partyId(0).identifierType=[LEI],Element mapped to multiple rosettaFields
cdm-sample-files/cftc-event-scenarios/Example-07-Submission-1.xml,Fail_MappedNone,trade.tradeHeader.partyTradeInformation(1).reportingRegime(2).reportingRole,trade.tradeHeader.partyTradeInformation.reportingRegime.reportingRole,0,,Element with value ReportingParty could not be mapped to a rosettaField
cdm-sample-files/cftc-event-scenarios/Example-07-Submission-1.xml,Fail_MappedNone,trade.tradeHeader.partyTradeInformation(0).reportingRegime(6).mandatorilyClearable,trade.tradeHeader.partyTradeInformation.reportingRegime.mandatorilyClearable,0,,Element with value false could not be mapped to a rosettaField
cdm-sample-files/cftc-event-scenarios/Example-07-Submission-1.xml,Fail_MappedNone,trade.tradeHeader.partyTradeInformation(0).reportingRegime(3).entityClassification[entityClassificationScheme=http://www.fpml.org/coding-scheme/esma-entity-classification].entityClassificationScheme,trade.tradeHeader.partyTradeInformation.reportingRegime.entityClassification[entityClassificationScheme=http://www.fpml.org/coding-scheme/esma-entity-classification].entityClassificationScheme,0,,Element with value http://www.fpml.org/coding-scheme/esma-entity-classification could not be mapped to a rosettaField
cdm-sample-files/cftc-event-scenarios/Example-07-Submission-1.xml,Fail_MappedNone,trade.tradeHeader.partyTradeInformation(1).reportingRegime(1).supervisorRegistration.supervisoryBody,trade.tradeHeader.partyTradeInformation.reportingRegime.supervisorRegistration.supervisoryBody,0,,Element with value FCA could not be mapped to a rosettaField
cdm-sample-files/cftc-event-scenarios/Example-07-Submission-1.xml,Fail_MappedNone,trade.tradeHeader.partyTradeInformation(1).reportingRegime(1).reportingPurpose,trade.tradeHeader.partyTradeInformation.reportingRegime.reportingPurpose,0,,Element with value PrimaryEconomicTerms could not be mapped to a rosettaField
cdm-sample-files/cftc-event-scenarios/Example-07-Submission-1.xml,Fail_MappedNone,trade.tradeHeader.partyTradeInformation(0).reportingRegime(3).entityClassification[entityClassificationScheme=http://www.fpml.org/coding-scheme/esma-entity-classification],trade.tradeHeader.partyTradeInformation.reportingRegime.entityClassification[entityClassificationScheme=http://www.fpml.org/coding-scheme/esma-entity-classification],0,,Element with value Financial could not be mapped to a rosettaField
cdm-sample-files/cftc-event-scenarios/Example-07-Submission-1.xml,Fail_MappedNone,sequenceNumber,sequenceNumber,0,,Element with value 1 could not be mapped to a rosettaField
cdm-sample-files/cftc-event-scenarios/Example-07-Submission-1.xml,Fail_MappedNone,trade.tradeHeader.partyTradeInformation(0).reportingRegime(5).name,trade.tradeHeader.partyTradeInformation.reportingRegime.name,0,,Element with value CSA could not be mapped to a rosettaField
cdm-sample-files/cftc-event-scenarios/Example-07-Submission-1.xml,Fail_MappedNone,trade.tradeHeader.partyTradeInformation(1).reportingRegime(0).mandatorilyClearable,trade.tradeHeader.partyTradeInformation.reportingRegime.mandatorilyClearable,0,,Element with value false could not be mapped to a rosettaField
cdm-sample-files/cftc-event-scenarios/Example-07-Submission-1.xml,Fail_MappedNone,trade.tradeHeader.partyTradeInformation(0).reportingRegime(0).supervisorRegistration.supervisoryBody,trade.tradeHeader.partyTradeInformation.reportingRegime.supervisorRegistration.supervisoryBody,0,,Element with value CFTC could not be mapped to a rosettaField
cdm-sample-files/cftc-event-scenarios/Example-07-Submission-1.xml,Fail_MappedNone,party(1)[id=party2].classification(0)[industryClassificationScheme=http://www.fpml.org/coding-scheme/esma-emir-refit-regulatory-corporate-sector],party[id=party2].classification[industryClassificationScheme=http://www.fpml.org/coding-scheme/esma-emir-refit-regulatory-corporate-sector],0,,Element with value CSDS could not be mapped to a rosettaField
cdm-sample-files/cftc-event-scenarios/Example-07-Submission-1.xml,Fail_MappedNone,trade.tradeHeader.partyTradeInformation(0).reportingRegime(0).reportingRole,trade.tradeHeader.partyTradeInformation.reportingRegime.reportingRole,0,,Element with value ReportingParty could not be mapped to a rosettaField
cdm-sample-files/cftc-event-scenarios/Example-07-Submission-2.xml,Fail_MappedNone,trade.tradeHeader.partyTradeInformation(0).reportingRegime(2).supervisorRegistration.supervisoryBody,trade.tradeHeader.partyTradeInformation.reportingRegime.supervisorRegistration.supervisoryBody,0,,Element with value ESMA could not be mapped to a rosettaField
cdm-sample-files/cftc-event-scenarios/Example-07-Submission-2.xml,Fail_MappedNone,trade.tradeHeader.partyTradeInformation(1).reportingRegime(1).entityClassification[entityClassificationScheme=http://www.fpml.org/coding-scheme/esma-entity-classification],trade.tradeHeader.partyTradeInformation.reportingRegime.entityClassification[entityClassificationScheme=http://www.fpml.org/coding-scheme/esma-entity-classification],0,,Element with value Financial could not be mapped to a rosettaField
cdm-sample-files/cftc-event-scenarios/Example-07-Submission-2.xml,Fail_MappedNone,correlationId[correlationIdScheme=http://fpml.org/submitter_trade_id].correlationIdScheme,correlationId[correlationIdScheme=http://fpml.org/submitter_trade_id].correlationIdScheme,0,,Element with value http://fpml.org/submitter_trade_id could not be mapped to a rosettaField
cdm-sample-files/cftc-event-scenarios/Example-07-Submission-2.xml,Fail_MappedNone,trade.tradeHeader.partyTradeInformation(1).reportingRegime(0).reportingPurpose,trade.tradeHeader.partyTradeInformation.reportingRegime.reportingPurpose,0,,Element with value PrimaryEconomicTerms could not be mapped to a rosettaField
cdm-sample-files/cftc-event-scenarios/Example-07-Submission-2.xml,Fail_MappedNone,party(1)[id=party2].classification(0)[industryClassificationScheme=http://www.fpml.org/coding-scheme/esma-emir-refit-regulatory-corporate-sector].industryClassificationScheme,party[id=party2].classification[industryClassificationScheme=http://www.fpml.org/coding-scheme/esma-emir-refit-regulatory-corporate-sector].industryClassificationScheme,0,,Element with value http://www.fpml.org/coding-scheme/esma-emir-refit-regulatory-corporate-sector could not be mapped to a rosettaField
cdm-sample-files/cftc-event-scenarios/Example-07-Submission-2.xml,Fail_MappedNone,trade.tradeHeader.partyTradeInformation(0).reportingRegime(5).mandatorilyClearable,trade.tradeHeader.partyTradeInformation.reportingRegime.mandatorilyClearable,0,,Element with value false could not be mapped to a rosettaField
cdm-sample-files/cftc-event-scenarios/Example-07-Submission-2.xml,Fail_MappedNone,trade.tradeHeader.partyTradeInformation(0).offMarketPrice,trade.tradeHeader.partyTradeInformation.offMarketPrice,0,,Element with value false could not be mapped to a rosettaField
cdm-sample-files/cftc-event-scenarios/Example-07-Submission-2.xml,Fail_MappedNone,trade.tradeHeader.partyTradeInformation(1).reportingRegime(1).entityClassification[entityClassificationScheme=http://www.fpml.org/coding-scheme/esma-entity-classification].entityClassificationScheme,trade.tradeHeader.partyTradeInformation.reportingRegime.entityClassification[entityClassificationScheme=http://www.fpml.org/coding-scheme/esma-entity-classification].entityClassificationScheme,0,,Element with value http://www.fpml.org/coding-scheme/esma-entity-classification could not be mapped to a rosettaField
cdm-sample-files/cftc-event-scenarios/Example-07-Submission-2.xml,Fail_MappedNone,trade.tradeHeader.partyTradeInformation(0).relatedBusinessUnit.role,trade.tradeHeader.partyTradeInformation.relatedBusinessUnit.role,0,,Element with value TradingDesk could not be mapped to a rosettaField
cdm-sample-files/cftc-event-scenarios/Example-07-Submission-2.xml,Fail_MappedNone,trade.tradeHeader.partyTradeInformation(0).reportingRegime(6).name,trade.tradeHeader.partyTradeInformation.reportingRegime.name,0,,Element with value HKTR could not be mapped to a rosettaField
cdm-sample-files/cftc-event-scenarios/Example-07-Submission-2.xml,Fail_MappedNone,trade.tradeHeader.partyTradeInformation(0).reportingRegime(3).reportingRole,trade.tradeHeader.partyTradeInformation.reportingRegime.reportingRole,0,,Element with value ReportingParty could not be mapped to a rosettaField
cdm-sample-files/cftc-event-scenarios/Example-07-Submission-2.xml,Fail_MappedNone,trade.tradeHeader.partyTradeInformation(0).reportingRegime(5).entityClassification[entityClassificationScheme=http://www.fpml.org/coding-scheme/cftc-entity-classification].entityClassificationScheme,trade.tradeHeader.partyTradeInformation.reportingRegime.entityClassification[entityClassificationScheme=http://www.fpml.org/coding-scheme/cftc-entity-classification].entityClassificationScheme,0,,Element with value http://www.fpml.org/coding-scheme/cftc-entity-classification could not be mapped to a rosettaField
cdm-sample-files/cftc-event-scenarios/Example-07-Submission-2.xml,Fail_MappedNone,trade.tradeHeader.partyTradeInformation(1).reportingRegime(1).exceedsClearingThreshold,trade.tradeHeader.partyTradeInformation.reportingRegime.exceedsClearingThreshold,0,,Element with value true could not be mapped to a rosettaField
cdm-sample-files/cftc-event-scenarios/Example-07-Submission-2.xml,Fail_MappedNone,trade.tradeHeader.partyTradeInformation(1).reportingRegime(0).entityClassification[entityClassificationScheme=http://www.fpml.org/coding-scheme/esma-entity-classification].entityClassificationScheme,trade.tradeHeader.partyTradeInformation.reportingRegime.entityClassification[entityClassificationScheme=http://www.fpml.org/coding-scheme/esma-entity-classification].entityClassificationScheme,0,,Element with value http://www.fpml.org/coding-scheme/esma-entity-classification could not be mapped to a rosettaField
cdm-sample-files/cftc-event-scenarios/Example-07-Submission-2.xml,Fail_MappedNone,trade.tradeHeader.partyTradeInformation(1).reportingRegime(3).supervisorRegistration.supervisoryBody,trade.tradeHeader.partyTradeInformation.reportingRegime.supervisorRegistration.supervisoryBody,0,,Element with value CA.AB.ASC could not be mapped to a rosettaField
cdm-sample-files/cftc-event-scenarios/Example-07-Submission-2.xml,Fail_MappedNone,party(1)[id=party2].classification(1)[industryClassificationScheme=http://www.fpml.org/coding-scheme/hkma-rewrite-regulatory-corporate-sector].industryClassificationScheme,party[id=party2].classification[industryClassificationScheme=http://www.fpml.org/coding-scheme/hkma-rewrite-regulatory-corporate-sector].industryClassificationScheme,0,,Element with value http://www.fpml.org/coding-scheme/hkma-rewrite-regulatory-corporate-sector could not be mapped to a rosettaField
cdm-sample-files/cftc-event-scenarios/Example-07-Submission-2.xml,Fail_MappedNone,trade.tradeHeader.partyTradeInformation(1).reportingRegime(4).reportingRole,trade.tradeHeader.partyTradeInformation.reportingRegime.reportingRole,0,,Element with value ReportingParty could not be mapped to a rosettaField
cdm-sample-files/cftc-event-scenarios/Example-07-Submission-2.xml,Fail_MappedNone,trade.tradeHeader.partyTradeInformation(0).reportingRegime(1).supervisorRegistration.supervisoryBody,trade.tradeHeader.partyTradeInformation.reportingRegime.supervisorRegistration.supervisoryBody,0,,Element with value SEC could not be mapped to a rosettaField
cdm-sample-files/cftc-event-scenarios/Example-07-Submission-2.xml,Fail_MappedNone,party(0)[id=party1].organizationType,party[id=party1].organizationType,0,,Element with value SD could not be mapped to a rosettaField
cdm-sample-files/cftc-event-scenarios/Example-07-Submission-2.xml,Fail_MappedNone,trade.tradeHeader.partyTradeInformation(1).reportingRegime(0).name,trade.tradeHeader.partyTradeInformation.reportingRegime.name,0,,Element with value EMIR could not be mapped to a rosettaField
cdm-sample-files/cftc-event-scenarios/Example-07-Submission-2.xml,Fail_MappedMultiple,party(2)[id=broker1].partyId[partyIdScheme=http://www.fpml.org/coding-scheme/external/iso17442].partyIdScheme,party[id=broker1].partyId[partyIdScheme=http://www.fpml.org/coding-scheme/external/iso17442].partyIdScheme,2,ReportableEvent.originatingWorkflowStep.proposedEvent.instruction(0).before.value.trade.party(2).partyId(0).identifierType=[LEI] ReportableEvent.originatingWorkflowStep.proposedEvent.instruction(0).before.value.trade.party(2).partyId(0).identifier.meta.scheme=[http://www.fpml.org/coding-scheme/external/iso17442],Element mapped to multiple rosettaFields
cdm-sample-files/cftc-event-scenarios/Example-07-Submission-2.xml,Fail_MappedNone,trade.tradeHeader.partyTradeInformation(0).reportingRegime(2).reportingRole,trade.tradeHeader.partyTradeInformation.reportingRegime.reportingRole,0,,Element with value ReportingParty could not be mapped to a rosettaField
cdm-sample-files/cftc-event-scenarios/Example-07-Submission-2.xml,Fail_MappedMultiple,party(3)[id=clearing-svc].partyId[partyIdScheme=http://www.fpml.org/coding-scheme/external/iso17442].partyIdScheme,party[id=clearing-svc].partyId[partyIdScheme=http://www.fpml.org/coding-scheme/external/iso17442].partyIdScheme,2,ReportableEvent.originatingWorkflowStep.proposedEvent.instruction(0).before.value.trade.party(3).partyId(0).identifierType=[LEI] ReportableEvent.originatingWorkflowStep.proposedEvent.instruction(0).before.value.trade.party(3).partyId(0).identifier.meta.scheme=[http://www.fpml.org/coding-scheme/external/iso17442],Element mapped to multiple rosettaFields
cdm-sample-files/cftc-event-scenarios/Example-07-Submission-2.xml,Fail_MappedNone,trade.tradeHeader.partyTradeInformation(0).reportingRegime(3).mandatorilyClearable,trade.tradeHeader.partyTradeInformation.reportingRegime.mandatorilyClearable,0,,Element with value false could not be mapped to a rosettaField
cdm-sample-files/cftc-event-scenarios/Example-07-Submission-2.xml,Fail_MappedNone,party(1)[id=party2].organizationType,party[id=party2].organizationType,0,,Element with value SD could not be mapped to a rosettaField
cdm-sample-files/cftc-event-scenarios/Example-07-Submission-2.xml,Fail_MappedNone,trade.tradeHeader.partyTradeInformation(0).reportingRegime(2).exceedsClearingThreshold,trade.tradeHeader.partyTradeInformation.reportingRegime.exceedsClearingThreshold,0,,Element with value true could not be mapped to a rosettaField
cdm-sample-files/cftc-event-scenarios/Example-07-Submission-2.xml,Fail_MappedNone,trade.tradeHeader.partyTradeInformation(1).reportingRegime(1).name,trade.tradeHeader.partyTradeInformation.reportingRegime.name,0,,Element with value UKEMIR could not be mapped to a rosettaField
cdm-sample-files/cftc-event-scenarios/Example-07-Submission-2.xml,Fail_MappedNone,trade.tradeHeader.partyTradeInformation(0).reportingRegime(6).entityClassification,trade.tradeHeader.partyTradeInformation.reportingRegime.entityClassification,0,,Element with value Financial could not be mapped to a rosettaField
cdm-sample-files/cftc-event-scenarios/Example-07-Submission-2.xml,Fail_MappedNone,onBehalfOf.partyReference[href=party1].href,onBehalfOf.partyReference[href=party1].href,0,,Element with value party1 could not be mapped to a rosettaField
cdm-sample-files/cftc-event-scenarios/Example-07-Submission-2.xml,Fail_MappedNone,trade.tradeHeader.partyTradeInformation(0).reportingRegime(5).reportingRole,trade.tradeHeader.partyTradeInformation.reportingRegime.reportingRole,0,,Element with value ReportingParty could not be mapped to a rosettaField
cdm-sample-files/cftc-event-scenarios/Example-07-Submission-2.xml,Fail_MappedNone,party(0)[id=party1].classification(0)[industryClassificationScheme=http://www.fpml.org/coding-scheme/esma-emir-refit-regulatory-corporate-sector].industryClassificationScheme,party[id=party1].classification[industryClassificationScheme=http://www.fpml.org/coding-scheme/esma-emir-refit-regulatory-corporate-sector].industryClassificationScheme,0,,Element with value http://www.fpml.org/coding-scheme/esma-emir-refit-regulatory-corporate-sector could not be mapped to a rosettaField
cdm-sample-files/cftc-event-scenarios/Example-07-Submission-2.xml,Fail_MappedNone,trade.tradeHeader.partyTradeInformation(1).reportingRegime(0).entityClassification[entityClassificationScheme=http://www.fpml.org/coding-scheme/esma-entity-classification],trade.tradeHeader.partyTradeInformation.reportingRegime.entityClassification[entityClassificationScheme=http://www.fpml.org/coding-scheme/esma-entity-classification],0,,Element with value Financial could not be mapped to a rosettaField
cdm-sample-files/cftc-event-scenarios/Example-07-Submission-2.xml,Fail_MappedNone,trade.tradeHeader.partyTradeInformation(0).reportingRegime(2).mandatorilyClearable,trade.tradeHeader.partyTradeInformation.reportingRegime.mandatorilyClearable,0,,Element with value false could not be mapped to a rosettaField
cdm-sample-files/cftc-event-scenarios/Example-07-Submission-2.xml,Fail_MappedNone,trade.tradeHeader.partyTradeInformation(0).reportingRegime(3).supervisorRegistration.supervisoryBody,trade.tradeHeader.partyTradeInformation.reportingRegime.supervisorRegistration.supervisoryBody,0,,Element with value FCA could not be mapped to a rosettaField
cdm-sample-files/cftc-event-scenarios/Example-07-Submission-2.xml,Fail_MappedNone,trade.tradeHeader.partyTradeInformation(0).executionType,trade.tradeHeader.partyTradeInformation.executionType,0,,Element with value Electronic could not be mapped to a rosettaField
cdm-sample-files/cftc-event-scenarios/Example-07-Submission-2.xml,Fail_MappedNone,trade.tradeHeader.partyTradeInformation(1).reportingRegime(2).name,trade.tradeHeader.partyTradeInformation.reportingRegime.name,0,,Element with value JFSA could not be mapped to a rosettaField
cdm-sample-files/cftc-event-scenarios/Example-07-Submission-2.xml,Fail_MappedNone,correlationId[correlationIdScheme=http://fpml.org/submitter_trade_id],correlationId[correlationIdScheme=http://fpml.org/submitter_trade_id],0,,Element with value TW9235 could not be mapped to a rosettaField
cdm-sample-files/cftc-event-scenarios/Example-07-Submission-2.xml,Fail_MappedNone,trade.tradeHeader.partyTradeInformation(1).reportingRegime(4).supervisorRegistration.supervisoryBody,trade.tradeHeader.partyTradeInformation.reportingRegime.supervisorRegistration.supervisoryBody,0,,Element with value HKMA could not be mapped to a rosettaField
cdm-sample-files/cftc-event-scenarios/Example-07-Submission-2.xml,Fail_MappedNone,trade.tradeHeader.partyTradeInformation(0).reportingRegime(4).reportingRole,trade.tradeHeader.partyTradeInformation.reportingRegime.reportingRole,0,,Element with value ReportingParty could not be mapped to a rosettaField
cdm-sample-files/cftc-event-scenarios/Example-07-Submission-2.xml,Fail_MappedNone,trade.tradeHeader.partyTradeInformation(0).relatedBusinessUnit.businessUnitReference[href=desk1].href,trade.tradeHeader.partyTradeInformation.relatedBusinessUnit.businessUnitReference[href=desk1].href,0,,Element with value desk1 could not be mapped to a rosettaField
cdm-sample-files/cftc-event-scenarios/Example-07-Submission-2.xml,Fail_MappedNone,party(0)[id=party1].classification(1)[industryClassificationScheme=http://www.fpml.org/coding-scheme/hkma-rewrite-regulatory-corporate-sector].industryClassificationScheme,party[id=party1].classification[industryClassificationScheme=http://www.fpml.org/coding-scheme/hkma-rewrite-regulatory-corporate-sector].industryClassificationScheme,0,,Element with value http://www.fpml.org/coding-scheme/hkma-rewrite-regulatory-corporate-sector could not be mapped to a rosettaField
cdm-sample-files/cftc-event-scenarios/Example-07-Submission-2.xml,Fail_MappedNone,trade.tradeHeader.partyTradeInformation(1).reportingRegime(4).mandatorilyClearable,trade.tradeHeader.partyTradeInformation.reportingRegime.mandatorilyClearable,0,,Element with value false could not be mapped to a rosettaField
cdm-sample-files/cftc-event-scenarios/Example-07-Submission-2.xml,Fail_MappedNone,trade.tradeHeader.partyTradeInformation(0).reportingRegime(3).reportingPurpose,trade.tradeHeader.partyTradeInformation.reportingRegime.reportingPurpose,0,,Element with value PrimaryEconomicTerms could not be mapped to a rosettaField
cdm-sample-files/cftc-event-scenarios/Example-07-Submission-2.xml,Fail_MappedNone,trade.tradeHeader.partyTradeInformation(0).reportingRegime(1).mandatorilyClearable,trade.tradeHeader.partyTradeInformation.reportingRegime.mandatorilyClearable,0,,Element with value false could not be mapped to a rosettaField
cdm-sample-files/cftc-event-scenarios/Example-07-Submission-2.xml,Fail_MappedNone,trade.tradeHeader.partyTradeInformation(0).reportingRegime(2).entityClassification[entityClassificationScheme=http://www.fpml.org/coding-scheme/esma-entity-classification].entityClassificationScheme,trade.tradeHeader.partyTradeInformation.reportingRegime.entityClassification[entityClassificationScheme=http://www.fpml.org/coding-scheme/esma-entity-classification].entityClassificationScheme,0,,Element with value http://www.fpml.org/coding-scheme/esma-entity-classification could not be mapped to a rosettaField
cdm-sample-files/cftc-event-scenarios/Example-07-Submission-2.xml,Fail_MappedNone,trade.tradeHeader.partyTradeInformation(1).reportingRegime(1).reportingRole,trade.tradeHeader.partyTradeInformation.reportingRegime.reportingRole,0,,Element with value ReportingParty could not be mapped to a rosettaField
cdm-sample-files/cftc-event-scenarios/Example-07-Submission-2.xml,Fail_MappedNone,trade.tradeHeader.partyTradeInformation(0).reportingRegime(5).supervisorRegistration.supervisoryBody,trade.tradeHeader.partyTradeInformation.reportingRegime.supervisorRegistration.supervisoryBody,0,,Element with value CA.AB.ASC could not be mapped to a rosettaField
cdm-sample-files/cftc-event-scenarios/Example-07-Submission-2.xml,Fail_MappedNone,trade.tradeHeader.partyTradeInformation(1).reportingRegime(3).name,trade.tradeHeader.partyTradeInformation.reportingRegime.name,0,,Element with value CSA could not be mapped to a rosettaField
cdm-sample-files/cftc-event-scenarios/Example-07-Submission-2.xml,Fail_MappedNone,trade.tradeHeader.partyTradeInformation(1).reportingRegime(3).mandatorilyClearable,trade.tradeHeader.partyTradeInformation.reportingRegime.mandatorilyClearable,0,,Element with value false could not be mapped to a rosettaField
cdm-sample-files/cftc-event-scenarios/Example-07-Submission-2.xml,Fail_MappedNone,trade.tradeHeader.partyTradeInformation(0).reportingRegime(4).supervisorRegistration.supervisoryBody,trade.tradeHeader.partyTradeInformation.reportingRegime.supervisorRegistration.supervisoryBody,0,,Element with value JFSA could not be mapped to a rosettaField
cdm-sample-files/cftc-event-scenarios/Example-07-Submission-2.xml,Fail_MappedNone,trade.tradeHeader.partyTradeInformation(1).reportingRegime(0).supervisorRegistration.supervisoryBody,trade.tradeHeader.partyTradeInformation.reportingRegime.supervisorRegistration.supervisoryBody,0,,Element with value ESMA could not be mapped to a rosettaField
cdm-sample-files/cftc-event-scenarios/Example-07-Submission-2.xml,Fail_MappedNone,trade.tradeHeader.partyTradeInformation(0).reportingRegime(2).name,trade.tradeHeader.partyTradeInformation.reportingRegime.name,0,,Element with value EMIR could not be mapped to a rosettaField
cdm-sample-files/cftc-event-scenarios/Example-07-Submission-2.xml,Fail_MappedNone,trade.tradeHeader.partyTradeInformation(0).reportingRegime(2).reportingPurpose,trade.tradeHeader.partyTradeInformation.reportingRegime.reportingPurpose,0,,Element with value PrimaryEconomicTerms could not be mapped to a rosettaField
cdm-sample-files/cftc-event-scenarios/Example-07-Submission-2.xml,Fail_MappedNone,trade.tradeHeader.partyTradeInformation(0).executionVenueType,trade.tradeHeader.partyTradeInformation.executionVenueType,0,,Element with value SEF could not be mapped to a rosettaField
cdm-sample-files/cftc-event-scenarios/Example-07-Submission-2.xml,Fail_MappedNone,trade.tradeHeader.partyTradeInformation(1).reportingRegime(0).reportingRole,trade.tradeHeader.partyTradeInformation.reportingRegime.reportingRole,0,,Element with value ReportingParty could not be mapped to a rosettaField
cdm-sample-files/cftc-event-scenarios/Example-07-Submission-2.xml,Fail_MappedNone,trade.tradeHeader.partyTradeInformation(0).reportingRegime(0).mandatorilyClearable,trade.tradeHeader.partyTradeInformation.reportingRegime.mandatorilyClearable,0,,Element with value false could not be mapped to a rosettaField
cdm-sample-files/cftc-event-scenarios/Example-07-Submission-2.xml,Fail_MappedNone,party(0)[id=party1].classification(1)[industryClassificationScheme=http://www.fpml.org/coding-scheme/hkma-rewrite-regulatory-corporate-sector],party[id=party1].classification[industryClassificationScheme=http://www.fpml.org/coding-scheme/hkma-rewrite-regulatory-corporate-sector],0,,Element with value UCIT could not be mapped to a rosettaField
cdm-sample-files/cftc-event-scenarios/Example-07-Submission-2.xml,Fail_MappedNone,trade.tradeHeader.partyTradeInformation(0).collateralizationType,trade.tradeHeader.partyTradeInformation.collateralizationType,0,,Element with value Fully could not be mapped to a rosettaField
cdm-sample-files/cftc-event-scenarios/Example-07-Submission-2.xml,Fail_MappedNone,trade.tradeHeader.partyTradeInformation(0).reportingRegime(3).exceedsClearingThreshold,trade.tradeHeader.partyTradeInformation.reportingRegime.exceedsClearingThreshold,0,,Element with value true could not be mapped to a rosettaField
cdm-sample-files/cftc-event-scenarios/Example-07-Submission-2.xml,Fail_MappedNone,trade.tradeHeader.partyTradeInformation(1).reportingRegime(3).entityClassification[entityClassificationScheme=http://www.fpml.org/coding-scheme/cftc-entity-classification].entityClassificationScheme,trade.tradeHeader.partyTradeInformation.reportingRegime.entityClassification[entityClassificationScheme=http://www.fpml.org/coding-scheme/cftc-entity-classification].entityClassificationScheme,0,,Element with value http://www.fpml.org/coding-scheme/cftc-entity-classification could not be mapped to a rosettaField
cdm-sample-files/cftc-event-scenarios/Example-07-Submission-2.xml,Fail_MappedNone,trade.tradeHeader.partyTradeInformation(0).reportingRegime(5).entityClassification[entityClassificationScheme=http://www.fpml.org/coding-scheme/cftc-entity-classification],trade.tradeHeader.partyTradeInformation.reportingRegime.entityClassification[entityClassificationScheme=http://www.fpml.org/coding-scheme/cftc-entity-classification],0,,Element with value SBSD could not be mapped to a rosettaField
cdm-sample-files/cftc-event-scenarios/Example-07-Submission-2.xml,Fail_MappedNone,trade.tradeHeader.partyTradeInformation(1).reportingRegime(4).name,trade.tradeHeader.partyTradeInformation.reportingRegime.name,0,,Element with value HKTR could not be mapped to a rosettaField
cdm-sample-files/cftc-event-scenarios/Example-07-Submission-2.xml,Fail_MappedNone,trade.tradeHeader.partyTradeInformation(0).reportingRegime(6).reportingRole,trade.tradeHeader.partyTradeInformation.reportingRegime.reportingRole,0,,Element with value ReportingParty could not be mapped to a rosettaField
cdm-sample-files/cftc-event-scenarios/Example-07-Submission-2.xml,Fail_MappedNone,trade.tradeHeader.partyTradeInformation(0).reportingRegime(6).supervisorRegistration.supervisoryBody,trade.tradeHeader.partyTradeInformation.reportingRegime.supervisorRegistration.supervisoryBody,0,,Element with value HKMA could not be mapped to a rosettaField
cdm-sample-files/cftc-event-scenarios/Example-07-Submission-2.xml,Fail_MappedNone,trade.tradeHeader.partyTradeInformation(1).reportingRegime(3).entityClassification[entityClassificationScheme=http://www.fpml.org/coding-scheme/cftc-entity-classification],trade.tradeHeader.partyTradeInformation.reportingRegime.entityClassification[entityClassificationScheme=http://www.fpml.org/coding-scheme/cftc-entity-classification],0,,Element with value SBSD could not be mapped to a rosettaField
cdm-sample-files/cftc-event-scenarios/Example-07-Submission-2.xml,Fail_MappedNone,trade.tradeHeader.partyTradeInformation(1).reportingRegime(0).exceedsClearingThreshold,trade.tradeHeader.partyTradeInformation.reportingRegime.exceedsClearingThreshold,0,,Element with value true could not be mapped to a rosettaField
cdm-sample-files/cftc-event-scenarios/Example-07-Submission-2.xml,Fail_MappedNone,trade.tradeHeader.partyTradeInformation(1).reportingRegime(2).supervisorRegistration.supervisoryBody,trade.tradeHeader.partyTradeInformation.reportingRegime.supervisorRegistration.supervisoryBody,0,,Element with value JFSA could not be mapped to a rosettaField
cdm-sample-files/cftc-event-scenarios/Example-07-Submission-2.xml,Fail_MappedNone,trade.tradeHeader.partyTradeInformation(0).reportingRegime(1).reportingPurpose,trade.tradeHeader.partyTradeInformation.reportingRegime.reportingPurpose,0,,Element with value PrimaryEconomicTerms could not be mapped to a rosettaField
cdm-sample-files/cftc-event-scenarios/Example-07-Submission-2.xml,Fail_MappedNone,trade.tradeHeader.partyTradeInformation(0).reportingRegime(3).name,trade.tradeHeader.partyTradeInformation.reportingRegime.name,0,,Element with value UKEMIR could not be mapped to a rosettaField
cdm-sample-files/cftc-event-scenarios/Example-07-Submission-2.xml,Fail_MappedNone,party(1)[id=party2].classification(1)[industryClassificationScheme=http://www.fpml.org/coding-scheme/hkma-rewrite-regulatory-corporate-sector],party[id=party2].classification[industryClassificationScheme=http://www.fpml.org/coding-scheme/hkma-rewrite-regulatory-corporate-sector],0,,Element with value ORPI could not be mapped to a rosettaField
cdm-sample-files/cftc-event-scenarios/Example-07-Submission-2.xml,Fail_MappedNone,trade.tradeHeader.partyTradeInformation(1).reportingRegime(3).reportingRole,trade.tradeHeader.partyTradeInformation.reportingRegime.reportingRole,0,,Element with value ReportingParty could not be mapped to a rosettaField
cdm-sample-files/cftc-event-scenarios/Example-07-Submission-2.xml,Fail_MappedNone,trade.tradeHeader.partyTradeInformation(0).reportingRegime(2).entityClassification[entityClassificationScheme=http://www.fpml.org/coding-scheme/esma-entity-classification],trade.tradeHeader.partyTradeInformation.reportingRegime.entityClassification[entityClassificationScheme=http://www.fpml.org/coding-scheme/esma-entity-classification],0,,Element with value Financial could not be mapped to a rosettaField
cdm-sample-files/cftc-event-scenarios/Example-07-Submission-2.xml,Fail_MappedNone,trade.tradeHeader.partyTradeInformation(1).reportingRegime(1).mandatorilyClearable,trade.tradeHeader.partyTradeInformation.reportingRegime.mandatorilyClearable,0,,Element with value false could not be mapped to a rosettaField
cdm-sample-files/cftc-event-scenarios/Example-07-Submission-2.xml,Fail_MappedNone,party(0)[id=party1].classification(0)[industryClassificationScheme=http://www.fpml.org/coding-scheme/esma-emir-refit-regulatory-corporate-sector],party[id=party1].classification[industryClassificationScheme=http://www.fpml.org/coding-scheme/esma-emir-refit-regulatory-corporate-sector],0,,Element with value UCIT could not be mapped to a rosettaField
cdm-sample-files/cftc-event-scenarios/Example-07-Submission-2.xml,Fail_MappedMultiple,party(0)[id=party1].partyId[partyIdScheme=http://www.fpml.org/coding-scheme/external/iso17442].partyIdScheme,party[id=party1].partyId[partyIdScheme=http://www.fpml.org/coding-scheme/external/iso17442].partyIdScheme,2,ReportableEvent.originatingWorkflowStep.proposedEvent.instruction(0).before.value.trade.party(0).partyId(0).identifierType=[LEI] ReportableEvent.originatingWorkflowStep.proposedEvent.instruction(0).before.value.trade.party(0).partyId(0).identifier.meta.scheme=[http://www.fpml.org/coding-scheme/external/iso17442],Element mapped to multiple rosettaFields
cdm-sample-files/cftc-event-scenarios/Example-07-Submission-2.xml,Fail_MappedNone,trade.tradeHeader.partyTradeInformation(0).reportingRegime(1).reportingRole,trade.tradeHeader.partyTradeInformation.reportingRegime.reportingRole,0,,Element with value ReportingParty could not be mapped to a rosettaField
cdm-sample-files/cftc-event-scenarios/Example-07-Submission-2.xml,Fail_MappedNone,trade.tradeHeader.partyTradeInformation(0).reportingRegime(0).reportingPurpose,trade.tradeHeader.partyTradeInformation.reportingRegime.reportingPurpose,0,,Element with value PrimaryEconomicTerms could not be mapped to a rosettaField
cdm-sample-files/cftc-event-scenarios/Example-07-Submission-2.xml,Fail_MappedNone,trade.tradeHeader.partyTradeInformation(0).reportingRegime(4).name,trade.tradeHeader.partyTradeInformation.reportingRegime.name,0,,Element with value JFSA could not be mapped to a rosettaField
cdm-sample-files/cftc-event-scenarios/Example-07-Submission-2.xml,Fail_MappedNone,trade.tradeHeader.partyTradeInformation(1).reportingRegime(4).entityClassification,trade.tradeHeader.partyTradeInformation.reportingRegime.entityClassification,0,,Element with value Financial could not be mapped to a rosettaField
cdm-sample-files/cftc-event-scenarios/Example-07-Submission-2.xml,Fail_MappedNone,trade.tradeHeader.partyTradeInformation(0).largeSizeTrade,trade.tradeHeader.partyTradeInformation.largeSizeTrade,0,,Element with value false could not be mapped to a rosettaField
cdm-sample-files/cftc-event-scenarios/Example-07-Submission-2.xml,Fail_MappedMultiple,party(1)[id=party2].partyId[partyIdScheme=http://www.fpml.org/coding-scheme/external/iso17442].partyIdScheme,party[id=party2].partyId[partyIdScheme=http://www.fpml.org/coding-scheme/external/iso17442].partyIdScheme,2,ReportableEvent.originatingWorkflowStep.proposedEvent.instruction(0).before.value.trade.party(1).partyId(0).identifier.meta.scheme=[http://www.fpml.org/coding-scheme/external/iso17442] ReportableEvent.originatingWorkflowStep.proposedEvent.instruction(0).before.value.trade.party(1).partyId(0).identifierType=[LEI],Element mapped to multiple rosettaFields
cdm-sample-files/cftc-event-scenarios/Example-07-Submission-2.xml,Fail_MappedNone,trade.tradeHeader.partyTradeInformation(1).reportingRegime(2).reportingRole,trade.tradeHeader.partyTradeInformation.reportingRegime.reportingRole,0,,Element with value ReportingParty could not be mapped to a rosettaField
cdm-sample-files/cftc-event-scenarios/Example-07-Submission-2.xml,Fail_MappedNone,trade.tradeHeader.partyTradeInformation(0).reportingRegime(6).mandatorilyClearable,trade.tradeHeader.partyTradeInformation.reportingRegime.mandatorilyClearable,0,,Element with value false could not be mapped to a rosettaField
cdm-sample-files/cftc-event-scenarios/Example-07-Submission-2.xml,Fail_MappedNone,trade.tradeHeader.partyTradeInformation(0).reportingRegime(3).entityClassification[entityClassificationScheme=http://www.fpml.org/coding-scheme/esma-entity-classification].entityClassificationScheme,trade.tradeHeader.partyTradeInformation.reportingRegime.entityClassification[entityClassificationScheme=http://www.fpml.org/coding-scheme/esma-entity-classification].entityClassificationScheme,0,,Element with value http://www.fpml.org/coding-scheme/esma-entity-classification could not be mapped to a rosettaField
cdm-sample-files/cftc-event-scenarios/Example-07-Submission-2.xml,Fail_MappedNone,trade.tradeHeader.partyTradeInformation(1).reportingRegime(1).supervisorRegistration.supervisoryBody,trade.tradeHeader.partyTradeInformation.reportingRegime.supervisorRegistration.supervisoryBody,0,,Element with value FCA could not be mapped to a rosettaField
cdm-sample-files/cftc-event-scenarios/Example-07-Submission-2.xml,Fail_MappedNone,trade.tradeHeader.partyTradeInformation(1).reportingRegime(1).reportingPurpose,trade.tradeHeader.partyTradeInformation.reportingRegime.reportingPurpose,0,,Element with value PrimaryEconomicTerms could not be mapped to a rosettaField
cdm-sample-files/cftc-event-scenarios/Example-07-Submission-2.xml,Fail_MappedNone,trade.tradeHeader.partyTradeInformation(0).reportingRegime(3).entityClassification[entityClassificationScheme=http://www.fpml.org/coding-scheme/esma-entity-classification],trade.tradeHeader.partyTradeInformation.reportingRegime.entityClassification[entityClassificationScheme=http://www.fpml.org/coding-scheme/esma-entity-classification],0,,Element with value Financial could not be mapped to a rosettaField
cdm-sample-files/cftc-event-scenarios/Example-07-Submission-2.xml,Fail_MappedNone,sequenceNumber,sequenceNumber,0,,Element with value 1 could not be mapped to a rosettaField
cdm-sample-files/cftc-event-scenarios/Example-07-Submission-2.xml,Fail_MappedNone,trade.tradeHeader.partyTradeInformation(0).reportingRegime(5).name,trade.tradeHeader.partyTradeInformation.reportingRegime.name,0,,Element with value CSA could not be mapped to a rosettaField
cdm-sample-files/cftc-event-scenarios/Example-07-Submission-2.xml,Fail_MappedNone,trade.tradeHeader.partyTradeInformation(1).reportingRegime(0).mandatorilyClearable,trade.tradeHeader.partyTradeInformation.reportingRegime.mandatorilyClearable,0,,Element with value false could not be mapped to a rosettaField
cdm-sample-files/cftc-event-scenarios/Example-07-Submission-2.xml,Fail_MappedNone,trade.tradeHeader.partyTradeInformation(0).reportingRegime(0).supervisorRegistration.supervisoryBody,trade.tradeHeader.partyTradeInformation.reportingRegime.supervisorRegistration.supervisoryBody,0,,Element with value CFTC could not be mapped to a rosettaField
cdm-sample-files/cftc-event-scenarios/Example-07-Submission-2.xml,Fail_MappedNone,party(1)[id=party2].classification(0)[industryClassificationScheme=http://www.fpml.org/coding-scheme/esma-emir-refit-regulatory-corporate-sector],party[id=party2].classification[industryClassificationScheme=http://www.fpml.org/coding-scheme/esma-emir-refit-regulatory-corporate-sector],0,,Element with value ORPI could not be mapped to a rosettaField
cdm-sample-files/cftc-event-scenarios/Example-07-Submission-2.xml,Fail_MappedNone,trade.tradeHeader.partyTradeInformation(0).reportingRegime(0).reportingRole,trade.tradeHeader.partyTradeInformation.reportingRegime.reportingRole,0,,Element with value ReportingParty could not be mapped to a rosettaField
cdm-sample-files/cftc-event-scenarios/Example-07-Submission-3.xml,Fail_MappedNone,trade.tradeHeader.partyTradeInformation(0).reportingRegime(2).supervisorRegistration.supervisoryBody,trade.tradeHeader.partyTradeInformation.reportingRegime.supervisorRegistration.supervisoryBody,0,,Element with value ESMA could not be mapped to a rosettaField
cdm-sample-files/cftc-event-scenarios/Example-07-Submission-3.xml,Fail_MappedNone,trade.tradeHeader.partyTradeInformation(1).reportingRegime(1).entityClassification[entityClassificationScheme=http://www.fpml.org/coding-scheme/esma-entity-classification],trade.tradeHeader.partyTradeInformation.reportingRegime.entityClassification[entityClassificationScheme=http://www.fpml.org/coding-scheme/esma-entity-classification],0,,Element with value Financial could not be mapped to a rosettaField
cdm-sample-files/cftc-event-scenarios/Example-07-Submission-3.xml,Fail_MappedNone,correlationId[correlationIdScheme=http://fpml.org/submitter_trade_id].correlationIdScheme,correlationId[correlationIdScheme=http://fpml.org/submitter_trade_id].correlationIdScheme,0,,Element with value http://fpml.org/submitter_trade_id could not be mapped to a rosettaField
cdm-sample-files/cftc-event-scenarios/Example-07-Submission-3.xml,Fail_MappedNone,trade.tradeHeader.partyTradeInformation(1).reportingRegime(0).reportingPurpose,trade.tradeHeader.partyTradeInformation.reportingRegime.reportingPurpose,0,,Element with value PrimaryEconomicTerms could not be mapped to a rosettaField
cdm-sample-files/cftc-event-scenarios/Example-07-Submission-3.xml,Fail_MappedNone,party(1)[id=party2].classification(0)[industryClassificationScheme=http://www.fpml.org/coding-scheme/esma-emir-refit-regulatory-corporate-sector].industryClassificationScheme,party[id=party2].classification[industryClassificationScheme=http://www.fpml.org/coding-scheme/esma-emir-refit-regulatory-corporate-sector].industryClassificationScheme,0,,Element with value http://www.fpml.org/coding-scheme/esma-emir-refit-regulatory-corporate-sector could not be mapped to a rosettaField
cdm-sample-files/cftc-event-scenarios/Example-07-Submission-3.xml,Fail_MappedNone,trade.tradeHeader.partyTradeInformation(0).reportingRegime(5).mandatorilyClearable,trade.tradeHeader.partyTradeInformation.reportingRegime.mandatorilyClearable,0,,Element with value false could not be mapped to a rosettaField
cdm-sample-files/cftc-event-scenarios/Example-07-Submission-3.xml,Fail_MappedNone,trade.tradeHeader.partyTradeInformation(0).offMarketPrice,trade.tradeHeader.partyTradeInformation.offMarketPrice,0,,Element with value false could not be mapped to a rosettaField
cdm-sample-files/cftc-event-scenarios/Example-07-Submission-3.xml,Fail_MappedNone,trade.tradeHeader.partyTradeInformation(1).reportingRegime(1).entityClassification[entityClassificationScheme=http://www.fpml.org/coding-scheme/esma-entity-classification].entityClassificationScheme,trade.tradeHeader.partyTradeInformation.reportingRegime.entityClassification[entityClassificationScheme=http://www.fpml.org/coding-scheme/esma-entity-classification].entityClassificationScheme,0,,Element with value http://www.fpml.org/coding-scheme/esma-entity-classification could not be mapped to a rosettaField
cdm-sample-files/cftc-event-scenarios/Example-07-Submission-3.xml,Fail_MappedNone,trade.tradeHeader.partyTradeInformation(0).relatedBusinessUnit.role,trade.tradeHeader.partyTradeInformation.relatedBusinessUnit.role,0,,Element with value TradingDesk could not be mapped to a rosettaField
cdm-sample-files/cftc-event-scenarios/Example-07-Submission-3.xml,Fail_MappedNone,trade.tradeHeader.partyTradeInformation(0).reportingRegime(6).name,trade.tradeHeader.partyTradeInformation.reportingRegime.name,0,,Element with value HKTR could not be mapped to a rosettaField
cdm-sample-files/cftc-event-scenarios/Example-07-Submission-3.xml,Fail_MappedNone,trade.tradeHeader.partyTradeInformation(0).reportingRegime(3).reportingRole,trade.tradeHeader.partyTradeInformation.reportingRegime.reportingRole,0,,Element with value ReportingParty could not be mapped to a rosettaField
cdm-sample-files/cftc-event-scenarios/Example-07-Submission-3.xml,Fail_MappedNone,trade.tradeHeader.partyTradeInformation(0).reportingRegime(5).entityClassification[entityClassificationScheme=http://www.fpml.org/coding-scheme/cftc-entity-classification].entityClassificationScheme,trade.tradeHeader.partyTradeInformation.reportingRegime.entityClassification[entityClassificationScheme=http://www.fpml.org/coding-scheme/cftc-entity-classification].entityClassificationScheme,0,,Element with value http://www.fpml.org/coding-scheme/cftc-entity-classification could not be mapped to a rosettaField
cdm-sample-files/cftc-event-scenarios/Example-07-Submission-3.xml,Fail_MappedNone,trade.tradeHeader.partyTradeInformation(1).reportingRegime(1).exceedsClearingThreshold,trade.tradeHeader.partyTradeInformation.reportingRegime.exceedsClearingThreshold,0,,Element with value true could not be mapped to a rosettaField
cdm-sample-files/cftc-event-scenarios/Example-07-Submission-3.xml,Fail_MappedNone,trade.tradeHeader.partyTradeInformation(1).reportingRegime(0).entityClassification[entityClassificationScheme=http://www.fpml.org/coding-scheme/esma-entity-classification].entityClassificationScheme,trade.tradeHeader.partyTradeInformation.reportingRegime.entityClassification[entityClassificationScheme=http://www.fpml.org/coding-scheme/esma-entity-classification].entityClassificationScheme,0,,Element with value http://www.fpml.org/coding-scheme/esma-entity-classification could not be mapped to a rosettaField
cdm-sample-files/cftc-event-scenarios/Example-07-Submission-3.xml,Fail_MappedNone,trade.tradeHeader.partyTradeInformation(1).reportingRegime(3).supervisorRegistration.supervisoryBody,trade.tradeHeader.partyTradeInformation.reportingRegime.supervisorRegistration.supervisoryBody,0,,Element with value CA.AB.ASC could not be mapped to a rosettaField
cdm-sample-files/cftc-event-scenarios/Example-07-Submission-3.xml,Fail_MappedNone,party(1)[id=party2].classification(1)[industryClassificationScheme=http://www.fpml.org/coding-scheme/hkma-rewrite-regulatory-corporate-sector].industryClassificationScheme,party[id=party2].classification[industryClassificationScheme=http://www.fpml.org/coding-scheme/hkma-rewrite-regulatory-corporate-sector].industryClassificationScheme,0,,Element with value http://www.fpml.org/coding-scheme/hkma-rewrite-regulatory-corporate-sector could not be mapped to a rosettaField
cdm-sample-files/cftc-event-scenarios/Example-07-Submission-3.xml,Fail_MappedNone,trade.tradeHeader.partyTradeInformation(1).reportingRegime(4).reportingRole,trade.tradeHeader.partyTradeInformation.reportingRegime.reportingRole,0,,Element with value ReportingParty could not be mapped to a rosettaField
cdm-sample-files/cftc-event-scenarios/Example-07-Submission-3.xml,Fail_MappedNone,trade.tradeHeader.partyTradeInformation(0).reportingRegime(1).supervisorRegistration.supervisoryBody,trade.tradeHeader.partyTradeInformation.reportingRegime.supervisorRegistration.supervisoryBody,0,,Element with value SEC could not be mapped to a rosettaField
cdm-sample-files/cftc-event-scenarios/Example-07-Submission-3.xml,Fail_MappedNone,party(0)[id=party1].organizationType,party[id=party1].organizationType,0,,Element with value SD could not be mapped to a rosettaField
cdm-sample-files/cftc-event-scenarios/Example-07-Submission-3.xml,Fail_MappedNone,trade.tradeHeader.partyTradeInformation(1).reportingRegime(0).name,trade.tradeHeader.partyTradeInformation.reportingRegime.name,0,,Element with value EMIR could not be mapped to a rosettaField
cdm-sample-files/cftc-event-scenarios/Example-07-Submission-3.xml,Fail_MappedMultiple,party(2)[id=broker1].partyId[partyIdScheme=http://www.fpml.org/coding-scheme/external/iso17442].partyIdScheme,party[id=broker1].partyId[partyIdScheme=http://www.fpml.org/coding-scheme/external/iso17442].partyIdScheme,2,ReportableEvent.originatingWorkflowStep.proposedEvent.instruction(0).before.value.trade.party(2).partyId(0).identifierType=[LEI] ReportableEvent.originatingWorkflowStep.proposedEvent.instruction(0).before.value.trade.party(2).partyId(0).identifier.meta.scheme=[http://www.fpml.org/coding-scheme/external/iso17442],Element mapped to multiple rosettaFields
cdm-sample-files/cftc-event-scenarios/Example-07-Submission-3.xml,Fail_MappedNone,trade.tradeHeader.partyTradeInformation(0).reportingRegime(2).reportingRole,trade.tradeHeader.partyTradeInformation.reportingRegime.reportingRole,0,,Element with value ReportingParty could not be mapped to a rosettaField
cdm-sample-files/cftc-event-scenarios/Example-07-Submission-3.xml,Fail_MappedMultiple,party(3)[id=clearing-svc].partyId[partyIdScheme=http://www.fpml.org/coding-scheme/external/iso17442].partyIdScheme,party[id=clearing-svc].partyId[partyIdScheme=http://www.fpml.org/coding-scheme/external/iso17442].partyIdScheme,2,ReportableEvent.originatingWorkflowStep.proposedEvent.instruction(0).before.value.trade.party(3).partyId(0).identifierType=[LEI] ReportableEvent.originatingWorkflowStep.proposedEvent.instruction(0).before.value.trade.party(3).partyId(0).identifier.meta.scheme=[http://www.fpml.org/coding-scheme/external/iso17442],Element mapped to multiple rosettaFields
cdm-sample-files/cftc-event-scenarios/Example-07-Submission-3.xml,Fail_MappedNone,trade.tradeHeader.partyTradeInformation(0).reportingRegime(3).mandatorilyClearable,trade.tradeHeader.partyTradeInformation.reportingRegime.mandatorilyClearable,0,,Element with value false could not be mapped to a rosettaField
cdm-sample-files/cftc-event-scenarios/Example-07-Submission-3.xml,Fail_MappedNone,party(1)[id=party2].organizationType,party[id=party2].organizationType,0,,Element with value SD could not be mapped to a rosettaField
cdm-sample-files/cftc-event-scenarios/Example-07-Submission-3.xml,Fail_MappedNone,trade.tradeHeader.partyTradeInformation(0).reportingRegime(2).exceedsClearingThreshold,trade.tradeHeader.partyTradeInformation.reportingRegime.exceedsClearingThreshold,0,,Element with value true could not be mapped to a rosettaField
cdm-sample-files/cftc-event-scenarios/Example-07-Submission-3.xml,Fail_MappedNone,trade.tradeHeader.partyTradeInformation(1).reportingRegime(1).name,trade.tradeHeader.partyTradeInformation.reportingRegime.name,0,,Element with value UKEMIR could not be mapped to a rosettaField
cdm-sample-files/cftc-event-scenarios/Example-07-Submission-3.xml,Fail_MappedNone,trade.tradeHeader.partyTradeInformation(0).reportingRegime(6).entityClassification,trade.tradeHeader.partyTradeInformation.reportingRegime.entityClassification,0,,Element with value Financial could not be mapped to a rosettaField
cdm-sample-files/cftc-event-scenarios/Example-07-Submission-3.xml,Fail_MappedNone,onBehalfOf.partyReference[href=party1].href,onBehalfOf.partyReference[href=party1].href,0,,Element with value party1 could not be mapped to a rosettaField
cdm-sample-files/cftc-event-scenarios/Example-07-Submission-3.xml,Fail_MappedNone,trade.tradeHeader.partyTradeInformation(0).reportingRegime(5).reportingRole,trade.tradeHeader.partyTradeInformation.reportingRegime.reportingRole,0,,Element with value ReportingParty could not be mapped to a rosettaField
cdm-sample-files/cftc-event-scenarios/Example-07-Submission-3.xml,Fail_MappedNone,party(0)[id=party1].classification(0)[industryClassificationScheme=http://www.fpml.org/coding-scheme/esma-emir-refit-regulatory-corporate-sector].industryClassificationScheme,party[id=party1].classification[industryClassificationScheme=http://www.fpml.org/coding-scheme/esma-emir-refit-regulatory-corporate-sector].industryClassificationScheme,0,,Element with value http://www.fpml.org/coding-scheme/esma-emir-refit-regulatory-corporate-sector could not be mapped to a rosettaField
cdm-sample-files/cftc-event-scenarios/Example-07-Submission-3.xml,Fail_MappedNone,trade.tradeHeader.partyTradeInformation(1).reportingRegime(0).entityClassification[entityClassificationScheme=http://www.fpml.org/coding-scheme/esma-entity-classification],trade.tradeHeader.partyTradeInformation.reportingRegime.entityClassification[entityClassificationScheme=http://www.fpml.org/coding-scheme/esma-entity-classification],0,,Element with value Financial could not be mapped to a rosettaField
cdm-sample-files/cftc-event-scenarios/Example-07-Submission-3.xml,Fail_MappedNone,trade.tradeHeader.partyTradeInformation(0).reportingRegime(2).mandatorilyClearable,trade.tradeHeader.partyTradeInformation.reportingRegime.mandatorilyClearable,0,,Element with value false could not be mapped to a rosettaField
cdm-sample-files/cftc-event-scenarios/Example-07-Submission-3.xml,Fail_MappedNone,trade.tradeHeader.partyTradeInformation(0).reportingRegime(3).supervisorRegistration.supervisoryBody,trade.tradeHeader.partyTradeInformation.reportingRegime.supervisorRegistration.supervisoryBody,0,,Element with value FCA could not be mapped to a rosettaField
cdm-sample-files/cftc-event-scenarios/Example-07-Submission-3.xml,Fail_MappedNone,trade.tradeHeader.partyTradeInformation(0).executionType,trade.tradeHeader.partyTradeInformation.executionType,0,,Element with value Electronic could not be mapped to a rosettaField
cdm-sample-files/cftc-event-scenarios/Example-07-Submission-3.xml,Fail_MappedNone,trade.tradeHeader.partyTradeInformation(1).reportingRegime(2).name,trade.tradeHeader.partyTradeInformation.reportingRegime.name,0,,Element with value JFSA could not be mapped to a rosettaField
cdm-sample-files/cftc-event-scenarios/Example-07-Submission-3.xml,Fail_MappedNone,correlationId[correlationIdScheme=http://fpml.org/submitter_trade_id],correlationId[correlationIdScheme=http://fpml.org/submitter_trade_id],0,,Element with value TW9235 could not be mapped to a rosettaField
cdm-sample-files/cftc-event-scenarios/Example-07-Submission-3.xml,Fail_MappedNone,trade.tradeHeader.partyTradeInformation(1).reportingRegime(4).supervisorRegistration.supervisoryBody,trade.tradeHeader.partyTradeInformation.reportingRegime.supervisorRegistration.supervisoryBody,0,,Element with value HKMA could not be mapped to a rosettaField
cdm-sample-files/cftc-event-scenarios/Example-07-Submission-3.xml,Fail_MappedNone,trade.tradeHeader.partyTradeInformation(0).reportingRegime(4).reportingRole,trade.tradeHeader.partyTradeInformation.reportingRegime.reportingRole,0,,Element with value ReportingParty could not be mapped to a rosettaField
cdm-sample-files/cftc-event-scenarios/Example-07-Submission-3.xml,Fail_MappedNone,trade.tradeHeader.partyTradeInformation(0).relatedBusinessUnit.businessUnitReference[href=desk1].href,trade.tradeHeader.partyTradeInformation.relatedBusinessUnit.businessUnitReference[href=desk1].href,0,,Element with value desk1 could not be mapped to a rosettaField
cdm-sample-files/cftc-event-scenarios/Example-07-Submission-3.xml,Fail_MappedNone,party(0)[id=party1].classification(1)[industryClassificationScheme=http://www.fpml.org/coding-scheme/hkma-rewrite-regulatory-corporate-sector].industryClassificationScheme,party[id=party1].classification[industryClassificationScheme=http://www.fpml.org/coding-scheme/hkma-rewrite-regulatory-corporate-sector].industryClassificationScheme,0,,Element with value http://www.fpml.org/coding-scheme/hkma-rewrite-regulatory-corporate-sector could not be mapped to a rosettaField
cdm-sample-files/cftc-event-scenarios/Example-07-Submission-3.xml,Fail_MappedNone,trade.tradeHeader.partyTradeInformation(1).reportingRegime(4).mandatorilyClearable,trade.tradeHeader.partyTradeInformation.reportingRegime.mandatorilyClearable,0,,Element with value false could not be mapped to a rosettaField
cdm-sample-files/cftc-event-scenarios/Example-07-Submission-3.xml,Fail_MappedNone,trade.tradeHeader.partyTradeInformation(0).reportingRegime(3).reportingPurpose,trade.tradeHeader.partyTradeInformation.reportingRegime.reportingPurpose,0,,Element with value PrimaryEconomicTerms could not be mapped to a rosettaField
cdm-sample-files/cftc-event-scenarios/Example-07-Submission-3.xml,Fail_MappedNone,trade.tradeHeader.partyTradeInformation(0).reportingRegime(1).mandatorilyClearable,trade.tradeHeader.partyTradeInformation.reportingRegime.mandatorilyClearable,0,,Element with value false could not be mapped to a rosettaField
cdm-sample-files/cftc-event-scenarios/Example-07-Submission-3.xml,Fail_MappedNone,trade.tradeHeader.partyTradeInformation(0).reportingRegime(2).entityClassification[entityClassificationScheme=http://www.fpml.org/coding-scheme/esma-entity-classification].entityClassificationScheme,trade.tradeHeader.partyTradeInformation.reportingRegime.entityClassification[entityClassificationScheme=http://www.fpml.org/coding-scheme/esma-entity-classification].entityClassificationScheme,0,,Element with value http://www.fpml.org/coding-scheme/esma-entity-classification could not be mapped to a rosettaField
cdm-sample-files/cftc-event-scenarios/Example-07-Submission-3.xml,Fail_MappedNone,trade.tradeHeader.partyTradeInformation(1).reportingRegime(1).reportingRole,trade.tradeHeader.partyTradeInformation.reportingRegime.reportingRole,0,,Element with value ReportingParty could not be mapped to a rosettaField
cdm-sample-files/cftc-event-scenarios/Example-07-Submission-3.xml,Fail_MappedNone,trade.tradeHeader.partyTradeInformation(0).reportingRegime(5).supervisorRegistration.supervisoryBody,trade.tradeHeader.partyTradeInformation.reportingRegime.supervisorRegistration.supervisoryBody,0,,Element with value CA.AB.ASC could not be mapped to a rosettaField
cdm-sample-files/cftc-event-scenarios/Example-07-Submission-3.xml,Fail_MappedNone,trade.tradeHeader.partyTradeInformation(1).reportingRegime(3).name,trade.tradeHeader.partyTradeInformation.reportingRegime.name,0,,Element with value CSA could not be mapped to a rosettaField
cdm-sample-files/cftc-event-scenarios/Example-07-Submission-3.xml,Fail_MappedNone,trade.tradeHeader.partyTradeInformation(1).reportingRegime(3).mandatorilyClearable,trade.tradeHeader.partyTradeInformation.reportingRegime.mandatorilyClearable,0,,Element with value false could not be mapped to a rosettaField
cdm-sample-files/cftc-event-scenarios/Example-07-Submission-3.xml,Fail_MappedNone,trade.tradeHeader.partyTradeInformation(0).reportingRegime(4).supervisorRegistration.supervisoryBody,trade.tradeHeader.partyTradeInformation.reportingRegime.supervisorRegistration.supervisoryBody,0,,Element with value JFSA could not be mapped to a rosettaField
cdm-sample-files/cftc-event-scenarios/Example-07-Submission-3.xml,Fail_MappedNone,trade.tradeHeader.partyTradeInformation(1).reportingRegime(0).supervisorRegistration.supervisoryBody,trade.tradeHeader.partyTradeInformation.reportingRegime.supervisorRegistration.supervisoryBody,0,,Element with value ESMA could not be mapped to a rosettaField
cdm-sample-files/cftc-event-scenarios/Example-07-Submission-3.xml,Fail_MappedNone,trade.tradeHeader.partyTradeInformation(0).reportingRegime(2).name,trade.tradeHeader.partyTradeInformation.reportingRegime.name,0,,Element with value EMIR could not be mapped to a rosettaField
cdm-sample-files/cftc-event-scenarios/Example-07-Submission-3.xml,Fail_MappedNone,trade.tradeHeader.partyTradeInformation(0).reportingRegime(2).reportingPurpose,trade.tradeHeader.partyTradeInformation.reportingRegime.reportingPurpose,0,,Element with value PrimaryEconomicTerms could not be mapped to a rosettaField
cdm-sample-files/cftc-event-scenarios/Example-07-Submission-3.xml,Fail_MappedNone,trade.tradeHeader.partyTradeInformation(0).executionVenueType,trade.tradeHeader.partyTradeInformation.executionVenueType,0,,Element with value SEF could not be mapped to a rosettaField
cdm-sample-files/cftc-event-scenarios/Example-07-Submission-3.xml,Fail_MappedNone,trade.tradeHeader.partyTradeInformation(1).reportingRegime(0).reportingRole,trade.tradeHeader.partyTradeInformation.reportingRegime.reportingRole,0,,Element with value ReportingParty could not be mapped to a rosettaField
cdm-sample-files/cftc-event-scenarios/Example-07-Submission-3.xml,Fail_MappedNone,trade.tradeHeader.partyTradeInformation(0).reportingRegime(0).mandatorilyClearable,trade.tradeHeader.partyTradeInformation.reportingRegime.mandatorilyClearable,0,,Element with value false could not be mapped to a rosettaField
cdm-sample-files/cftc-event-scenarios/Example-07-Submission-3.xml,Fail_MappedNone,party(0)[id=party1].classification(1)[industryClassificationScheme=http://www.fpml.org/coding-scheme/hkma-rewrite-regulatory-corporate-sector],party[id=party1].classification[industryClassificationScheme=http://www.fpml.org/coding-scheme/hkma-rewrite-regulatory-corporate-sector],0,,Element with value ORPI could not be mapped to a rosettaField
cdm-sample-files/cftc-event-scenarios/Example-07-Submission-3.xml,Fail_MappedNone,trade.tradeHeader.partyTradeInformation(0).collateralizationType,trade.tradeHeader.partyTradeInformation.collateralizationType,0,,Element with value Fully could not be mapped to a rosettaField
cdm-sample-files/cftc-event-scenarios/Example-07-Submission-3.xml,Fail_MappedNone,trade.tradeHeader.partyTradeInformation(0).reportingRegime(3).exceedsClearingThreshold,trade.tradeHeader.partyTradeInformation.reportingRegime.exceedsClearingThreshold,0,,Element with value true could not be mapped to a rosettaField
cdm-sample-files/cftc-event-scenarios/Example-07-Submission-3.xml,Fail_MappedNone,trade.tradeHeader.partyTradeInformation(1).reportingRegime(3).entityClassification[entityClassificationScheme=http://www.fpml.org/coding-scheme/cftc-entity-classification].entityClassificationScheme,trade.tradeHeader.partyTradeInformation.reportingRegime.entityClassification[entityClassificationScheme=http://www.fpml.org/coding-scheme/cftc-entity-classification].entityClassificationScheme,0,,Element with value http://www.fpml.org/coding-scheme/cftc-entity-classification could not be mapped to a rosettaField
cdm-sample-files/cftc-event-scenarios/Example-07-Submission-3.xml,Fail_MappedNone,trade.tradeHeader.partyTradeInformation(0).reportingRegime(5).entityClassification[entityClassificationScheme=http://www.fpml.org/coding-scheme/cftc-entity-classification],trade.tradeHeader.partyTradeInformation.reportingRegime.entityClassification[entityClassificationScheme=http://www.fpml.org/coding-scheme/cftc-entity-classification],0,,Element with value SBSD could not be mapped to a rosettaField
cdm-sample-files/cftc-event-scenarios/Example-07-Submission-3.xml,Fail_MappedNone,trade.tradeHeader.partyTradeInformation(1).reportingRegime(4).name,trade.tradeHeader.partyTradeInformation.reportingRegime.name,0,,Element with value HKTR could not be mapped to a rosettaField
cdm-sample-files/cftc-event-scenarios/Example-07-Submission-3.xml,Fail_MappedNone,trade.tradeHeader.partyTradeInformation(0).reportingRegime(6).reportingRole,trade.tradeHeader.partyTradeInformation.reportingRegime.reportingRole,0,,Element with value ReportingParty could not be mapped to a rosettaField
cdm-sample-files/cftc-event-scenarios/Example-07-Submission-3.xml,Fail_MappedNone,trade.tradeHeader.partyTradeInformation(0).reportingRegime(6).supervisorRegistration.supervisoryBody,trade.tradeHeader.partyTradeInformation.reportingRegime.supervisorRegistration.supervisoryBody,0,,Element with value HKMA could not be mapped to a rosettaField
cdm-sample-files/cftc-event-scenarios/Example-07-Submission-3.xml,Fail_MappedNone,trade.tradeHeader.partyTradeInformation(1).reportingRegime(3).entityClassification[entityClassificationScheme=http://www.fpml.org/coding-scheme/cftc-entity-classification],trade.tradeHeader.partyTradeInformation.reportingRegime.entityClassification[entityClassificationScheme=http://www.fpml.org/coding-scheme/cftc-entity-classification],0,,Element with value SBSD could not be mapped to a rosettaField
cdm-sample-files/cftc-event-scenarios/Example-07-Submission-3.xml,Fail_MappedNone,trade.tradeHeader.partyTradeInformation(1).reportingRegime(0).exceedsClearingThreshold,trade.tradeHeader.partyTradeInformation.reportingRegime.exceedsClearingThreshold,0,,Element with value true could not be mapped to a rosettaField
cdm-sample-files/cftc-event-scenarios/Example-07-Submission-3.xml,Fail_MappedNone,trade.tradeHeader.partyTradeInformation(1).reportingRegime(2).supervisorRegistration.supervisoryBody,trade.tradeHeader.partyTradeInformation.reportingRegime.supervisorRegistration.supervisoryBody,0,,Element with value JFSA could not be mapped to a rosettaField
cdm-sample-files/cftc-event-scenarios/Example-07-Submission-3.xml,Fail_MappedNone,trade.tradeHeader.partyTradeInformation(0).reportingRegime(1).reportingPurpose,trade.tradeHeader.partyTradeInformation.reportingRegime.reportingPurpose,0,,Element with value PrimaryEconomicTerms could not be mapped to a rosettaField
cdm-sample-files/cftc-event-scenarios/Example-07-Submission-3.xml,Fail_MappedNone,trade.tradeHeader.partyTradeInformation(0).reportingRegime(3).name,trade.tradeHeader.partyTradeInformation.reportingRegime.name,0,,Element with value UKEMIR could not be mapped to a rosettaField
cdm-sample-files/cftc-event-scenarios/Example-07-Submission-3.xml,Fail_MappedNone,party(1)[id=party2].classification(1)[industryClassificationScheme=http://www.fpml.org/coding-scheme/hkma-rewrite-regulatory-corporate-sector],party[id=party2].classification[industryClassificationScheme=http://www.fpml.org/coding-scheme/hkma-rewrite-regulatory-corporate-sector],0,,Element with value UCIT could not be mapped to a rosettaField
cdm-sample-files/cftc-event-scenarios/Example-07-Submission-3.xml,Fail_MappedNone,trade.tradeHeader.partyTradeInformation(1).reportingRegime(3).reportingRole,trade.tradeHeader.partyTradeInformation.reportingRegime.reportingRole,0,,Element with value ReportingParty could not be mapped to a rosettaField
cdm-sample-files/cftc-event-scenarios/Example-07-Submission-3.xml,Fail_MappedNone,trade.tradeHeader.partyTradeInformation(0).reportingRegime(2).entityClassification[entityClassificationScheme=http://www.fpml.org/coding-scheme/esma-entity-classification],trade.tradeHeader.partyTradeInformation.reportingRegime.entityClassification[entityClassificationScheme=http://www.fpml.org/coding-scheme/esma-entity-classification],0,,Element with value Financial could not be mapped to a rosettaField
cdm-sample-files/cftc-event-scenarios/Example-07-Submission-3.xml,Fail_MappedNone,trade.tradeHeader.partyTradeInformation(1).reportingRegime(1).mandatorilyClearable,trade.tradeHeader.partyTradeInformation.reportingRegime.mandatorilyClearable,0,,Element with value false could not be mapped to a rosettaField
cdm-sample-files/cftc-event-scenarios/Example-07-Submission-3.xml,Fail_MappedNone,party(0)[id=party1].classification(0)[industryClassificationScheme=http://www.fpml.org/coding-scheme/esma-emir-refit-regulatory-corporate-sector],party[id=party1].classification[industryClassificationScheme=http://www.fpml.org/coding-scheme/esma-emir-refit-regulatory-corporate-sector],0,,Element with value ORPI could not be mapped to a rosettaField
cdm-sample-files/cftc-event-scenarios/Example-07-Submission-3.xml,Fail_MappedMultiple,party(0)[id=party1].partyId[partyIdScheme=http://www.fpml.org/coding-scheme/external/iso17442].partyIdScheme,party[id=party1].partyId[partyIdScheme=http://www.fpml.org/coding-scheme/external/iso17442].partyIdScheme,2,ReportableEvent.originatingWorkflowStep.proposedEvent.instruction(0).before.value.trade.party(0).partyId(0).identifierType=[LEI] ReportableEvent.originatingWorkflowStep.proposedEvent.instruction(0).before.value.trade.party(0).partyId(0).identifier.meta.scheme=[http://www.fpml.org/coding-scheme/external/iso17442],Element mapped to multiple rosettaFields
cdm-sample-files/cftc-event-scenarios/Example-07-Submission-3.xml,Fail_MappedNone,trade.tradeHeader.partyTradeInformation(0).reportingRegime(1).reportingRole,trade.tradeHeader.partyTradeInformation.reportingRegime.reportingRole,0,,Element with value ReportingParty could not be mapped to a rosettaField
cdm-sample-files/cftc-event-scenarios/Example-07-Submission-3.xml,Fail_MappedNone,trade.tradeHeader.partyTradeInformation(0).reportingRegime(0).reportingPurpose,trade.tradeHeader.partyTradeInformation.reportingRegime.reportingPurpose,0,,Element with value PrimaryEconomicTerms could not be mapped to a rosettaField
cdm-sample-files/cftc-event-scenarios/Example-07-Submission-3.xml,Fail_MappedNone,trade.tradeHeader.partyTradeInformation(0).reportingRegime(4).name,trade.tradeHeader.partyTradeInformation.reportingRegime.name,0,,Element with value JFSA could not be mapped to a rosettaField
cdm-sample-files/cftc-event-scenarios/Example-07-Submission-3.xml,Fail_MappedNone,trade.tradeHeader.partyTradeInformation(1).reportingRegime(4).entityClassification,trade.tradeHeader.partyTradeInformation.reportingRegime.entityClassification,0,,Element with value Financial could not be mapped to a rosettaField
cdm-sample-files/cftc-event-scenarios/Example-07-Submission-3.xml,Fail_MappedNone,trade.tradeHeader.partyTradeInformation(0).largeSizeTrade,trade.tradeHeader.partyTradeInformation.largeSizeTrade,0,,Element with value false could not be mapped to a rosettaField
cdm-sample-files/cftc-event-scenarios/Example-07-Submission-3.xml,Fail_MappedMultiple,party(1)[id=party2].partyId[partyIdScheme=http://www.fpml.org/coding-scheme/external/iso17442].partyIdScheme,party[id=party2].partyId[partyIdScheme=http://www.fpml.org/coding-scheme/external/iso17442].partyIdScheme,2,ReportableEvent.originatingWorkflowStep.proposedEvent.instruction(0).before.value.trade.party(1).partyId(0).identifier.meta.scheme=[http://www.fpml.org/coding-scheme/external/iso17442] ReportableEvent.originatingWorkflowStep.proposedEvent.instruction(0).before.value.trade.party(1).partyId(0).identifierType=[LEI],Element mapped to multiple rosettaFields
cdm-sample-files/cftc-event-scenarios/Example-07-Submission-3.xml,Fail_MappedNone,trade.tradeHeader.partyTradeInformation(1).reportingRegime(2).reportingRole,trade.tradeHeader.partyTradeInformation.reportingRegime.reportingRole,0,,Element with value ReportingParty could not be mapped to a rosettaField
cdm-sample-files/cftc-event-scenarios/Example-07-Submission-3.xml,Fail_MappedNone,trade.tradeHeader.partyTradeInformation(0).reportingRegime(6).mandatorilyClearable,trade.tradeHeader.partyTradeInformation.reportingRegime.mandatorilyClearable,0,,Element with value false could not be mapped to a rosettaField
cdm-sample-files/cftc-event-scenarios/Example-07-Submission-3.xml,Fail_MappedNone,trade.tradeHeader.partyTradeInformation(0).reportingRegime(3).entityClassification[entityClassificationScheme=http://www.fpml.org/coding-scheme/esma-entity-classification].entityClassificationScheme,trade.tradeHeader.partyTradeInformation.reportingRegime.entityClassification[entityClassificationScheme=http://www.fpml.org/coding-scheme/esma-entity-classification].entityClassificationScheme,0,,Element with value http://www.fpml.org/coding-scheme/esma-entity-classification could not be mapped to a rosettaField
cdm-sample-files/cftc-event-scenarios/Example-07-Submission-3.xml,Fail_MappedNone,trade.tradeHeader.partyTradeInformation(1).reportingRegime(1).supervisorRegistration.supervisoryBody,trade.tradeHeader.partyTradeInformation.reportingRegime.supervisorRegistration.supervisoryBody,0,,Element with value FCA could not be mapped to a rosettaField
cdm-sample-files/cftc-event-scenarios/Example-07-Submission-3.xml,Fail_MappedNone,trade.tradeHeader.partyTradeInformation(1).reportingRegime(1).reportingPurpose,trade.tradeHeader.partyTradeInformation.reportingRegime.reportingPurpose,0,,Element with value PrimaryEconomicTerms could not be mapped to a rosettaField
cdm-sample-files/cftc-event-scenarios/Example-07-Submission-3.xml,Fail_MappedNone,trade.tradeHeader.partyTradeInformation(0).reportingRegime(3).entityClassification[entityClassificationScheme=http://www.fpml.org/coding-scheme/esma-entity-classification],trade.tradeHeader.partyTradeInformation.reportingRegime.entityClassification[entityClassificationScheme=http://www.fpml.org/coding-scheme/esma-entity-classification],0,,Element with value Financial could not be mapped to a rosettaField
cdm-sample-files/cftc-event-scenarios/Example-07-Submission-3.xml,Fail_MappedNone,sequenceNumber,sequenceNumber,0,,Element with value 1 could not be mapped to a rosettaField
cdm-sample-files/cftc-event-scenarios/Example-07-Submission-3.xml,Fail_MappedNone,trade.tradeHeader.partyTradeInformation(0).reportingRegime(5).name,trade.tradeHeader.partyTradeInformation.reportingRegime.name,0,,Element with value CSA could not be mapped to a rosettaField
cdm-sample-files/cftc-event-scenarios/Example-07-Submission-3.xml,Fail_MappedNone,trade.tradeHeader.partyTradeInformation(1).reportingRegime(0).mandatorilyClearable,trade.tradeHeader.partyTradeInformation.reportingRegime.mandatorilyClearable,0,,Element with value false could not be mapped to a rosettaField
cdm-sample-files/cftc-event-scenarios/Example-07-Submission-3.xml,Fail_MappedNone,trade.tradeHeader.partyTradeInformation(0).reportingRegime(0).supervisorRegistration.supervisoryBody,trade.tradeHeader.partyTradeInformation.reportingRegime.supervisorRegistration.supervisoryBody,0,,Element with value CFTC could not be mapped to a rosettaField
cdm-sample-files/cftc-event-scenarios/Example-07-Submission-3.xml,Fail_MappedNone,party(1)[id=party2].classification(0)[industryClassificationScheme=http://www.fpml.org/coding-scheme/esma-emir-refit-regulatory-corporate-sector],party[id=party2].classification[industryClassificationScheme=http://www.fpml.org/coding-scheme/esma-emir-refit-regulatory-corporate-sector],0,,Element with value UCIT could not be mapped to a rosettaField
cdm-sample-files/cftc-event-scenarios/Example-07-Submission-3.xml,Fail_MappedNone,trade.tradeHeader.partyTradeInformation(0).reportingRegime(0).reportingRole,trade.tradeHeader.partyTradeInformation.reportingRegime.reportingRole,0,,Element with value ReportingParty could not be mapped to a rosettaField
cdm-sample-files/cftc-event-scenarios/Example-08-Submission-1.xml,Fail_MappedNone,trade.tradeHeader.partyTradeInformation(0).reportingRegime(2).supervisorRegistration.supervisoryBody,trade.tradeHeader.partyTradeInformation.reportingRegime.supervisorRegistration.supervisoryBody,0,,Element with value ESMA could not be mapped to a rosettaField
cdm-sample-files/cftc-event-scenarios/Example-08-Submission-1.xml,Fail_MappedNone,trade.tradeHeader.partyTradeInformation(1).reportingRegime(1).entityClassification[entityClassificationScheme=http://www.fpml.org/coding-scheme/esma-entity-classification],trade.tradeHeader.partyTradeInformation.reportingRegime.entityClassification[entityClassificationScheme=http://www.fpml.org/coding-scheme/esma-entity-classification],0,,Element with value Financial could not be mapped to a rosettaField
cdm-sample-files/cftc-event-scenarios/Example-08-Submission-1.xml,Fail_MappedNone,correlationId[correlationIdScheme=http://fpml.org/submitter_trade_id].correlationIdScheme,correlationId[correlationIdScheme=http://fpml.org/submitter_trade_id].correlationIdScheme,0,,Element with value http://fpml.org/submitter_trade_id could not be mapped to a rosettaField
cdm-sample-files/cftc-event-scenarios/Example-08-Submission-1.xml,Fail_MappedNone,trade.tradeHeader.partyTradeInformation(1).reportingRegime(0).reportingPurpose,trade.tradeHeader.partyTradeInformation.reportingRegime.reportingPurpose,0,,Element with value PrimaryEconomicTerms could not be mapped to a rosettaField
cdm-sample-files/cftc-event-scenarios/Example-08-Submission-1.xml,Fail_MappedNone,party(1)[id=party2].classification(0)[industryClassificationScheme=http://www.fpml.org/coding-scheme/esma-emir-refit-regulatory-corporate-sector].industryClassificationScheme,party[id=party2].classification[industryClassificationScheme=http://www.fpml.org/coding-scheme/esma-emir-refit-regulatory-corporate-sector].industryClassificationScheme,0,,Element with value http://www.fpml.org/coding-scheme/esma-emir-refit-regulatory-corporate-sector could not be mapped to a rosettaField
cdm-sample-files/cftc-event-scenarios/Example-08-Submission-1.xml,Fail_MappedNone,trade.tradeHeader.partyTradeInformation(0).reportingRegime(5).mandatorilyClearable,trade.tradeHeader.partyTradeInformation.reportingRegime.mandatorilyClearable,0,,Element with value false could not be mapped to a rosettaField
cdm-sample-files/cftc-event-scenarios/Example-08-Submission-1.xml,Fail_MappedNone,trade.tradeHeader.partyTradeInformation(0).offMarketPrice,trade.tradeHeader.partyTradeInformation.offMarketPrice,0,,Element with value false could not be mapped to a rosettaField
cdm-sample-files/cftc-event-scenarios/Example-08-Submission-1.xml,Fail_MappedNone,trade.swaption.swaptionAdjustedDates.exerciseEvent.adjustedExerciseDate,trade.swaption.swaptionAdjustedDates.exerciseEvent.adjustedExerciseDate,0,,Element with value 2019-04-01 could not be mapped to a rosettaField
cdm-sample-files/cftc-event-scenarios/Example-08-Submission-1.xml,Fail_MappedNone,trade.tradeHeader.partyTradeInformation(1).reportingRegime(1).entityClassification[entityClassificationScheme=http://www.fpml.org/coding-scheme/esma-entity-classification].entityClassificationScheme,trade.tradeHeader.partyTradeInformation.reportingRegime.entityClassification[entityClassificationScheme=http://www.fpml.org/coding-scheme/esma-entity-classification].entityClassificationScheme,0,,Element with value http://www.fpml.org/coding-scheme/esma-entity-classification could not be mapped to a rosettaField
cdm-sample-files/cftc-event-scenarios/Example-08-Submission-1.xml,Fail_MappedNone,trade.tradeHeader.partyTradeInformation(0).relatedBusinessUnit.role,trade.tradeHeader.partyTradeInformation.relatedBusinessUnit.role,0,,Element with value TradingDesk could not be mapped to a rosettaField
cdm-sample-files/cftc-event-scenarios/Example-08-Submission-1.xml,Fail_MappedNone,trade.tradeHeader.partyTradeInformation(0).reportingRegime(6).name,trade.tradeHeader.partyTradeInformation.reportingRegime.name,0,,Element with value HKTR could not be mapped to a rosettaField
cdm-sample-files/cftc-event-scenarios/Example-08-Submission-1.xml,Fail_MappedNone,trade.tradeHeader.partyTradeInformation(0).reportingRegime(3).reportingRole,trade.tradeHeader.partyTradeInformation.reportingRegime.reportingRole,0,,Element with value ReportingParty could not be mapped to a rosettaField
cdm-sample-files/cftc-event-scenarios/Example-08-Submission-1.xml,Fail_MappedNone,trade.tradeHeader.partyTradeInformation(0).reportingRegime(5).entityClassification[entityClassificationScheme=http://www.fpml.org/coding-scheme/cftc-entity-classification].entityClassificationScheme,trade.tradeHeader.partyTradeInformation.reportingRegime.entityClassification[entityClassificationScheme=http://www.fpml.org/coding-scheme/cftc-entity-classification].entityClassificationScheme,0,,Element with value http://www.fpml.org/coding-scheme/cftc-entity-classification could not be mapped to a rosettaField
cdm-sample-files/cftc-event-scenarios/Example-08-Submission-1.xml,Fail_MappedNone,trade.tradeHeader.partyTradeInformation(1).reportingRegime(1).exceedsClearingThreshold,trade.tradeHeader.partyTradeInformation.reportingRegime.exceedsClearingThreshold,0,,Element with value true could not be mapped to a rosettaField
cdm-sample-files/cftc-event-scenarios/Example-08-Submission-1.xml,Fail_MappedNone,trade.tradeHeader.partyTradeInformation(1).reportingRegime(0).entityClassification[entityClassificationScheme=http://www.fpml.org/coding-scheme/esma-entity-classification].entityClassificationScheme,trade.tradeHeader.partyTradeInformation.reportingRegime.entityClassification[entityClassificationScheme=http://www.fpml.org/coding-scheme/esma-entity-classification].entityClassificationScheme,0,,Element with value http://www.fpml.org/coding-scheme/esma-entity-classification could not be mapped to a rosettaField
cdm-sample-files/cftc-event-scenarios/Example-08-Submission-1.xml,Fail_MappedNone,trade.tradeHeader.partyTradeInformation(1).reportingRegime(3).supervisorRegistration.supervisoryBody,trade.tradeHeader.partyTradeInformation.reportingRegime.supervisorRegistration.supervisoryBody,0,,Element with value CA.AB.ASC could not be mapped to a rosettaField
cdm-sample-files/cftc-event-scenarios/Example-08-Submission-1.xml,Fail_MappedNone,party(1)[id=party2].classification(1)[industryClassificationScheme=http://www.fpml.org/coding-scheme/hkma-rewrite-regulatory-corporate-sector].industryClassificationScheme,party[id=party2].classification[industryClassificationScheme=http://www.fpml.org/coding-scheme/hkma-rewrite-regulatory-corporate-sector].industryClassificationScheme,0,,Element with value http://www.fpml.org/coding-scheme/hkma-rewrite-regulatory-corporate-sector could not be mapped to a rosettaField
cdm-sample-files/cftc-event-scenarios/Example-08-Submission-1.xml,Fail_MappedNone,trade.tradeHeader.partyTradeInformation(1).reportingRegime(4).reportingRole,trade.tradeHeader.partyTradeInformation.reportingRegime.reportingRole,0,,Element with value ReportingParty could not be mapped to a rosettaField
cdm-sample-files/cftc-event-scenarios/Example-08-Submission-1.xml,Fail_MappedNone,trade.tradeHeader.partyTradeInformation(0).reportingRegime(1).supervisorRegistration.supervisoryBody,trade.tradeHeader.partyTradeInformation.reportingRegime.supervisorRegistration.supervisoryBody,0,,Element with value SEC could not be mapped to a rosettaField
cdm-sample-files/cftc-event-scenarios/Example-08-Submission-1.xml,Fail_MappedNone,party(0)[id=party1].organizationType,party[id=party1].organizationType,0,,Element with value SD could not be mapped to a rosettaField
cdm-sample-files/cftc-event-scenarios/Example-08-Submission-1.xml,Fail_MappedNone,trade.tradeHeader.partyTradeInformation(1).reportingRegime(0).name,trade.tradeHeader.partyTradeInformation.reportingRegime.name,0,,Element with value EMIR could not be mapped to a rosettaField
cdm-sample-files/cftc-event-scenarios/Example-08-Submission-1.xml,Fail_MappedMultiple,party(2)[id=broker1].partyId[partyIdScheme=http://www.fpml.org/coding-scheme/external/iso17442].partyIdScheme,party[id=broker1].partyId[partyIdScheme=http://www.fpml.org/coding-scheme/external/iso17442].partyIdScheme,2,ReportableEvent.originatingWorkflowStep.proposedEvent.instruction(0).before.value.trade.party(2).partyId(0).identifierType=[LEI] ReportableEvent.originatingWorkflowStep.proposedEvent.instruction(0).before.value.trade.party(2).partyId(0).identifier.meta.scheme=[http://www.fpml.org/coding-scheme/external/iso17442],Element mapped to multiple rosettaFields
cdm-sample-files/cftc-event-scenarios/Example-08-Submission-1.xml,Fail_MappedNone,trade.tradeHeader.partyTradeInformation(0).reportingRegime(2).reportingRole,trade.tradeHeader.partyTradeInformation.reportingRegime.reportingRole,0,,Element with value ReportingParty could not be mapped to a rosettaField
cdm-sample-files/cftc-event-scenarios/Example-08-Submission-1.xml,Fail_MappedNone,trade.tradeHeader.partyTradeInformation(0).reportingRegime(3).mandatorilyClearable,trade.tradeHeader.partyTradeInformation.reportingRegime.mandatorilyClearable,0,,Element with value false could not be mapped to a rosettaField
cdm-sample-files/cftc-event-scenarios/Example-08-Submission-1.xml,Fail_MappedNone,party(1)[id=party2].organizationType,party[id=party2].organizationType,0,,Element with value SD could not be mapped to a rosettaField
cdm-sample-files/cftc-event-scenarios/Example-08-Submission-1.xml,Fail_MappedNone,trade.tradeHeader.partyTradeInformation(0).reportingRegime(2).exceedsClearingThreshold,trade.tradeHeader.partyTradeInformation.reportingRegime.exceedsClearingThreshold,0,,Element with value true could not be mapped to a rosettaField
cdm-sample-files/cftc-event-scenarios/Example-08-Submission-1.xml,Fail_MappedNone,trade.tradeHeader.partyTradeInformation(1).reportingRegime(1).name,trade.tradeHeader.partyTradeInformation.reportingRegime.name,0,,Element with value UKEMIR could not be mapped to a rosettaField
cdm-sample-files/cftc-event-scenarios/Example-08-Submission-1.xml,Fail_MappedNone,trade.tradeHeader.partyTradeInformation(0).reportingRegime(6).entityClassification,trade.tradeHeader.partyTradeInformation.reportingRegime.entityClassification,0,,Element with value Financial could not be mapped to a rosettaField
cdm-sample-files/cftc-event-scenarios/Example-08-Submission-1.xml,Fail_MappedNone,onBehalfOf.partyReference[href=party1].href,onBehalfOf.partyReference[href=party1].href,0,,Element with value party1 could not be mapped to a rosettaField
cdm-sample-files/cftc-event-scenarios/Example-08-Submission-1.xml,Fail_MappedNone,trade.tradeHeader.partyTradeInformation(0).reportingRegime(5).reportingRole,trade.tradeHeader.partyTradeInformation.reportingRegime.reportingRole,0,,Element with value ReportingParty could not be mapped to a rosettaField
cdm-sample-files/cftc-event-scenarios/Example-08-Submission-1.xml,Fail_MappedNone,party(0)[id=party1].classification(0)[industryClassificationScheme=http://www.fpml.org/coding-scheme/esma-emir-refit-regulatory-corporate-sector].industryClassificationScheme,party[id=party1].classification[industryClassificationScheme=http://www.fpml.org/coding-scheme/esma-emir-refit-regulatory-corporate-sector].industryClassificationScheme,0,,Element with value http://www.fpml.org/coding-scheme/esma-emir-refit-regulatory-corporate-sector could not be mapped to a rosettaField
cdm-sample-files/cftc-event-scenarios/Example-08-Submission-1.xml,Fail_MappedNone,trade.tradeHeader.partyTradeInformation(1).reportingRegime(0).entityClassification[entityClassificationScheme=http://www.fpml.org/coding-scheme/esma-entity-classification],trade.tradeHeader.partyTradeInformation.reportingRegime.entityClassification[entityClassificationScheme=http://www.fpml.org/coding-scheme/esma-entity-classification],0,,Element with value Financial could not be mapped to a rosettaField
cdm-sample-files/cftc-event-scenarios/Example-08-Submission-1.xml,Fail_MappedNone,trade.tradeHeader.partyTradeInformation(0).reportingRegime(2).mandatorilyClearable,trade.tradeHeader.partyTradeInformation.reportingRegime.mandatorilyClearable,0,,Element with value false could not be mapped to a rosettaField
cdm-sample-files/cftc-event-scenarios/Example-08-Submission-1.xml,Fail_MappedNone,trade.tradeHeader.partyTradeInformation(0).reportingRegime(3).supervisorRegistration.supervisoryBody,trade.tradeHeader.partyTradeInformation.reportingRegime.supervisorRegistration.supervisoryBody,0,,Element with value FCA could not be mapped to a rosettaField
cdm-sample-files/cftc-event-scenarios/Example-08-Submission-1.xml,Fail_MappedNone,trade.tradeHeader.partyTradeInformation(0).executionType,trade.tradeHeader.partyTradeInformation.executionType,0,,Element with value Electronic could not be mapped to a rosettaField
cdm-sample-files/cftc-event-scenarios/Example-08-Submission-1.xml,Fail_MappedNone,trade.tradeHeader.partyTradeInformation(1).reportingRegime(2).name,trade.tradeHeader.partyTradeInformation.reportingRegime.name,0,,Element with value JFSA could not be mapped to a rosettaField
cdm-sample-files/cftc-event-scenarios/Example-08-Submission-1.xml,Fail_MappedNone,correlationId[correlationIdScheme=http://fpml.org/submitter_trade_id],correlationId[correlationIdScheme=http://fpml.org/submitter_trade_id],0,,Element with value TW9235 could not be mapped to a rosettaField
cdm-sample-files/cftc-event-scenarios/Example-08-Submission-1.xml,Fail_MappedNone,trade.tradeHeader.partyTradeInformation(1).reportingRegime(4).supervisorRegistration.supervisoryBody,trade.tradeHeader.partyTradeInformation.reportingRegime.supervisorRegistration.supervisoryBody,0,,Element with value HKMA could not be mapped to a rosettaField
cdm-sample-files/cftc-event-scenarios/Example-08-Submission-1.xml,Fail_MappedNone,trade.tradeHeader.partyTradeInformation(0).reportingRegime(4).reportingRole,trade.tradeHeader.partyTradeInformation.reportingRegime.reportingRole,0,,Element with value ReportingParty could not be mapped to a rosettaField
cdm-sample-files/cftc-event-scenarios/Example-08-Submission-1.xml,Fail_MappedNone,trade.tradeHeader.partyTradeInformation(0).relatedBusinessUnit.businessUnitReference[href=desk1].href,trade.tradeHeader.partyTradeInformation.relatedBusinessUnit.businessUnitReference[href=desk1].href,0,,Element with value desk1 could not be mapped to a rosettaField
cdm-sample-files/cftc-event-scenarios/Example-08-Submission-1.xml,Fail_MappedNone,party(0)[id=party1].classification(1)[industryClassificationScheme=http://www.fpml.org/coding-scheme/hkma-rewrite-regulatory-corporate-sector].industryClassificationScheme,party[id=party1].classification[industryClassificationScheme=http://www.fpml.org/coding-scheme/hkma-rewrite-regulatory-corporate-sector].industryClassificationScheme,0,,Element with value http://www.fpml.org/coding-scheme/hkma-rewrite-regulatory-corporate-sector could not be mapped to a rosettaField
cdm-sample-files/cftc-event-scenarios/Example-08-Submission-1.xml,Fail_MappedNone,trade.tradeHeader.partyTradeInformation(1).reportingRegime(4).mandatorilyClearable,trade.tradeHeader.partyTradeInformation.reportingRegime.mandatorilyClearable,0,,Element with value false could not be mapped to a rosettaField
cdm-sample-files/cftc-event-scenarios/Example-08-Submission-1.xml,Fail_MappedNone,trade.tradeHeader.partyTradeInformation(0).reportingRegime(3).reportingPurpose,trade.tradeHeader.partyTradeInformation.reportingRegime.reportingPurpose,0,,Element with value PrimaryEconomicTerms could not be mapped to a rosettaField
cdm-sample-files/cftc-event-scenarios/Example-08-Submission-1.xml,Fail_MappedNone,trade.tradeHeader.partyTradeInformation(0).reportingRegime(1).mandatorilyClearable,trade.tradeHeader.partyTradeInformation.reportingRegime.mandatorilyClearable,0,,Element with value false could not be mapped to a rosettaField
cdm-sample-files/cftc-event-scenarios/Example-08-Submission-1.xml,Fail_MappedNone,trade.tradeHeader.partyTradeInformation(0).reportingRegime(2).entityClassification[entityClassificationScheme=http://www.fpml.org/coding-scheme/esma-entity-classification].entityClassificationScheme,trade.tradeHeader.partyTradeInformation.reportingRegime.entityClassification[entityClassificationScheme=http://www.fpml.org/coding-scheme/esma-entity-classification].entityClassificationScheme,0,,Element with value http://www.fpml.org/coding-scheme/esma-entity-classification could not be mapped to a rosettaField
cdm-sample-files/cftc-event-scenarios/Example-08-Submission-1.xml,Fail_MappedNone,trade.tradeHeader.partyTradeInformation(1).reportingRegime(1).reportingRole,trade.tradeHeader.partyTradeInformation.reportingRegime.reportingRole,0,,Element with value ReportingParty could not be mapped to a rosettaField
cdm-sample-files/cftc-event-scenarios/Example-08-Submission-1.xml,Fail_MappedNone,trade.tradeHeader.partyTradeInformation(0).reportingRegime(5).supervisorRegistration.supervisoryBody,trade.tradeHeader.partyTradeInformation.reportingRegime.supervisorRegistration.supervisoryBody,0,,Element with value CA.AB.ASC could not be mapped to a rosettaField
cdm-sample-files/cftc-event-scenarios/Example-08-Submission-1.xml,Fail_MappedNone,trade.swaption.swaptionAdjustedDates.exerciseEvent.adjustedRelevantSwapEffectiveDate,trade.swaption.swaptionAdjustedDates.exerciseEvent.adjustedRelevantSwapEffectiveDate,0,,Element with value 2019-04-03 could not be mapped to a rosettaField
cdm-sample-files/cftc-event-scenarios/Example-08-Submission-1.xml,Fail_MappedNone,trade.tradeHeader.partyTradeInformation(1).reportingRegime(3).name,trade.tradeHeader.partyTradeInformation.reportingRegime.name,0,,Element with value CSA could not be mapped to a rosettaField
cdm-sample-files/cftc-event-scenarios/Example-08-Submission-1.xml,Fail_MappedNone,trade.tradeHeader.partyTradeInformation(1).reportingRegime(3).mandatorilyClearable,trade.tradeHeader.partyTradeInformation.reportingRegime.mandatorilyClearable,0,,Element with value false could not be mapped to a rosettaField
cdm-sample-files/cftc-event-scenarios/Example-08-Submission-1.xml,Fail_MappedNone,trade.tradeHeader.partyTradeInformation(0).reportingRegime(4).supervisorRegistration.supervisoryBody,trade.tradeHeader.partyTradeInformation.reportingRegime.supervisorRegistration.supervisoryBody,0,,Element with value JFSA could not be mapped to a rosettaField
cdm-sample-files/cftc-event-scenarios/Example-08-Submission-1.xml,Fail_MappedNone,trade.tradeHeader.partyTradeInformation(1).reportingRegime(0).supervisorRegistration.supervisoryBody,trade.tradeHeader.partyTradeInformation.reportingRegime.supervisorRegistration.supervisoryBody,0,,Element with value ESMA could not be mapped to a rosettaField
cdm-sample-files/cftc-event-scenarios/Example-08-Submission-1.xml,Fail_MappedNone,trade.tradeHeader.partyTradeInformation(0).reportingRegime(2).name,trade.tradeHeader.partyTradeInformation.reportingRegime.name,0,,Element with value EMIR could not be mapped to a rosettaField
cdm-sample-files/cftc-event-scenarios/Example-08-Submission-1.xml,Fail_MappedNone,trade.tradeHeader.partyTradeInformation(0).reportingRegime(2).reportingPurpose,trade.tradeHeader.partyTradeInformation.reportingRegime.reportingPurpose,0,,Element with value PrimaryEconomicTerms could not be mapped to a rosettaField
cdm-sample-files/cftc-event-scenarios/Example-08-Submission-1.xml,Fail_MappedNone,trade.tradeHeader.partyTradeInformation(0).executionVenueType,trade.tradeHeader.partyTradeInformation.executionVenueType,0,,Element with value SEF could not be mapped to a rosettaField
cdm-sample-files/cftc-event-scenarios/Example-08-Submission-1.xml,Fail_MappedNone,trade.tradeHeader.partyTradeInformation(1).reportingRegime(0).reportingRole,trade.tradeHeader.partyTradeInformation.reportingRegime.reportingRole,0,,Element with value ReportingParty could not be mapped to a rosettaField
cdm-sample-files/cftc-event-scenarios/Example-08-Submission-1.xml,Fail_MappedNone,trade.tradeHeader.partyTradeInformation(0).reportingRegime(0).mandatorilyClearable,trade.tradeHeader.partyTradeInformation.reportingRegime.mandatorilyClearable,0,,Element with value false could not be mapped to a rosettaField
cdm-sample-files/cftc-event-scenarios/Example-08-Submission-1.xml,Fail_MappedNone,party(0)[id=party1].classification(1)[industryClassificationScheme=http://www.fpml.org/coding-scheme/hkma-rewrite-regulatory-corporate-sector],party[id=party1].classification[industryClassificationScheme=http://www.fpml.org/coding-scheme/hkma-rewrite-regulatory-corporate-sector],0,,Element with value UCIT could not be mapped to a rosettaField
cdm-sample-files/cftc-event-scenarios/Example-08-Submission-1.xml,Fail_MappedNone,trade.tradeHeader.partyTradeInformation(0).collateralizationType,trade.tradeHeader.partyTradeInformation.collateralizationType,0,,Element with value Fully could not be mapped to a rosettaField
cdm-sample-files/cftc-event-scenarios/Example-08-Submission-1.xml,Fail_MappedNone,trade.tradeHeader.partyTradeInformation(0).reportingRegime(3).exceedsClearingThreshold,trade.tradeHeader.partyTradeInformation.reportingRegime.exceedsClearingThreshold,0,,Element with value true could not be mapped to a rosettaField
cdm-sample-files/cftc-event-scenarios/Example-08-Submission-1.xml,Fail_MappedNone,trade.tradeHeader.partyTradeInformation(1).reportingRegime(3).entityClassification[entityClassificationScheme=http://www.fpml.org/coding-scheme/cftc-entity-classification].entityClassificationScheme,trade.tradeHeader.partyTradeInformation.reportingRegime.entityClassification[entityClassificationScheme=http://www.fpml.org/coding-scheme/cftc-entity-classification].entityClassificationScheme,0,,Element with value http://www.fpml.org/coding-scheme/cftc-entity-classification could not be mapped to a rosettaField
cdm-sample-files/cftc-event-scenarios/Example-08-Submission-1.xml,Fail_MappedNone,trade.tradeHeader.partyTradeInformation(0).reportingRegime(5).entityClassification[entityClassificationScheme=http://www.fpml.org/coding-scheme/cftc-entity-classification],trade.tradeHeader.partyTradeInformation.reportingRegime.entityClassification[entityClassificationScheme=http://www.fpml.org/coding-scheme/cftc-entity-classification],0,,Element with value SBSD could not be mapped to a rosettaField
cdm-sample-files/cftc-event-scenarios/Example-08-Submission-1.xml,Fail_MappedNone,trade.tradeHeader.partyTradeInformation(1).reportingRegime(4).name,trade.tradeHeader.partyTradeInformation.reportingRegime.name,0,,Element with value HKTR could not be mapped to a rosettaField
cdm-sample-files/cftc-event-scenarios/Example-08-Submission-1.xml,Fail_MappedNone,trade.tradeHeader.partyTradeInformation(0).reportingRegime(6).reportingRole,trade.tradeHeader.partyTradeInformation.reportingRegime.reportingRole,0,,Element with value ReportingParty could not be mapped to a rosettaField
cdm-sample-files/cftc-event-scenarios/Example-08-Submission-1.xml,Fail_MappedNone,trade.tradeHeader.partyTradeInformation(0).reportingRegime(6).supervisorRegistration.supervisoryBody,trade.tradeHeader.partyTradeInformation.reportingRegime.supervisorRegistration.supervisoryBody,0,,Element with value HKMA could not be mapped to a rosettaField
cdm-sample-files/cftc-event-scenarios/Example-08-Submission-1.xml,Fail_MappedNone,trade.tradeHeader.partyTradeInformation(1).reportingRegime(3).entityClassification[entityClassificationScheme=http://www.fpml.org/coding-scheme/cftc-entity-classification],trade.tradeHeader.partyTradeInformation.reportingRegime.entityClassification[entityClassificationScheme=http://www.fpml.org/coding-scheme/cftc-entity-classification],0,,Element with value SBSD could not be mapped to a rosettaField
cdm-sample-files/cftc-event-scenarios/Example-08-Submission-1.xml,Fail_MappedNone,trade.tradeHeader.partyTradeInformation(1).reportingRegime(0).exceedsClearingThreshold,trade.tradeHeader.partyTradeInformation.reportingRegime.exceedsClearingThreshold,0,,Element with value true could not be mapped to a rosettaField
cdm-sample-files/cftc-event-scenarios/Example-08-Submission-1.xml,Fail_MappedNone,trade.tradeHeader.partyTradeInformation(1).reportingRegime(2).supervisorRegistration.supervisoryBody,trade.tradeHeader.partyTradeInformation.reportingRegime.supervisorRegistration.supervisoryBody,0,,Element with value JFSA could not be mapped to a rosettaField
cdm-sample-files/cftc-event-scenarios/Example-08-Submission-1.xml,Fail_MappedNone,trade.tradeHeader.partyTradeInformation(0).reportingRegime(1).reportingPurpose,trade.tradeHeader.partyTradeInformation.reportingRegime.reportingPurpose,0,,Element with value PrimaryEconomicTerms could not be mapped to a rosettaField
cdm-sample-files/cftc-event-scenarios/Example-08-Submission-1.xml,Fail_MappedNone,trade.tradeHeader.partyTradeInformation(0).reportingRegime(3).name,trade.tradeHeader.partyTradeInformation.reportingRegime.name,0,,Element with value UKEMIR could not be mapped to a rosettaField
cdm-sample-files/cftc-event-scenarios/Example-08-Submission-1.xml,Fail_MappedNone,party(1)[id=party2].classification(1)[industryClassificationScheme=http://www.fpml.org/coding-scheme/hkma-rewrite-regulatory-corporate-sector],party[id=party2].classification[industryClassificationScheme=http://www.fpml.org/coding-scheme/hkma-rewrite-regulatory-corporate-sector],0,,Element with value AIFD could not be mapped to a rosettaField
cdm-sample-files/cftc-event-scenarios/Example-08-Submission-1.xml,Fail_MappedNone,trade.tradeHeader.partyTradeInformation(1).reportingRegime(3).reportingRole,trade.tradeHeader.partyTradeInformation.reportingRegime.reportingRole,0,,Element with value ReportingParty could not be mapped to a rosettaField
cdm-sample-files/cftc-event-scenarios/Example-08-Submission-1.xml,Fail_MappedNone,trade.tradeHeader.partyTradeInformation(0).reportingRegime(2).entityClassification[entityClassificationScheme=http://www.fpml.org/coding-scheme/esma-entity-classification],trade.tradeHeader.partyTradeInformation.reportingRegime.entityClassification[entityClassificationScheme=http://www.fpml.org/coding-scheme/esma-entity-classification],0,,Element with value Financial could not be mapped to a rosettaField
cdm-sample-files/cftc-event-scenarios/Example-08-Submission-1.xml,Fail_MappedNone,trade.tradeHeader.partyTradeInformation(1).reportingRegime(1).mandatorilyClearable,trade.tradeHeader.partyTradeInformation.reportingRegime.mandatorilyClearable,0,,Element with value false could not be mapped to a rosettaField
cdm-sample-files/cftc-event-scenarios/Example-08-Submission-1.xml,Fail_MappedNone,party(0)[id=party1].classification(0)[industryClassificationScheme=http://www.fpml.org/coding-scheme/esma-emir-refit-regulatory-corporate-sector],party[id=party1].classification[industryClassificationScheme=http://www.fpml.org/coding-scheme/esma-emir-refit-regulatory-corporate-sector],0,,Element with value UCIT could not be mapped to a rosettaField
cdm-sample-files/cftc-event-scenarios/Example-08-Submission-1.xml,Fail_MappedMultiple,party(0)[id=party1].partyId[partyIdScheme=http://www.fpml.org/coding-scheme/external/iso17442].partyIdScheme,party[id=party1].partyId[partyIdScheme=http://www.fpml.org/coding-scheme/external/iso17442].partyIdScheme,2,ReportableEvent.originatingWorkflowStep.proposedEvent.instruction(0).before.value.trade.party(0).partyId(0).identifierType=[LEI] ReportableEvent.originatingWorkflowStep.proposedEvent.instruction(0).before.value.trade.party(0).partyId(0).identifier.meta.scheme=[http://www.fpml.org/coding-scheme/external/iso17442],Element mapped to multiple rosettaFields
cdm-sample-files/cftc-event-scenarios/Example-08-Submission-1.xml,Fail_MappedNone,trade.tradeHeader.partyTradeInformation(0).reportingRegime(1).reportingRole,trade.tradeHeader.partyTradeInformation.reportingRegime.reportingRole,0,,Element with value ReportingParty could not be mapped to a rosettaField
cdm-sample-files/cftc-event-scenarios/Example-08-Submission-1.xml,Fail_MappedNone,trade.tradeHeader.partyTradeInformation(0).reportingRegime(0).reportingPurpose,trade.tradeHeader.partyTradeInformation.reportingRegime.reportingPurpose,0,,Element with value PrimaryEconomicTerms could not be mapped to a rosettaField
cdm-sample-files/cftc-event-scenarios/Example-08-Submission-1.xml,Fail_MappedNone,trade.tradeHeader.partyTradeInformation(0).reportingRegime(4).name,trade.tradeHeader.partyTradeInformation.reportingRegime.name,0,,Element with value JFSA could not be mapped to a rosettaField
cdm-sample-files/cftc-event-scenarios/Example-08-Submission-1.xml,Fail_MappedNone,trade.tradeHeader.partyTradeInformation(1).reportingRegime(4).entityClassification,trade.tradeHeader.partyTradeInformation.reportingRegime.entityClassification,0,,Element with value Financial could not be mapped to a rosettaField
cdm-sample-files/cftc-event-scenarios/Example-08-Submission-1.xml,Fail_MappedNone,trade.tradeHeader.partyTradeInformation(0).largeSizeTrade,trade.tradeHeader.partyTradeInformation.largeSizeTrade,0,,Element with value false could not be mapped to a rosettaField
cdm-sample-files/cftc-event-scenarios/Example-08-Submission-1.xml,Fail_MappedMultiple,party(1)[id=party2].partyId[partyIdScheme=http://www.fpml.org/coding-scheme/external/iso17442].partyIdScheme,party[id=party2].partyId[partyIdScheme=http://www.fpml.org/coding-scheme/external/iso17442].partyIdScheme,2,ReportableEvent.originatingWorkflowStep.proposedEvent.instruction(0).before.value.trade.party(1).partyId(0).identifier.meta.scheme=[http://www.fpml.org/coding-scheme/external/iso17442] ReportableEvent.originatingWorkflowStep.proposedEvent.instruction(0).before.value.trade.party(1).partyId(0).identifierType=[LEI],Element mapped to multiple rosettaFields
cdm-sample-files/cftc-event-scenarios/Example-08-Submission-1.xml,Fail_MappedNone,trade.tradeHeader.partyTradeInformation(1).reportingRegime(2).reportingRole,trade.tradeHeader.partyTradeInformation.reportingRegime.reportingRole,0,,Element with value ReportingParty could not be mapped to a rosettaField
cdm-sample-files/cftc-event-scenarios/Example-08-Submission-1.xml,Fail_MappedNone,trade.tradeHeader.partyTradeInformation(0).reportingRegime(6).mandatorilyClearable,trade.tradeHeader.partyTradeInformation.reportingRegime.mandatorilyClearable,0,,Element with value false could not be mapped to a rosettaField
cdm-sample-files/cftc-event-scenarios/Example-08-Submission-1.xml,Fail_MappedNone,trade.tradeHeader.partyTradeInformation(0).reportingRegime(3).entityClassification[entityClassificationScheme=http://www.fpml.org/coding-scheme/esma-entity-classification].entityClassificationScheme,trade.tradeHeader.partyTradeInformation.reportingRegime.entityClassification[entityClassificationScheme=http://www.fpml.org/coding-scheme/esma-entity-classification].entityClassificationScheme,0,,Element with value http://www.fpml.org/coding-scheme/esma-entity-classification could not be mapped to a rosettaField
cdm-sample-files/cftc-event-scenarios/Example-08-Submission-1.xml,Fail_MappedNone,trade.tradeHeader.partyTradeInformation(1).reportingRegime(1).supervisorRegistration.supervisoryBody,trade.tradeHeader.partyTradeInformation.reportingRegime.supervisorRegistration.supervisoryBody,0,,Element with value FCA could not be mapped to a rosettaField
cdm-sample-files/cftc-event-scenarios/Example-08-Submission-1.xml,Fail_MappedNone,trade.tradeHeader.partyTradeInformation(1).reportingRegime(1).reportingPurpose,trade.tradeHeader.partyTradeInformation.reportingRegime.reportingPurpose,0,,Element with value PrimaryEconomicTerms could not be mapped to a rosettaField
cdm-sample-files/cftc-event-scenarios/Example-08-Submission-1.xml,Fail_MappedNone,trade.tradeHeader.partyTradeInformation(0).reportingRegime(3).entityClassification[entityClassificationScheme=http://www.fpml.org/coding-scheme/esma-entity-classification],trade.tradeHeader.partyTradeInformation.reportingRegime.entityClassification[entityClassificationScheme=http://www.fpml.org/coding-scheme/esma-entity-classification],0,,Element with value Financial could not be mapped to a rosettaField
cdm-sample-files/cftc-event-scenarios/Example-08-Submission-1.xml,Fail_MappedNone,sequenceNumber,sequenceNumber,0,,Element with value 1 could not be mapped to a rosettaField
cdm-sample-files/cftc-event-scenarios/Example-08-Submission-1.xml,Fail_MappedNone,trade.tradeHeader.partyTradeInformation(0).reportingRegime(5).name,trade.tradeHeader.partyTradeInformation.reportingRegime.name,0,,Element with value CSA could not be mapped to a rosettaField
cdm-sample-files/cftc-event-scenarios/Example-08-Submission-1.xml,Fail_MappedNone,trade.tradeHeader.partyTradeInformation(1).reportingRegime(0).mandatorilyClearable,trade.tradeHeader.partyTradeInformation.reportingRegime.mandatorilyClearable,0,,Element with value false could not be mapped to a rosettaField
cdm-sample-files/cftc-event-scenarios/Example-08-Submission-1.xml,Fail_MappedNone,trade.tradeHeader.partyTradeInformation(0).reportingRegime(0).supervisorRegistration.supervisoryBody,trade.tradeHeader.partyTradeInformation.reportingRegime.supervisorRegistration.supervisoryBody,0,,Element with value CFTC could not be mapped to a rosettaField
cdm-sample-files/cftc-event-scenarios/Example-08-Submission-1.xml,Fail_MappedNone,party(1)[id=party2].classification(0)[industryClassificationScheme=http://www.fpml.org/coding-scheme/esma-emir-refit-regulatory-corporate-sector],party[id=party2].classification[industryClassificationScheme=http://www.fpml.org/coding-scheme/esma-emir-refit-regulatory-corporate-sector],0,,Element with value AIFD could not be mapped to a rosettaField
cdm-sample-files/cftc-event-scenarios/Example-08-Submission-1.xml,Fail_MappedNone,trade.tradeHeader.partyTradeInformation(0).reportingRegime(0).reportingRole,trade.tradeHeader.partyTradeInformation.reportingRegime.reportingRole,0,,Element with value ReportingParty could not be mapped to a rosettaField
cdm-sample-files/cftc-event-scenarios/Example-09-Submission-1.xml,Fail_MappedNone,trade.tradeHeader.partyTradeInformation(0).reportingRegime(2).supervisorRegistration.supervisoryBody,trade.tradeHeader.partyTradeInformation.reportingRegime.supervisorRegistration.supervisoryBody,0,,Element with value ESMA could not be mapped to a rosettaField
cdm-sample-files/cftc-event-scenarios/Example-09-Submission-1.xml,Fail_MappedNone,trade.tradeHeader.partyTradeInformation(1).reportingRegime(1).entityClassification[entityClassificationScheme=http://www.fpml.org/coding-scheme/esma-entity-classification],trade.tradeHeader.partyTradeInformation.reportingRegime.entityClassification[entityClassificationScheme=http://www.fpml.org/coding-scheme/esma-entity-classification],0,,Element with value Financial could not be mapped to a rosettaField
cdm-sample-files/cftc-event-scenarios/Example-09-Submission-1.xml,Fail_MappedNone,correlationId[correlationIdScheme=http://fpml.org/submitter_trade_id].correlationIdScheme,correlationId[correlationIdScheme=http://fpml.org/submitter_trade_id].correlationIdScheme,0,,Element with value http://fpml.org/submitter_trade_id could not be mapped to a rosettaField
cdm-sample-files/cftc-event-scenarios/Example-09-Submission-1.xml,Fail_MappedNone,trade.tradeHeader.partyTradeInformation(1).reportingRegime(0).reportingPurpose,trade.tradeHeader.partyTradeInformation.reportingRegime.reportingPurpose,0,,Element with value PrimaryEconomicTerms could not be mapped to a rosettaField
cdm-sample-files/cftc-event-scenarios/Example-09-Submission-1.xml,Fail_MappedNone,party(1)[id=party2].classification(0)[industryClassificationScheme=http://www.fpml.org/coding-scheme/esma-emir-refit-regulatory-corporate-sector].industryClassificationScheme,party[id=party2].classification[industryClassificationScheme=http://www.fpml.org/coding-scheme/esma-emir-refit-regulatory-corporate-sector].industryClassificationScheme,0,,Element with value http://www.fpml.org/coding-scheme/esma-emir-refit-regulatory-corporate-sector could not be mapped to a rosettaField
cdm-sample-files/cftc-event-scenarios/Example-09-Submission-1.xml,Fail_MappedNone,trade.tradeHeader.partyTradeInformation(0).reportingRegime(5).mandatorilyClearable,trade.tradeHeader.partyTradeInformation.reportingRegime.mandatorilyClearable,0,,Element with value false could not be mapped to a rosettaField
cdm-sample-files/cftc-event-scenarios/Example-09-Submission-1.xml,Fail_MappedNone,trade.tradeHeader.partyTradeInformation(0).offMarketPrice,trade.tradeHeader.partyTradeInformation.offMarketPrice,0,,Element with value false could not be mapped to a rosettaField
cdm-sample-files/cftc-event-scenarios/Example-09-Submission-1.xml,Fail_MappedNone,trade.tradeHeader.partyTradeInformation(1).reportingRegime(1).entityClassification[entityClassificationScheme=http://www.fpml.org/coding-scheme/esma-entity-classification].entityClassificationScheme,trade.tradeHeader.partyTradeInformation.reportingRegime.entityClassification[entityClassificationScheme=http://www.fpml.org/coding-scheme/esma-entity-classification].entityClassificationScheme,0,,Element with value http://www.fpml.org/coding-scheme/esma-entity-classification could not be mapped to a rosettaField
cdm-sample-files/cftc-event-scenarios/Example-09-Submission-1.xml,Fail_MappedNone,trade.tradeHeader.partyTradeInformation(0).relatedBusinessUnit.role,trade.tradeHeader.partyTradeInformation.relatedBusinessUnit.role,0,,Element with value TradingDesk could not be mapped to a rosettaField
cdm-sample-files/cftc-event-scenarios/Example-09-Submission-1.xml,Fail_MappedNone,trade.tradeHeader.partyTradeInformation(0).reportingRegime(6).name,trade.tradeHeader.partyTradeInformation.reportingRegime.name,0,,Element with value HKTR could not be mapped to a rosettaField
cdm-sample-files/cftc-event-scenarios/Example-09-Submission-1.xml,Fail_MappedNone,trade.tradeHeader.partyTradeInformation(0).reportingRegime(3).reportingRole,trade.tradeHeader.partyTradeInformation.reportingRegime.reportingRole,0,,Element with value ReportingParty could not be mapped to a rosettaField
cdm-sample-files/cftc-event-scenarios/Example-09-Submission-1.xml,Fail_MappedNone,trade.tradeHeader.partyTradeInformation(0).reportingRegime(5).entityClassification[entityClassificationScheme=http://www.fpml.org/coding-scheme/cftc-entity-classification].entityClassificationScheme,trade.tradeHeader.partyTradeInformation.reportingRegime.entityClassification[entityClassificationScheme=http://www.fpml.org/coding-scheme/cftc-entity-classification].entityClassificationScheme,0,,Element with value http://www.fpml.org/coding-scheme/cftc-entity-classification could not be mapped to a rosettaField
cdm-sample-files/cftc-event-scenarios/Example-09-Submission-1.xml,Fail_MappedNone,trade.tradeHeader.partyTradeInformation(1).reportingRegime(1).exceedsClearingThreshold,trade.tradeHeader.partyTradeInformation.reportingRegime.exceedsClearingThreshold,0,,Element with value true could not be mapped to a rosettaField
cdm-sample-files/cftc-event-scenarios/Example-09-Submission-1.xml,Fail_MappedNone,trade.tradeHeader.partyTradeInformation(1).reportingRegime(0).entityClassification[entityClassificationScheme=http://www.fpml.org/coding-scheme/esma-entity-classification].entityClassificationScheme,trade.tradeHeader.partyTradeInformation.reportingRegime.entityClassification[entityClassificationScheme=http://www.fpml.org/coding-scheme/esma-entity-classification].entityClassificationScheme,0,,Element with value http://www.fpml.org/coding-scheme/esma-entity-classification could not be mapped to a rosettaField
cdm-sample-files/cftc-event-scenarios/Example-09-Submission-1.xml,Fail_MappedNone,trade.tradeHeader.partyTradeInformation(1).reportingRegime(3).supervisorRegistration.supervisoryBody,trade.tradeHeader.partyTradeInformation.reportingRegime.supervisorRegistration.supervisoryBody,0,,Element with value CA.AB.ASC could not be mapped to a rosettaField
cdm-sample-files/cftc-event-scenarios/Example-09-Submission-1.xml,Fail_MappedNone,party(1)[id=party2].classification(1)[industryClassificationScheme=http://www.fpml.org/coding-scheme/hkma-rewrite-regulatory-corporate-sector].industryClassificationScheme,party[id=party2].classification[industryClassificationScheme=http://www.fpml.org/coding-scheme/hkma-rewrite-regulatory-corporate-sector].industryClassificationScheme,0,,Element with value http://www.fpml.org/coding-scheme/hkma-rewrite-regulatory-corporate-sector could not be mapped to a rosettaField
cdm-sample-files/cftc-event-scenarios/Example-09-Submission-1.xml,Fail_MappedNone,trade.tradeHeader.partyTradeInformation(1).reportingRegime(4).reportingRole,trade.tradeHeader.partyTradeInformation.reportingRegime.reportingRole,0,,Element with value ReportingParty could not be mapped to a rosettaField
cdm-sample-files/cftc-event-scenarios/Example-09-Submission-1.xml,Fail_MappedNone,trade.tradeHeader.partyTradeInformation(0).reportingRegime(1).supervisorRegistration.supervisoryBody,trade.tradeHeader.partyTradeInformation.reportingRegime.supervisorRegistration.supervisoryBody,0,,Element with value SEC could not be mapped to a rosettaField
cdm-sample-files/cftc-event-scenarios/Example-09-Submission-1.xml,Fail_MappedNone,party(0)[id=party1].organizationType,party[id=party1].organizationType,0,,Element with value SD could not be mapped to a rosettaField
cdm-sample-files/cftc-event-scenarios/Example-09-Submission-1.xml,Fail_MappedNone,trade.tradeHeader.partyTradeInformation(1).reportingRegime(0).name,trade.tradeHeader.partyTradeInformation.reportingRegime.name,0,,Element with value EMIR could not be mapped to a rosettaField
cdm-sample-files/cftc-event-scenarios/Example-09-Submission-1.xml,Fail_MappedMultiple,party(2)[id=broker1].partyId[partyIdScheme=http://www.fpml.org/coding-scheme/external/iso17442].partyIdScheme,party[id=broker1].partyId[partyIdScheme=http://www.fpml.org/coding-scheme/external/iso17442].partyIdScheme,2,ReportableEvent.originatingWorkflowStep.proposedEvent.instruction(0).before.value.trade.party(2).partyId(0).identifierType=[LEI] ReportableEvent.originatingWorkflowStep.proposedEvent.instruction(0).before.value.trade.party(2).partyId(0).identifier.meta.scheme=[http://www.fpml.org/coding-scheme/external/iso17442],Element mapped to multiple rosettaFields
cdm-sample-files/cftc-event-scenarios/Example-09-Submission-1.xml,Fail_MappedNone,trade.tradeHeader.partyTradeInformation(0).reportingRegime(2).reportingRole,trade.tradeHeader.partyTradeInformation.reportingRegime.reportingRole,0,,Element with value ReportingParty could not be mapped to a rosettaField
cdm-sample-files/cftc-event-scenarios/Example-09-Submission-1.xml,Fail_MappedNone,trade.tradeHeader.partyTradeInformation(0).reportingRegime(3).mandatorilyClearable,trade.tradeHeader.partyTradeInformation.reportingRegime.mandatorilyClearable,0,,Element with value false could not be mapped to a rosettaField
cdm-sample-files/cftc-event-scenarios/Example-09-Submission-1.xml,Fail_MappedNone,party(1)[id=party2].organizationType,party[id=party2].organizationType,0,,Element with value SD could not be mapped to a rosettaField
cdm-sample-files/cftc-event-scenarios/Example-09-Submission-1.xml,Fail_MappedNone,trade.tradeHeader.partyTradeInformation(0).reportingRegime(2).exceedsClearingThreshold,trade.tradeHeader.partyTradeInformation.reportingRegime.exceedsClearingThreshold,0,,Element with value true could not be mapped to a rosettaField
cdm-sample-files/cftc-event-scenarios/Example-09-Submission-1.xml,Fail_MappedNone,trade.tradeHeader.partyTradeInformation(1).reportingRegime(1).name,trade.tradeHeader.partyTradeInformation.reportingRegime.name,0,,Element with value UKEMIR could not be mapped to a rosettaField
cdm-sample-files/cftc-event-scenarios/Example-09-Submission-1.xml,Fail_MappedNone,trade.tradeHeader.partyTradeInformation(0).reportingRegime(6).entityClassification,trade.tradeHeader.partyTradeInformation.reportingRegime.entityClassification,0,,Element with value Financial could not be mapped to a rosettaField
cdm-sample-files/cftc-event-scenarios/Example-09-Submission-1.xml,Fail_MappedNone,onBehalfOf.partyReference[href=party1].href,onBehalfOf.partyReference[href=party1].href,0,,Element with value party1 could not be mapped to a rosettaField
cdm-sample-files/cftc-event-scenarios/Example-09-Submission-1.xml,Fail_MappedNone,trade.tradeHeader.partyTradeInformation(0).reportingRegime(5).reportingRole,trade.tradeHeader.partyTradeInformation.reportingRegime.reportingRole,0,,Element with value ReportingParty could not be mapped to a rosettaField
cdm-sample-files/cftc-event-scenarios/Example-09-Submission-1.xml,Fail_MappedNone,party(0)[id=party1].classification(0)[industryClassificationScheme=http://www.fpml.org/coding-scheme/esma-emir-refit-regulatory-corporate-sector].industryClassificationScheme,party[id=party1].classification[industryClassificationScheme=http://www.fpml.org/coding-scheme/esma-emir-refit-regulatory-corporate-sector].industryClassificationScheme,0,,Element with value http://www.fpml.org/coding-scheme/esma-emir-refit-regulatory-corporate-sector could not be mapped to a rosettaField
cdm-sample-files/cftc-event-scenarios/Example-09-Submission-1.xml,Fail_MappedNone,trade.tradeHeader.partyTradeInformation(1).reportingRegime(0).entityClassification[entityClassificationScheme=http://www.fpml.org/coding-scheme/esma-entity-classification],trade.tradeHeader.partyTradeInformation.reportingRegime.entityClassification[entityClassificationScheme=http://www.fpml.org/coding-scheme/esma-entity-classification],0,,Element with value Financial could not be mapped to a rosettaField
cdm-sample-files/cftc-event-scenarios/Example-09-Submission-1.xml,Fail_MappedNone,trade.tradeHeader.partyTradeInformation(0).reportingRegime(2).mandatorilyClearable,trade.tradeHeader.partyTradeInformation.reportingRegime.mandatorilyClearable,0,,Element with value false could not be mapped to a rosettaField
cdm-sample-files/cftc-event-scenarios/Example-09-Submission-1.xml,Fail_MappedNone,trade.tradeHeader.partyTradeInformation(0).reportingRegime(3).supervisorRegistration.supervisoryBody,trade.tradeHeader.partyTradeInformation.reportingRegime.supervisorRegistration.supervisoryBody,0,,Element with value FCA could not be mapped to a rosettaField
cdm-sample-files/cftc-event-scenarios/Example-09-Submission-1.xml,Fail_MappedNone,trade.tradeHeader.partyTradeInformation(0).executionType,trade.tradeHeader.partyTradeInformation.executionType,0,,Element with value Electronic could not be mapped to a rosettaField
cdm-sample-files/cftc-event-scenarios/Example-09-Submission-1.xml,Fail_MappedNone,trade.tradeHeader.partyTradeInformation(1).reportingRegime(2).name,trade.tradeHeader.partyTradeInformation.reportingRegime.name,0,,Element with value JFSA could not be mapped to a rosettaField
cdm-sample-files/cftc-event-scenarios/Example-09-Submission-1.xml,Fail_MappedNone,correlationId[correlationIdScheme=http://fpml.org/submitter_trade_id],correlationId[correlationIdScheme=http://fpml.org/submitter_trade_id],0,,Element with value TW9235 could not be mapped to a rosettaField
cdm-sample-files/cftc-event-scenarios/Example-09-Submission-1.xml,Fail_MappedNone,trade.tradeHeader.partyTradeInformation(1).reportingRegime(4).supervisorRegistration.supervisoryBody,trade.tradeHeader.partyTradeInformation.reportingRegime.supervisorRegistration.supervisoryBody,0,,Element with value HKMA could not be mapped to a rosettaField
cdm-sample-files/cftc-event-scenarios/Example-09-Submission-1.xml,Fail_MappedNone,trade.tradeHeader.partyTradeInformation(0).reportingRegime(4).reportingRole,trade.tradeHeader.partyTradeInformation.reportingRegime.reportingRole,0,,Element with value ReportingParty could not be mapped to a rosettaField
cdm-sample-files/cftc-event-scenarios/Example-09-Submission-1.xml,Fail_MappedNone,trade.tradeHeader.partyTradeInformation(0).relatedBusinessUnit.businessUnitReference[href=desk1].href,trade.tradeHeader.partyTradeInformation.relatedBusinessUnit.businessUnitReference[href=desk1].href,0,,Element with value desk1 could not be mapped to a rosettaField
cdm-sample-files/cftc-event-scenarios/Example-09-Submission-1.xml,Fail_MappedNone,party(0)[id=party1].classification(1)[industryClassificationScheme=http://www.fpml.org/coding-scheme/hkma-rewrite-regulatory-corporate-sector].industryClassificationScheme,party[id=party1].classification[industryClassificationScheme=http://www.fpml.org/coding-scheme/hkma-rewrite-regulatory-corporate-sector].industryClassificationScheme,0,,Element with value http://www.fpml.org/coding-scheme/hkma-rewrite-regulatory-corporate-sector could not be mapped to a rosettaField
cdm-sample-files/cftc-event-scenarios/Example-09-Submission-1.xml,Fail_MappedNone,trade.tradeHeader.partyTradeInformation(1).reportingRegime(4).mandatorilyClearable,trade.tradeHeader.partyTradeInformation.reportingRegime.mandatorilyClearable,0,,Element with value false could not be mapped to a rosettaField
cdm-sample-files/cftc-event-scenarios/Example-09-Submission-1.xml,Fail_MappedNone,trade.tradeHeader.partyTradeInformation(0).reportingRegime(3).reportingPurpose,trade.tradeHeader.partyTradeInformation.reportingRegime.reportingPurpose,0,,Element with value PrimaryEconomicTerms could not be mapped to a rosettaField
cdm-sample-files/cftc-event-scenarios/Example-09-Submission-1.xml,Fail_MappedNone,trade.tradeHeader.partyTradeInformation(0).reportingRegime(1).mandatorilyClearable,trade.tradeHeader.partyTradeInformation.reportingRegime.mandatorilyClearable,0,,Element with value false could not be mapped to a rosettaField
cdm-sample-files/cftc-event-scenarios/Example-09-Submission-1.xml,Fail_MappedNone,trade.tradeHeader.partyTradeInformation(0).reportingRegime(2).entityClassification[entityClassificationScheme=http://www.fpml.org/coding-scheme/esma-entity-classification].entityClassificationScheme,trade.tradeHeader.partyTradeInformation.reportingRegime.entityClassification[entityClassificationScheme=http://www.fpml.org/coding-scheme/esma-entity-classification].entityClassificationScheme,0,,Element with value http://www.fpml.org/coding-scheme/esma-entity-classification could not be mapped to a rosettaField
cdm-sample-files/cftc-event-scenarios/Example-09-Submission-1.xml,Fail_MappedNone,trade.tradeHeader.partyTradeInformation(1).reportingRegime(1).reportingRole,trade.tradeHeader.partyTradeInformation.reportingRegime.reportingRole,0,,Element with value ReportingParty could not be mapped to a rosettaField
cdm-sample-files/cftc-event-scenarios/Example-09-Submission-1.xml,Fail_MappedNone,trade.tradeHeader.partyTradeInformation(0).reportingRegime(5).supervisorRegistration.supervisoryBody,trade.tradeHeader.partyTradeInformation.reportingRegime.supervisorRegistration.supervisoryBody,0,,Element with value CA.AB.ASC could not be mapped to a rosettaField
cdm-sample-files/cftc-event-scenarios/Example-09-Submission-1.xml,Fail_MappedNone,trade.tradeHeader.partyTradeInformation(1).reportingRegime(3).name,trade.tradeHeader.partyTradeInformation.reportingRegime.name,0,,Element with value CSA could not be mapped to a rosettaField
cdm-sample-files/cftc-event-scenarios/Example-09-Submission-1.xml,Fail_MappedNone,trade.tradeHeader.partyTradeInformation(1).reportingRegime(3).mandatorilyClearable,trade.tradeHeader.partyTradeInformation.reportingRegime.mandatorilyClearable,0,,Element with value false could not be mapped to a rosettaField
cdm-sample-files/cftc-event-scenarios/Example-09-Submission-1.xml,Fail_MappedNone,trade.tradeHeader.partyTradeInformation(0).reportingRegime(4).supervisorRegistration.supervisoryBody,trade.tradeHeader.partyTradeInformation.reportingRegime.supervisorRegistration.supervisoryBody,0,,Element with value JFSA could not be mapped to a rosettaField
cdm-sample-files/cftc-event-scenarios/Example-09-Submission-1.xml,Fail_MappedNone,trade.tradeHeader.partyTradeInformation(1).reportingRegime(0).supervisorRegistration.supervisoryBody,trade.tradeHeader.partyTradeInformation.reportingRegime.supervisorRegistration.supervisoryBody,0,,Element with value ESMA could not be mapped to a rosettaField
cdm-sample-files/cftc-event-scenarios/Example-09-Submission-1.xml,Fail_MappedNone,trade.tradeHeader.partyTradeInformation(0).reportingRegime(2).name,trade.tradeHeader.partyTradeInformation.reportingRegime.name,0,,Element with value EMIR could not be mapped to a rosettaField
cdm-sample-files/cftc-event-scenarios/Example-09-Submission-1.xml,Fail_MappedNone,trade.tradeHeader.partyTradeInformation(0).reportingRegime(2).reportingPurpose,trade.tradeHeader.partyTradeInformation.reportingRegime.reportingPurpose,0,,Element with value PrimaryEconomicTerms could not be mapped to a rosettaField
cdm-sample-files/cftc-event-scenarios/Example-09-Submission-1.xml,Fail_MappedNone,trade.tradeHeader.partyTradeInformation(0).executionVenueType,trade.tradeHeader.partyTradeInformation.executionVenueType,0,,Element with value SEF could not be mapped to a rosettaField
cdm-sample-files/cftc-event-scenarios/Example-09-Submission-1.xml,Fail_MappedNone,trade.tradeHeader.partyTradeInformation(1).reportingRegime(0).reportingRole,trade.tradeHeader.partyTradeInformation.reportingRegime.reportingRole,0,,Element with value ReportingParty could not be mapped to a rosettaField
cdm-sample-files/cftc-event-scenarios/Example-09-Submission-1.xml,Fail_MappedNone,trade.tradeHeader.partyTradeInformation(0).reportingRegime(0).mandatorilyClearable,trade.tradeHeader.partyTradeInformation.reportingRegime.mandatorilyClearable,0,,Element with value false could not be mapped to a rosettaField
cdm-sample-files/cftc-event-scenarios/Example-09-Submission-1.xml,Fail_MappedNone,party(0)[id=party1].classification(1)[industryClassificationScheme=http://www.fpml.org/coding-scheme/hkma-rewrite-regulatory-corporate-sector],party[id=party1].classification[industryClassificationScheme=http://www.fpml.org/coding-scheme/hkma-rewrite-regulatory-corporate-sector],0,,Element with value INVF could not be mapped to a rosettaField
cdm-sample-files/cftc-event-scenarios/Example-09-Submission-1.xml,Fail_MappedNone,trade.tradeHeader.partyTradeInformation(0).collateralizationType,trade.tradeHeader.partyTradeInformation.collateralizationType,0,,Element with value Fully could not be mapped to a rosettaField
cdm-sample-files/cftc-event-scenarios/Example-09-Submission-1.xml,Fail_MappedNone,trade.tradeHeader.partyTradeInformation(0).reportingRegime(3).exceedsClearingThreshold,trade.tradeHeader.partyTradeInformation.reportingRegime.exceedsClearingThreshold,0,,Element with value true could not be mapped to a rosettaField
cdm-sample-files/cftc-event-scenarios/Example-09-Submission-1.xml,Fail_MappedNone,trade.tradeHeader.partyTradeInformation(1).reportingRegime(3).entityClassification[entityClassificationScheme=http://www.fpml.org/coding-scheme/cftc-entity-classification].entityClassificationScheme,trade.tradeHeader.partyTradeInformation.reportingRegime.entityClassification[entityClassificationScheme=http://www.fpml.org/coding-scheme/cftc-entity-classification].entityClassificationScheme,0,,Element with value http://www.fpml.org/coding-scheme/cftc-entity-classification could not be mapped to a rosettaField
cdm-sample-files/cftc-event-scenarios/Example-09-Submission-1.xml,Fail_MappedNone,trade.tradeHeader.partyTradeInformation(0).reportingRegime(5).entityClassification[entityClassificationScheme=http://www.fpml.org/coding-scheme/cftc-entity-classification],trade.tradeHeader.partyTradeInformation.reportingRegime.entityClassification[entityClassificationScheme=http://www.fpml.org/coding-scheme/cftc-entity-classification],0,,Element with value SBSD could not be mapped to a rosettaField
cdm-sample-files/cftc-event-scenarios/Example-09-Submission-1.xml,Fail_MappedNone,trade.tradeHeader.partyTradeInformation(1).reportingRegime(4).name,trade.tradeHeader.partyTradeInformation.reportingRegime.name,0,,Element with value HKTR could not be mapped to a rosettaField
cdm-sample-files/cftc-event-scenarios/Example-09-Submission-1.xml,Fail_MappedNone,trade.tradeHeader.partyTradeInformation(0).reportingRegime(6).reportingRole,trade.tradeHeader.partyTradeInformation.reportingRegime.reportingRole,0,,Element with value ReportingParty could not be mapped to a rosettaField
cdm-sample-files/cftc-event-scenarios/Example-09-Submission-1.xml,Fail_MappedNone,trade.tradeHeader.partyTradeInformation(0).reportingRegime(6).supervisorRegistration.supervisoryBody,trade.tradeHeader.partyTradeInformation.reportingRegime.supervisorRegistration.supervisoryBody,0,,Element with value HKMA could not be mapped to a rosettaField
cdm-sample-files/cftc-event-scenarios/Example-09-Submission-1.xml,Fail_MappedNone,trade.tradeHeader.partyTradeInformation(1).reportingRegime(3).entityClassification[entityClassificationScheme=http://www.fpml.org/coding-scheme/cftc-entity-classification],trade.tradeHeader.partyTradeInformation.reportingRegime.entityClassification[entityClassificationScheme=http://www.fpml.org/coding-scheme/cftc-entity-classification],0,,Element with value SBSD could not be mapped to a rosettaField
cdm-sample-files/cftc-event-scenarios/Example-09-Submission-1.xml,Fail_MappedNone,trade.tradeHeader.partyTradeInformation(1).reportingRegime(0).exceedsClearingThreshold,trade.tradeHeader.partyTradeInformation.reportingRegime.exceedsClearingThreshold,0,,Element with value true could not be mapped to a rosettaField
cdm-sample-files/cftc-event-scenarios/Example-09-Submission-1.xml,Fail_MappedNone,trade.tradeHeader.partyTradeInformation(1).reportingRegime(2).supervisorRegistration.supervisoryBody,trade.tradeHeader.partyTradeInformation.reportingRegime.supervisorRegistration.supervisoryBody,0,,Element with value JFSA could not be mapped to a rosettaField
cdm-sample-files/cftc-event-scenarios/Example-09-Submission-1.xml,Fail_MappedNone,trade.tradeHeader.partyTradeInformation(0).reportingRegime(1).reportingPurpose,trade.tradeHeader.partyTradeInformation.reportingRegime.reportingPurpose,0,,Element with value PrimaryEconomicTerms could not be mapped to a rosettaField
cdm-sample-files/cftc-event-scenarios/Example-09-Submission-1.xml,Fail_MappedNone,trade.tradeHeader.partyTradeInformation(0).reportingRegime(3).name,trade.tradeHeader.partyTradeInformation.reportingRegime.name,0,,Element with value UKEMIR could not be mapped to a rosettaField
cdm-sample-files/cftc-event-scenarios/Example-09-Submission-1.xml,Fail_MappedNone,party(1)[id=party2].classification(1)[industryClassificationScheme=http://www.fpml.org/coding-scheme/hkma-rewrite-regulatory-corporate-sector],party[id=party2].classification[industryClassificationScheme=http://www.fpml.org/coding-scheme/hkma-rewrite-regulatory-corporate-sector],0,,Element with value ORPI could not be mapped to a rosettaField
cdm-sample-files/cftc-event-scenarios/Example-09-Submission-1.xml,Fail_MappedNone,trade.tradeHeader.partyTradeInformation(1).reportingRegime(3).reportingRole,trade.tradeHeader.partyTradeInformation.reportingRegime.reportingRole,0,,Element with value ReportingParty could not be mapped to a rosettaField
cdm-sample-files/cftc-event-scenarios/Example-09-Submission-1.xml,Fail_MappedNone,trade.tradeHeader.partyTradeInformation(0).reportingRegime(2).entityClassification[entityClassificationScheme=http://www.fpml.org/coding-scheme/esma-entity-classification],trade.tradeHeader.partyTradeInformation.reportingRegime.entityClassification[entityClassificationScheme=http://www.fpml.org/coding-scheme/esma-entity-classification],0,,Element with value Financial could not be mapped to a rosettaField
cdm-sample-files/cftc-event-scenarios/Example-09-Submission-1.xml,Fail_MappedNone,trade.tradeHeader.partyTradeInformation(1).reportingRegime(1).mandatorilyClearable,trade.tradeHeader.partyTradeInformation.reportingRegime.mandatorilyClearable,0,,Element with value false could not be mapped to a rosettaField
cdm-sample-files/cftc-event-scenarios/Example-09-Submission-1.xml,Fail_MappedNone,party(0)[id=party1].classification(0)[industryClassificationScheme=http://www.fpml.org/coding-scheme/esma-emir-refit-regulatory-corporate-sector],party[id=party1].classification[industryClassificationScheme=http://www.fpml.org/coding-scheme/esma-emir-refit-regulatory-corporate-sector],0,,Element with value INVF could not be mapped to a rosettaField
cdm-sample-files/cftc-event-scenarios/Example-09-Submission-1.xml,Fail_MappedMultiple,party(0)[id=party1].partyId[partyIdScheme=http://www.fpml.org/coding-scheme/external/iso17442].partyIdScheme,party[id=party1].partyId[partyIdScheme=http://www.fpml.org/coding-scheme/external/iso17442].partyIdScheme,2,ReportableEvent.originatingWorkflowStep.proposedEvent.instruction(0).before.value.trade.party(0).partyId(0).identifierType=[LEI] ReportableEvent.originatingWorkflowStep.proposedEvent.instruction(0).before.value.trade.party(0).partyId(0).identifier.meta.scheme=[http://www.fpml.org/coding-scheme/external/iso17442],Element mapped to multiple rosettaFields
cdm-sample-files/cftc-event-scenarios/Example-09-Submission-1.xml,Fail_MappedNone,trade.tradeHeader.partyTradeInformation(0).reportingRegime(1).reportingRole,trade.tradeHeader.partyTradeInformation.reportingRegime.reportingRole,0,,Element with value ReportingParty could not be mapped to a rosettaField
cdm-sample-files/cftc-event-scenarios/Example-09-Submission-1.xml,Fail_MappedNone,trade.tradeHeader.partyTradeInformation(0).reportingRegime(0).reportingPurpose,trade.tradeHeader.partyTradeInformation.reportingRegime.reportingPurpose,0,,Element with value PrimaryEconomicTerms could not be mapped to a rosettaField
cdm-sample-files/cftc-event-scenarios/Example-09-Submission-1.xml,Fail_MappedNone,trade.tradeHeader.partyTradeInformation(0).reportingRegime(4).name,trade.tradeHeader.partyTradeInformation.reportingRegime.name,0,,Element with value JFSA could not be mapped to a rosettaField
cdm-sample-files/cftc-event-scenarios/Example-09-Submission-1.xml,Fail_MappedNone,trade.tradeHeader.partyTradeInformation(1).reportingRegime(4).entityClassification,trade.tradeHeader.partyTradeInformation.reportingRegime.entityClassification,0,,Element with value Financial could not be mapped to a rosettaField
cdm-sample-files/cftc-event-scenarios/Example-09-Submission-1.xml,Fail_MappedNone,trade.tradeHeader.partyTradeInformation(0).largeSizeTrade,trade.tradeHeader.partyTradeInformation.largeSizeTrade,0,,Element with value false could not be mapped to a rosettaField
cdm-sample-files/cftc-event-scenarios/Example-09-Submission-1.xml,Fail_MappedMultiple,party(1)[id=party2].partyId[partyIdScheme=http://www.fpml.org/coding-scheme/external/iso17442].partyIdScheme,party[id=party2].partyId[partyIdScheme=http://www.fpml.org/coding-scheme/external/iso17442].partyIdScheme,2,ReportableEvent.originatingWorkflowStep.proposedEvent.instruction(0).before.value.trade.party(1).partyId(0).identifier.meta.scheme=[http://www.fpml.org/coding-scheme/external/iso17442] ReportableEvent.originatingWorkflowStep.proposedEvent.instruction(0).before.value.trade.party(1).partyId(0).identifierType=[LEI],Element mapped to multiple rosettaFields
cdm-sample-files/cftc-event-scenarios/Example-09-Submission-1.xml,Fail_MappedNone,trade.tradeHeader.partyTradeInformation(1).reportingRegime(2).reportingRole,trade.tradeHeader.partyTradeInformation.reportingRegime.reportingRole,0,,Element with value ReportingParty could not be mapped to a rosettaField
cdm-sample-files/cftc-event-scenarios/Example-09-Submission-1.xml,Fail_MappedNone,trade.tradeHeader.partyTradeInformation(0).reportingRegime(6).mandatorilyClearable,trade.tradeHeader.partyTradeInformation.reportingRegime.mandatorilyClearable,0,,Element with value false could not be mapped to a rosettaField
cdm-sample-files/cftc-event-scenarios/Example-09-Submission-1.xml,Fail_MappedNone,trade.tradeHeader.partyTradeInformation(0).reportingRegime(3).entityClassification[entityClassificationScheme=http://www.fpml.org/coding-scheme/esma-entity-classification].entityClassificationScheme,trade.tradeHeader.partyTradeInformation.reportingRegime.entityClassification[entityClassificationScheme=http://www.fpml.org/coding-scheme/esma-entity-classification].entityClassificationScheme,0,,Element with value http://www.fpml.org/coding-scheme/esma-entity-classification could not be mapped to a rosettaField
cdm-sample-files/cftc-event-scenarios/Example-09-Submission-1.xml,Fail_MappedNone,trade.tradeHeader.partyTradeInformation(1).reportingRegime(1).supervisorRegistration.supervisoryBody,trade.tradeHeader.partyTradeInformation.reportingRegime.supervisorRegistration.supervisoryBody,0,,Element with value FCA could not be mapped to a rosettaField
cdm-sample-files/cftc-event-scenarios/Example-09-Submission-1.xml,Fail_MappedNone,trade.tradeHeader.partyTradeInformation(1).reportingRegime(1).reportingPurpose,trade.tradeHeader.partyTradeInformation.reportingRegime.reportingPurpose,0,,Element with value PrimaryEconomicTerms could not be mapped to a rosettaField
cdm-sample-files/cftc-event-scenarios/Example-09-Submission-1.xml,Fail_MappedNone,trade.tradeHeader.partyTradeInformation(0).reportingRegime(3).entityClassification[entityClassificationScheme=http://www.fpml.org/coding-scheme/esma-entity-classification],trade.tradeHeader.partyTradeInformation.reportingRegime.entityClassification[entityClassificationScheme=http://www.fpml.org/coding-scheme/esma-entity-classification],0,,Element with value Financial could not be mapped to a rosettaField
cdm-sample-files/cftc-event-scenarios/Example-09-Submission-1.xml,Fail_MappedNone,sequenceNumber,sequenceNumber,0,,Element with value 1 could not be mapped to a rosettaField
cdm-sample-files/cftc-event-scenarios/Example-09-Submission-1.xml,Fail_MappedNone,trade.tradeHeader.partyTradeInformation(0).reportingRegime(5).name,trade.tradeHeader.partyTradeInformation.reportingRegime.name,0,,Element with value CSA could not be mapped to a rosettaField
cdm-sample-files/cftc-event-scenarios/Example-09-Submission-1.xml,Fail_MappedNone,trade.tradeHeader.partyTradeInformation(1).reportingRegime(0).mandatorilyClearable,trade.tradeHeader.partyTradeInformation.reportingRegime.mandatorilyClearable,0,,Element with value false could not be mapped to a rosettaField
cdm-sample-files/cftc-event-scenarios/Example-09-Submission-1.xml,Fail_MappedNone,trade.tradeHeader.partyTradeInformation(0).reportingRegime(0).supervisorRegistration.supervisoryBody,trade.tradeHeader.partyTradeInformation.reportingRegime.supervisorRegistration.supervisoryBody,0,,Element with value CFTC could not be mapped to a rosettaField
cdm-sample-files/cftc-event-scenarios/Example-09-Submission-1.xml,Fail_MappedNone,party(1)[id=party2].classification(0)[industryClassificationScheme=http://www.fpml.org/coding-scheme/esma-emir-refit-regulatory-corporate-sector],party[id=party2].classification[industryClassificationScheme=http://www.fpml.org/coding-scheme/esma-emir-refit-regulatory-corporate-sector],0,,Element with value ORPI could not be mapped to a rosettaField
cdm-sample-files/cftc-event-scenarios/Example-09-Submission-1.xml,Fail_MappedNone,trade.tradeHeader.partyTradeInformation(0).reportingRegime(0).reportingRole,trade.tradeHeader.partyTradeInformation.reportingRegime.reportingRole,0,,Element with value ReportingParty could not be mapped to a rosettaField
cdm-sample-files/cftc-event-scenarios/Example-10-Submission-1.xml,Fail_MappedNone,trade.tradeHeader.partyTradeInformation(0).reportingRegime(2).supervisorRegistration.supervisoryBody,trade.tradeHeader.partyTradeInformation.reportingRegime.supervisorRegistration.supervisoryBody,0,,Element with value ESMA could not be mapped to a rosettaField
cdm-sample-files/cftc-event-scenarios/Example-10-Submission-1.xml,Fail_MappedNone,trade.tradeHeader.partyTradeInformation(1).reportingRegime(1).entityClassification[entityClassificationScheme=http://www.fpml.org/coding-scheme/esma-entity-classification],trade.tradeHeader.partyTradeInformation.reportingRegime.entityClassification[entityClassificationScheme=http://www.fpml.org/coding-scheme/esma-entity-classification],0,,Element with value Financial could not be mapped to a rosettaField
cdm-sample-files/cftc-event-scenarios/Example-10-Submission-1.xml,Fail_MappedNone,correlationId[correlationIdScheme=http://fpml.org/submitter_trade_id].correlationIdScheme,correlationId[correlationIdScheme=http://fpml.org/submitter_trade_id].correlationIdScheme,0,,Element with value http://fpml.org/submitter_trade_id could not be mapped to a rosettaField
cdm-sample-files/cftc-event-scenarios/Example-10-Submission-1.xml,Fail_MappedNone,trade.tradeHeader.partyTradeInformation(1).reportingRegime(0).reportingPurpose,trade.tradeHeader.partyTradeInformation.reportingRegime.reportingPurpose,0,,Element with value PrimaryEconomicTerms could not be mapped to a rosettaField
cdm-sample-files/cftc-event-scenarios/Example-10-Submission-1.xml,Fail_MappedNone,party(1)[id=party2].classification(0)[industryClassificationScheme=http://www.fpml.org/coding-scheme/esma-emir-refit-regulatory-corporate-sector].industryClassificationScheme,party[id=party2].classification[industryClassificationScheme=http://www.fpml.org/coding-scheme/esma-emir-refit-regulatory-corporate-sector].industryClassificationScheme,0,,Element with value http://www.fpml.org/coding-scheme/esma-emir-refit-regulatory-corporate-sector could not be mapped to a rosettaField
cdm-sample-files/cftc-event-scenarios/Example-10-Submission-1.xml,Fail_MappedNone,trade.tradeHeader.partyTradeInformation(0).reportingRegime(5).mandatorilyClearable,trade.tradeHeader.partyTradeInformation.reportingRegime.mandatorilyClearable,0,,Element with value false could not be mapped to a rosettaField
cdm-sample-files/cftc-event-scenarios/Example-10-Submission-1.xml,Fail_MappedNone,trade.tradeHeader.partyTradeInformation(0).offMarketPrice,trade.tradeHeader.partyTradeInformation.offMarketPrice,0,,Element with value false could not be mapped to a rosettaField
cdm-sample-files/cftc-event-scenarios/Example-10-Submission-1.xml,Fail_MappedNone,trade.tradeHeader.partyTradeInformation(1).reportingRegime(1).entityClassification[entityClassificationScheme=http://www.fpml.org/coding-scheme/esma-entity-classification].entityClassificationScheme,trade.tradeHeader.partyTradeInformation.reportingRegime.entityClassification[entityClassificationScheme=http://www.fpml.org/coding-scheme/esma-entity-classification].entityClassificationScheme,0,,Element with value http://www.fpml.org/coding-scheme/esma-entity-classification could not be mapped to a rosettaField
cdm-sample-files/cftc-event-scenarios/Example-10-Submission-1.xml,Fail_MappedNone,trade.tradeHeader.partyTradeInformation(0).relatedBusinessUnit.role,trade.tradeHeader.partyTradeInformation.relatedBusinessUnit.role,0,,Element with value TradingDesk could not be mapped to a rosettaField
cdm-sample-files/cftc-event-scenarios/Example-10-Submission-1.xml,Fail_MappedNone,trade.tradeHeader.partyTradeInformation(0).reportingRegime(6).name,trade.tradeHeader.partyTradeInformation.reportingRegime.name,0,,Element with value HKTR could not be mapped to a rosettaField
cdm-sample-files/cftc-event-scenarios/Example-10-Submission-1.xml,Fail_MappedNone,trade.tradeHeader.partyTradeInformation(0).reportingRegime(3).reportingRole,trade.tradeHeader.partyTradeInformation.reportingRegime.reportingRole,0,,Element with value ReportingParty could not be mapped to a rosettaField
cdm-sample-files/cftc-event-scenarios/Example-10-Submission-1.xml,Fail_MappedNone,trade.tradeHeader.partyTradeInformation(0).reportingRegime(5).entityClassification[entityClassificationScheme=http://www.fpml.org/coding-scheme/cftc-entity-classification].entityClassificationScheme,trade.tradeHeader.partyTradeInformation.reportingRegime.entityClassification[entityClassificationScheme=http://www.fpml.org/coding-scheme/cftc-entity-classification].entityClassificationScheme,0,,Element with value http://www.fpml.org/coding-scheme/cftc-entity-classification could not be mapped to a rosettaField
cdm-sample-files/cftc-event-scenarios/Example-10-Submission-1.xml,Fail_MappedNone,trade.tradeHeader.partyTradeInformation(1).reportingRegime(1).exceedsClearingThreshold,trade.tradeHeader.partyTradeInformation.reportingRegime.exceedsClearingThreshold,0,,Element with value true could not be mapped to a rosettaField
cdm-sample-files/cftc-event-scenarios/Example-10-Submission-1.xml,Fail_MappedNone,trade.tradeHeader.partyTradeInformation(1).reportingRegime(0).entityClassification[entityClassificationScheme=http://www.fpml.org/coding-scheme/esma-entity-classification].entityClassificationScheme,trade.tradeHeader.partyTradeInformation.reportingRegime.entityClassification[entityClassificationScheme=http://www.fpml.org/coding-scheme/esma-entity-classification].entityClassificationScheme,0,,Element with value http://www.fpml.org/coding-scheme/esma-entity-classification could not be mapped to a rosettaField
cdm-sample-files/cftc-event-scenarios/Example-10-Submission-1.xml,Fail_MappedNone,trade.tradeHeader.partyTradeInformation(1).reportingRegime(3).supervisorRegistration.supervisoryBody,trade.tradeHeader.partyTradeInformation.reportingRegime.supervisorRegistration.supervisoryBody,0,,Element with value CA.AB.ASC could not be mapped to a rosettaField
cdm-sample-files/cftc-event-scenarios/Example-10-Submission-1.xml,Fail_MappedNone,party(1)[id=party2].classification(1)[industryClassificationScheme=http://www.fpml.org/coding-scheme/hkma-rewrite-regulatory-corporate-sector].industryClassificationScheme,party[id=party2].classification[industryClassificationScheme=http://www.fpml.org/coding-scheme/hkma-rewrite-regulatory-corporate-sector].industryClassificationScheme,0,,Element with value http://www.fpml.org/coding-scheme/hkma-rewrite-regulatory-corporate-sector could not be mapped to a rosettaField
cdm-sample-files/cftc-event-scenarios/Example-10-Submission-1.xml,Fail_MappedNone,trade.tradeHeader.partyTradeInformation(1).reportingRegime(4).reportingRole,trade.tradeHeader.partyTradeInformation.reportingRegime.reportingRole,0,,Element with value ReportingParty could not be mapped to a rosettaField
cdm-sample-files/cftc-event-scenarios/Example-10-Submission-1.xml,Fail_MappedNone,trade.tradeHeader.partyTradeInformation(0).reportingRegime(1).supervisorRegistration.supervisoryBody,trade.tradeHeader.partyTradeInformation.reportingRegime.supervisorRegistration.supervisoryBody,0,,Element with value SEC could not be mapped to a rosettaField
cdm-sample-files/cftc-event-scenarios/Example-10-Submission-1.xml,Fail_MappedNone,party(0)[id=party1].organizationType,party[id=party1].organizationType,0,,Element with value SD could not be mapped to a rosettaField
cdm-sample-files/cftc-event-scenarios/Example-10-Submission-1.xml,Fail_MappedNone,trade.tradeHeader.partyTradeInformation(1).reportingRegime(0).name,trade.tradeHeader.partyTradeInformation.reportingRegime.name,0,,Element with value EMIR could not be mapped to a rosettaField
cdm-sample-files/cftc-event-scenarios/Example-10-Submission-1.xml,Fail_MappedMultiple,party(2)[id=broker1].partyId[partyIdScheme=http://www.fpml.org/coding-scheme/external/iso17442].partyIdScheme,party[id=broker1].partyId[partyIdScheme=http://www.fpml.org/coding-scheme/external/iso17442].partyIdScheme,2,ReportableEvent.originatingWorkflowStep.proposedEvent.instruction(0).before.value.trade.party(2).partyId(0).identifierType=[LEI] ReportableEvent.originatingWorkflowStep.proposedEvent.instruction(0).before.value.trade.party(2).partyId(0).identifier.meta.scheme=[http://www.fpml.org/coding-scheme/external/iso17442],Element mapped to multiple rosettaFields
cdm-sample-files/cftc-event-scenarios/Example-10-Submission-1.xml,Fail_MappedNone,trade.tradeHeader.partyTradeInformation(0).reportingRegime(2).reportingRole,trade.tradeHeader.partyTradeInformation.reportingRegime.reportingRole,0,,Element with value ReportingParty could not be mapped to a rosettaField
cdm-sample-files/cftc-event-scenarios/Example-10-Submission-1.xml,Fail_MappedMultiple,party(3)[id=clearing-svc].partyId[partyIdScheme=http://www.fpml.org/coding-scheme/external/iso17442].partyIdScheme,party[id=clearing-svc].partyId[partyIdScheme=http://www.fpml.org/coding-scheme/external/iso17442].partyIdScheme,2,ReportableEvent.originatingWorkflowStep.proposedEvent.instruction(0).before.value.trade.party(3).partyId(0).identifierType=[LEI] ReportableEvent.originatingWorkflowStep.proposedEvent.instruction(0).before.value.trade.party(3).partyId(0).identifier.meta.scheme=[http://www.fpml.org/coding-scheme/external/iso17442],Element mapped to multiple rosettaFields
cdm-sample-files/cftc-event-scenarios/Example-10-Submission-1.xml,Fail_MappedNone,trade.tradeHeader.partyTradeInformation(0).reportingRegime(3).mandatorilyClearable,trade.tradeHeader.partyTradeInformation.reportingRegime.mandatorilyClearable,0,,Element with value false could not be mapped to a rosettaField
cdm-sample-files/cftc-event-scenarios/Example-10-Submission-1.xml,Fail_MappedNone,party(1)[id=party2].organizationType,party[id=party2].organizationType,0,,Element with value SD could not be mapped to a rosettaField
cdm-sample-files/cftc-event-scenarios/Example-10-Submission-1.xml,Fail_MappedNone,trade.tradeHeader.partyTradeInformation(0).reportingRegime(2).exceedsClearingThreshold,trade.tradeHeader.partyTradeInformation.reportingRegime.exceedsClearingThreshold,0,,Element with value true could not be mapped to a rosettaField
cdm-sample-files/cftc-event-scenarios/Example-10-Submission-1.xml,Fail_MappedNone,trade.tradeHeader.partyTradeInformation(1).reportingRegime(1).name,trade.tradeHeader.partyTradeInformation.reportingRegime.name,0,,Element with value UKEMIR could not be mapped to a rosettaField
cdm-sample-files/cftc-event-scenarios/Example-10-Submission-1.xml,Fail_MappedNone,trade.tradeHeader.partyTradeInformation(0).reportingRegime(6).entityClassification,trade.tradeHeader.partyTradeInformation.reportingRegime.entityClassification,0,,Element with value Financial could not be mapped to a rosettaField
cdm-sample-files/cftc-event-scenarios/Example-10-Submission-1.xml,Fail_MappedNone,onBehalfOf.partyReference[href=party1].href,onBehalfOf.partyReference[href=party1].href,0,,Element with value party1 could not be mapped to a rosettaField
cdm-sample-files/cftc-event-scenarios/Example-10-Submission-1.xml,Fail_MappedNone,trade.tradeHeader.partyTradeInformation(0).reportingRegime(5).reportingRole,trade.tradeHeader.partyTradeInformation.reportingRegime.reportingRole,0,,Element with value ReportingParty could not be mapped to a rosettaField
cdm-sample-files/cftc-event-scenarios/Example-10-Submission-1.xml,Fail_MappedNone,party(0)[id=party1].classification(0)[industryClassificationScheme=http://www.fpml.org/coding-scheme/esma-emir-refit-regulatory-corporate-sector].industryClassificationScheme,party[id=party1].classification[industryClassificationScheme=http://www.fpml.org/coding-scheme/esma-emir-refit-regulatory-corporate-sector].industryClassificationScheme,0,,Element with value http://www.fpml.org/coding-scheme/esma-emir-refit-regulatory-corporate-sector could not be mapped to a rosettaField
cdm-sample-files/cftc-event-scenarios/Example-10-Submission-1.xml,Fail_MappedNone,trade.tradeHeader.partyTradeInformation(1).reportingRegime(0).entityClassification[entityClassificationScheme=http://www.fpml.org/coding-scheme/esma-entity-classification],trade.tradeHeader.partyTradeInformation.reportingRegime.entityClassification[entityClassificationScheme=http://www.fpml.org/coding-scheme/esma-entity-classification],0,,Element with value Financial could not be mapped to a rosettaField
cdm-sample-files/cftc-event-scenarios/Example-10-Submission-1.xml,Fail_MappedNone,trade.tradeHeader.partyTradeInformation(0).reportingRegime(2).mandatorilyClearable,trade.tradeHeader.partyTradeInformation.reportingRegime.mandatorilyClearable,0,,Element with value false could not be mapped to a rosettaField
cdm-sample-files/cftc-event-scenarios/Example-10-Submission-1.xml,Fail_MappedNone,trade.tradeHeader.partyTradeInformation(0).reportingRegime(3).supervisorRegistration.supervisoryBody,trade.tradeHeader.partyTradeInformation.reportingRegime.supervisorRegistration.supervisoryBody,0,,Element with value FCA could not be mapped to a rosettaField
cdm-sample-files/cftc-event-scenarios/Example-10-Submission-1.xml,Fail_MappedNone,trade.tradeHeader.partyTradeInformation(0).executionType,trade.tradeHeader.partyTradeInformation.executionType,0,,Element with value Electronic could not be mapped to a rosettaField
cdm-sample-files/cftc-event-scenarios/Example-10-Submission-1.xml,Fail_MappedNone,trade.tradeHeader.partyTradeInformation(1).reportingRegime(2).name,trade.tradeHeader.partyTradeInformation.reportingRegime.name,0,,Element with value JFSA could not be mapped to a rosettaField
cdm-sample-files/cftc-event-scenarios/Example-10-Submission-1.xml,Fail_MappedNone,correlationId[correlationIdScheme=http://fpml.org/submitter_trade_id],correlationId[correlationIdScheme=http://fpml.org/submitter_trade_id],0,,Element with value TW9235 could not be mapped to a rosettaField
cdm-sample-files/cftc-event-scenarios/Example-10-Submission-1.xml,Fail_MappedNone,trade.tradeHeader.partyTradeInformation(1).reportingRegime(4).supervisorRegistration.supervisoryBody,trade.tradeHeader.partyTradeInformation.reportingRegime.supervisorRegistration.supervisoryBody,0,,Element with value HKMA could not be mapped to a rosettaField
cdm-sample-files/cftc-event-scenarios/Example-10-Submission-1.xml,Fail_MappedNone,trade.tradeHeader.partyTradeInformation(0).reportingRegime(4).reportingRole,trade.tradeHeader.partyTradeInformation.reportingRegime.reportingRole,0,,Element with value ReportingParty could not be mapped to a rosettaField
cdm-sample-files/cftc-event-scenarios/Example-10-Submission-1.xml,Fail_MappedNone,trade.tradeHeader.partyTradeInformation(0).relatedBusinessUnit.businessUnitReference[href=desk1].href,trade.tradeHeader.partyTradeInformation.relatedBusinessUnit.businessUnitReference[href=desk1].href,0,,Element with value desk1 could not be mapped to a rosettaField
cdm-sample-files/cftc-event-scenarios/Example-10-Submission-1.xml,Fail_MappedNone,party(0)[id=party1].classification(1)[industryClassificationScheme=http://www.fpml.org/coding-scheme/hkma-rewrite-regulatory-corporate-sector].industryClassificationScheme,party[id=party1].classification[industryClassificationScheme=http://www.fpml.org/coding-scheme/hkma-rewrite-regulatory-corporate-sector].industryClassificationScheme,0,,Element with value http://www.fpml.org/coding-scheme/hkma-rewrite-regulatory-corporate-sector could not be mapped to a rosettaField
cdm-sample-files/cftc-event-scenarios/Example-10-Submission-1.xml,Fail_MappedNone,trade.tradeHeader.partyTradeInformation(1).reportingRegime(4).mandatorilyClearable,trade.tradeHeader.partyTradeInformation.reportingRegime.mandatorilyClearable,0,,Element with value false could not be mapped to a rosettaField
cdm-sample-files/cftc-event-scenarios/Example-10-Submission-1.xml,Fail_MappedNone,trade.tradeHeader.partyTradeInformation(0).reportingRegime(3).reportingPurpose,trade.tradeHeader.partyTradeInformation.reportingRegime.reportingPurpose,0,,Element with value PrimaryEconomicTerms could not be mapped to a rosettaField
cdm-sample-files/cftc-event-scenarios/Example-10-Submission-1.xml,Fail_MappedNone,trade.tradeHeader.partyTradeInformation(0).reportingRegime(1).mandatorilyClearable,trade.tradeHeader.partyTradeInformation.reportingRegime.mandatorilyClearable,0,,Element with value false could not be mapped to a rosettaField
cdm-sample-files/cftc-event-scenarios/Example-10-Submission-1.xml,Fail_MappedNone,trade.tradeHeader.partyTradeInformation(0).reportingRegime(2).entityClassification[entityClassificationScheme=http://www.fpml.org/coding-scheme/esma-entity-classification].entityClassificationScheme,trade.tradeHeader.partyTradeInformation.reportingRegime.entityClassification[entityClassificationScheme=http://www.fpml.org/coding-scheme/esma-entity-classification].entityClassificationScheme,0,,Element with value http://www.fpml.org/coding-scheme/esma-entity-classification could not be mapped to a rosettaField
cdm-sample-files/cftc-event-scenarios/Example-10-Submission-1.xml,Fail_MappedNone,trade.tradeHeader.partyTradeInformation(1).reportingRegime(1).reportingRole,trade.tradeHeader.partyTradeInformation.reportingRegime.reportingRole,0,,Element with value ReportingParty could not be mapped to a rosettaField
cdm-sample-files/cftc-event-scenarios/Example-10-Submission-1.xml,Fail_MappedNone,trade.tradeHeader.partyTradeInformation(0).reportingRegime(5).supervisorRegistration.supervisoryBody,trade.tradeHeader.partyTradeInformation.reportingRegime.supervisorRegistration.supervisoryBody,0,,Element with value CA.AB.ASC could not be mapped to a rosettaField
cdm-sample-files/cftc-event-scenarios/Example-10-Submission-1.xml,Fail_MappedNone,trade.tradeHeader.partyTradeInformation(1).reportingRegime(3).name,trade.tradeHeader.partyTradeInformation.reportingRegime.name,0,,Element with value CSA could not be mapped to a rosettaField
cdm-sample-files/cftc-event-scenarios/Example-10-Submission-1.xml,Fail_MappedNone,trade.tradeHeader.partyTradeInformation(1).reportingRegime(3).mandatorilyClearable,trade.tradeHeader.partyTradeInformation.reportingRegime.mandatorilyClearable,0,,Element with value false could not be mapped to a rosettaField
cdm-sample-files/cftc-event-scenarios/Example-10-Submission-1.xml,Fail_MappedNone,trade.tradeHeader.partyTradeInformation(0).reportingRegime(4).supervisorRegistration.supervisoryBody,trade.tradeHeader.partyTradeInformation.reportingRegime.supervisorRegistration.supervisoryBody,0,,Element with value JFSA could not be mapped to a rosettaField
cdm-sample-files/cftc-event-scenarios/Example-10-Submission-1.xml,Fail_MappedNone,trade.tradeHeader.partyTradeInformation(1).reportingRegime(0).supervisorRegistration.supervisoryBody,trade.tradeHeader.partyTradeInformation.reportingRegime.supervisorRegistration.supervisoryBody,0,,Element with value ESMA could not be mapped to a rosettaField
cdm-sample-files/cftc-event-scenarios/Example-10-Submission-1.xml,Fail_MappedNone,trade.tradeHeader.partyTradeInformation(0).reportingRegime(2).name,trade.tradeHeader.partyTradeInformation.reportingRegime.name,0,,Element with value EMIR could not be mapped to a rosettaField
cdm-sample-files/cftc-event-scenarios/Example-10-Submission-1.xml,Fail_MappedNone,trade.tradeHeader.partyTradeInformation(0).reportingRegime(2).reportingPurpose,trade.tradeHeader.partyTradeInformation.reportingRegime.reportingPurpose,0,,Element with value PrimaryEconomicTerms could not be mapped to a rosettaField
cdm-sample-files/cftc-event-scenarios/Example-10-Submission-1.xml,Fail_MappedNone,trade.tradeHeader.partyTradeInformation(0).executionVenueType,trade.tradeHeader.partyTradeInformation.executionVenueType,0,,Element with value SEF could not be mapped to a rosettaField
cdm-sample-files/cftc-event-scenarios/Example-10-Submission-1.xml,Fail_MappedNone,trade.tradeHeader.partyTradeInformation(1).reportingRegime(0).reportingRole,trade.tradeHeader.partyTradeInformation.reportingRegime.reportingRole,0,,Element with value ReportingParty could not be mapped to a rosettaField
cdm-sample-files/cftc-event-scenarios/Example-10-Submission-1.xml,Fail_MappedNone,trade.tradeHeader.partyTradeInformation(0).reportingRegime(0).mandatorilyClearable,trade.tradeHeader.partyTradeInformation.reportingRegime.mandatorilyClearable,0,,Element with value false could not be mapped to a rosettaField
cdm-sample-files/cftc-event-scenarios/Example-10-Submission-1.xml,Fail_MappedNone,party(0)[id=party1].classification(1)[industryClassificationScheme=http://www.fpml.org/coding-scheme/hkma-rewrite-regulatory-corporate-sector],party[id=party1].classification[industryClassificationScheme=http://www.fpml.org/coding-scheme/hkma-rewrite-regulatory-corporate-sector],0,,Element with value ORPI could not be mapped to a rosettaField
cdm-sample-files/cftc-event-scenarios/Example-10-Submission-1.xml,Fail_MappedNone,trade.tradeHeader.partyTradeInformation(0).collateralizationType,trade.tradeHeader.partyTradeInformation.collateralizationType,0,,Element with value Fully could not be mapped to a rosettaField
cdm-sample-files/cftc-event-scenarios/Example-10-Submission-1.xml,Fail_MappedNone,trade.tradeHeader.partyTradeInformation(0).reportingRegime(3).exceedsClearingThreshold,trade.tradeHeader.partyTradeInformation.reportingRegime.exceedsClearingThreshold,0,,Element with value true could not be mapped to a rosettaField
cdm-sample-files/cftc-event-scenarios/Example-10-Submission-1.xml,Fail_MappedNone,trade.tradeHeader.partyTradeInformation(1).reportingRegime(3).entityClassification[entityClassificationScheme=http://www.fpml.org/coding-scheme/cftc-entity-classification].entityClassificationScheme,trade.tradeHeader.partyTradeInformation.reportingRegime.entityClassification[entityClassificationScheme=http://www.fpml.org/coding-scheme/cftc-entity-classification].entityClassificationScheme,0,,Element with value http://www.fpml.org/coding-scheme/cftc-entity-classification could not be mapped to a rosettaField
cdm-sample-files/cftc-event-scenarios/Example-10-Submission-1.xml,Fail_MappedNone,trade.tradeHeader.partyTradeInformation(0).reportingRegime(5).entityClassification[entityClassificationScheme=http://www.fpml.org/coding-scheme/cftc-entity-classification],trade.tradeHeader.partyTradeInformation.reportingRegime.entityClassification[entityClassificationScheme=http://www.fpml.org/coding-scheme/cftc-entity-classification],0,,Element with value SBSD could not be mapped to a rosettaField
cdm-sample-files/cftc-event-scenarios/Example-10-Submission-1.xml,Fail_MappedNone,trade.tradeHeader.partyTradeInformation(1).reportingRegime(4).name,trade.tradeHeader.partyTradeInformation.reportingRegime.name,0,,Element with value HKTR could not be mapped to a rosettaField
cdm-sample-files/cftc-event-scenarios/Example-10-Submission-1.xml,Fail_MappedNone,trade.tradeHeader.partyTradeInformation(0).reportingRegime(6).reportingRole,trade.tradeHeader.partyTradeInformation.reportingRegime.reportingRole,0,,Element with value ReportingParty could not be mapped to a rosettaField
cdm-sample-files/cftc-event-scenarios/Example-10-Submission-1.xml,Fail_MappedNone,trade.tradeHeader.partyTradeInformation(0).reportingRegime(6).supervisorRegistration.supervisoryBody,trade.tradeHeader.partyTradeInformation.reportingRegime.supervisorRegistration.supervisoryBody,0,,Element with value HKMA could not be mapped to a rosettaField
cdm-sample-files/cftc-event-scenarios/Example-10-Submission-1.xml,Fail_MappedNone,trade.tradeHeader.partyTradeInformation(1).reportingRegime(3).entityClassification[entityClassificationScheme=http://www.fpml.org/coding-scheme/cftc-entity-classification],trade.tradeHeader.partyTradeInformation.reportingRegime.entityClassification[entityClassificationScheme=http://www.fpml.org/coding-scheme/cftc-entity-classification],0,,Element with value SBSD could not be mapped to a rosettaField
cdm-sample-files/cftc-event-scenarios/Example-10-Submission-1.xml,Fail_MappedNone,trade.tradeHeader.partyTradeInformation(1).reportingRegime(0).exceedsClearingThreshold,trade.tradeHeader.partyTradeInformation.reportingRegime.exceedsClearingThreshold,0,,Element with value true could not be mapped to a rosettaField
cdm-sample-files/cftc-event-scenarios/Example-10-Submission-1.xml,Fail_MappedNone,trade.tradeHeader.partyTradeInformation(1).reportingRegime(2).supervisorRegistration.supervisoryBody,trade.tradeHeader.partyTradeInformation.reportingRegime.supervisorRegistration.supervisoryBody,0,,Element with value JFSA could not be mapped to a rosettaField
cdm-sample-files/cftc-event-scenarios/Example-10-Submission-1.xml,Fail_MappedNone,trade.tradeHeader.partyTradeInformation(0).reportingRegime(1).reportingPurpose,trade.tradeHeader.partyTradeInformation.reportingRegime.reportingPurpose,0,,Element with value PrimaryEconomicTerms could not be mapped to a rosettaField
cdm-sample-files/cftc-event-scenarios/Example-10-Submission-1.xml,Fail_MappedNone,trade.tradeHeader.partyTradeInformation(0).reportingRegime(3).name,trade.tradeHeader.partyTradeInformation.reportingRegime.name,0,,Element with value UKEMIR could not be mapped to a rosettaField
cdm-sample-files/cftc-event-scenarios/Example-10-Submission-1.xml,Fail_MappedNone,party(1)[id=party2].classification(1)[industryClassificationScheme=http://www.fpml.org/coding-scheme/hkma-rewrite-regulatory-corporate-sector],party[id=party2].classification[industryClassificationScheme=http://www.fpml.org/coding-scheme/hkma-rewrite-regulatory-corporate-sector],0,,Element with value INVF could not be mapped to a rosettaField
cdm-sample-files/cftc-event-scenarios/Example-10-Submission-1.xml,Fail_MappedNone,trade.tradeHeader.partyTradeInformation(1).reportingRegime(3).reportingRole,trade.tradeHeader.partyTradeInformation.reportingRegime.reportingRole,0,,Element with value ReportingParty could not be mapped to a rosettaField
cdm-sample-files/cftc-event-scenarios/Example-10-Submission-1.xml,Fail_MappedNone,trade.tradeHeader.partyTradeInformation(0).reportingRegime(2).entityClassification[entityClassificationScheme=http://www.fpml.org/coding-scheme/esma-entity-classification],trade.tradeHeader.partyTradeInformation.reportingRegime.entityClassification[entityClassificationScheme=http://www.fpml.org/coding-scheme/esma-entity-classification],0,,Element with value Financial could not be mapped to a rosettaField
cdm-sample-files/cftc-event-scenarios/Example-10-Submission-1.xml,Fail_MappedNone,trade.tradeHeader.partyTradeInformation(1).reportingRegime(1).mandatorilyClearable,trade.tradeHeader.partyTradeInformation.reportingRegime.mandatorilyClearable,0,,Element with value false could not be mapped to a rosettaField
cdm-sample-files/cftc-event-scenarios/Example-10-Submission-1.xml,Fail_MappedNone,party(0)[id=party1].classification(0)[industryClassificationScheme=http://www.fpml.org/coding-scheme/esma-emir-refit-regulatory-corporate-sector],party[id=party1].classification[industryClassificationScheme=http://www.fpml.org/coding-scheme/esma-emir-refit-regulatory-corporate-sector],0,,Element with value ORPI could not be mapped to a rosettaField
cdm-sample-files/cftc-event-scenarios/Example-10-Submission-1.xml,Fail_MappedMultiple,party(0)[id=party1].partyId[partyIdScheme=http://www.fpml.org/coding-scheme/external/iso17442].partyIdScheme,party[id=party1].partyId[partyIdScheme=http://www.fpml.org/coding-scheme/external/iso17442].partyIdScheme,2,ReportableEvent.originatingWorkflowStep.proposedEvent.instruction(0).before.value.trade.party(0).partyId(0).identifierType=[LEI] ReportableEvent.originatingWorkflowStep.proposedEvent.instruction(0).before.value.trade.party(0).partyId(0).identifier.meta.scheme=[http://www.fpml.org/coding-scheme/external/iso17442],Element mapped to multiple rosettaFields
cdm-sample-files/cftc-event-scenarios/Example-10-Submission-1.xml,Fail_MappedNone,trade.tradeHeader.partyTradeInformation(0).reportingRegime(1).reportingRole,trade.tradeHeader.partyTradeInformation.reportingRegime.reportingRole,0,,Element with value ReportingParty could not be mapped to a rosettaField
cdm-sample-files/cftc-event-scenarios/Example-10-Submission-1.xml,Success,trade.swap.cancelableProvision.exerciseNotice.partyReference[href=party1].href,trade.swap.cancelableProvision.exerciseNotice.partyReference[href=party1].href,0,,no destination
cdm-sample-files/cftc-event-scenarios/Example-10-Submission-1.xml,Fail_MappedNone,trade.tradeHeader.partyTradeInformation(0).reportingRegime(0).reportingPurpose,trade.tradeHeader.partyTradeInformation.reportingRegime.reportingPurpose,0,,Element with value PrimaryEconomicTerms could not be mapped to a rosettaField
cdm-sample-files/cftc-event-scenarios/Example-10-Submission-1.xml,Fail_MappedNone,trade.tradeHeader.partyTradeInformation(0).reportingRegime(4).name,trade.tradeHeader.partyTradeInformation.reportingRegime.name,0,,Element with value JFSA could not be mapped to a rosettaField
cdm-sample-files/cftc-event-scenarios/Example-10-Submission-1.xml,Fail_MappedNone,trade.tradeHeader.partyTradeInformation(1).reportingRegime(4).entityClassification,trade.tradeHeader.partyTradeInformation.reportingRegime.entityClassification,0,,Element with value Financial could not be mapped to a rosettaField
cdm-sample-files/cftc-event-scenarios/Example-10-Submission-1.xml,Fail_MappedNone,trade.tradeHeader.partyTradeInformation(0).largeSizeTrade,trade.tradeHeader.partyTradeInformation.largeSizeTrade,0,,Element with value false could not be mapped to a rosettaField
cdm-sample-files/cftc-event-scenarios/Example-10-Submission-1.xml,Fail_MappedMultiple,party(1)[id=party2].partyId[partyIdScheme=http://www.fpml.org/coding-scheme/external/iso17442].partyIdScheme,party[id=party2].partyId[partyIdScheme=http://www.fpml.org/coding-scheme/external/iso17442].partyIdScheme,2,ReportableEvent.originatingWorkflowStep.proposedEvent.instruction(0).before.value.trade.party(1).partyId(0).identifier.meta.scheme=[http://www.fpml.org/coding-scheme/external/iso17442] ReportableEvent.originatingWorkflowStep.proposedEvent.instruction(0).before.value.trade.party(1).partyId(0).identifierType=[LEI],Element mapped to multiple rosettaFields
cdm-sample-files/cftc-event-scenarios/Example-10-Submission-1.xml,Fail_MappedNone,trade.tradeHeader.partyTradeInformation(1).reportingRegime(2).reportingRole,trade.tradeHeader.partyTradeInformation.reportingRegime.reportingRole,0,,Element with value ReportingParty could not be mapped to a rosettaField
cdm-sample-files/cftc-event-scenarios/Example-10-Submission-1.xml,Fail_MappedNone,trade.tradeHeader.partyTradeInformation(0).reportingRegime(6).mandatorilyClearable,trade.tradeHeader.partyTradeInformation.reportingRegime.mandatorilyClearable,0,,Element with value false could not be mapped to a rosettaField
cdm-sample-files/cftc-event-scenarios/Example-10-Submission-1.xml,Fail_MappedNone,trade.tradeHeader.partyTradeInformation(0).reportingRegime(3).entityClassification[entityClassificationScheme=http://www.fpml.org/coding-scheme/esma-entity-classification].entityClassificationScheme,trade.tradeHeader.partyTradeInformation.reportingRegime.entityClassification[entityClassificationScheme=http://www.fpml.org/coding-scheme/esma-entity-classification].entityClassificationScheme,0,,Element with value http://www.fpml.org/coding-scheme/esma-entity-classification could not be mapped to a rosettaField
cdm-sample-files/cftc-event-scenarios/Example-10-Submission-1.xml,Fail_MappedNone,trade.tradeHeader.partyTradeInformation(1).reportingRegime(1).supervisorRegistration.supervisoryBody,trade.tradeHeader.partyTradeInformation.reportingRegime.supervisorRegistration.supervisoryBody,0,,Element with value FCA could not be mapped to a rosettaField
cdm-sample-files/cftc-event-scenarios/Example-10-Submission-1.xml,Fail_MappedNone,trade.tradeHeader.partyTradeInformation(1).reportingRegime(1).reportingPurpose,trade.tradeHeader.partyTradeInformation.reportingRegime.reportingPurpose,0,,Element with value PrimaryEconomicTerms could not be mapped to a rosettaField
cdm-sample-files/cftc-event-scenarios/Example-10-Submission-1.xml,Fail_MappedNone,trade.tradeHeader.partyTradeInformation(0).reportingRegime(3).entityClassification[entityClassificationScheme=http://www.fpml.org/coding-scheme/esma-entity-classification],trade.tradeHeader.partyTradeInformation.reportingRegime.entityClassification[entityClassificationScheme=http://www.fpml.org/coding-scheme/esma-entity-classification],0,,Element with value Financial could not be mapped to a rosettaField
cdm-sample-files/cftc-event-scenarios/Example-10-Submission-1.xml,Fail_MappedNone,sequenceNumber,sequenceNumber,0,,Element with value 1 could not be mapped to a rosettaField
cdm-sample-files/cftc-event-scenarios/Example-10-Submission-1.xml,Fail_MappedNone,trade.tradeHeader.partyTradeInformation(0).reportingRegime(5).name,trade.tradeHeader.partyTradeInformation.reportingRegime.name,0,,Element with value CSA could not be mapped to a rosettaField
cdm-sample-files/cftc-event-scenarios/Example-10-Submission-1.xml,Fail_MappedNone,trade.tradeHeader.partyTradeInformation(1).reportingRegime(0).mandatorilyClearable,trade.tradeHeader.partyTradeInformation.reportingRegime.mandatorilyClearable,0,,Element with value false could not be mapped to a rosettaField
cdm-sample-files/cftc-event-scenarios/Example-10-Submission-1.xml,Fail_MappedNone,trade.tradeHeader.partyTradeInformation(0).reportingRegime(0).supervisorRegistration.supervisoryBody,trade.tradeHeader.partyTradeInformation.reportingRegime.supervisorRegistration.supervisoryBody,0,,Element with value CFTC could not be mapped to a rosettaField
cdm-sample-files/cftc-event-scenarios/Example-10-Submission-1.xml,Fail_MappedNone,party(1)[id=party2].classification(0)[industryClassificationScheme=http://www.fpml.org/coding-scheme/esma-emir-refit-regulatory-corporate-sector],party[id=party2].classification[industryClassificationScheme=http://www.fpml.org/coding-scheme/esma-emir-refit-regulatory-corporate-sector],0,,Element with value INVF could not be mapped to a rosettaField
cdm-sample-files/cftc-event-scenarios/Example-10-Submission-1.xml,Fail_MappedNone,trade.tradeHeader.partyTradeInformation(0).reportingRegime(0).reportingRole,trade.tradeHeader.partyTradeInformation.reportingRegime.reportingRole,0,,Element with value ReportingParty could not be mapped to a rosettaField
cdm-sample-files/cftc-event-scenarios/Example-11-Submission-1.xml,Fail_MappedNone,trade.tradeHeader.partyTradeInformation(0).reportingRegime(2).supervisorRegistration.supervisoryBody,trade.tradeHeader.partyTradeInformation.reportingRegime.supervisorRegistration.supervisoryBody,0,,Element with value ESMA could not be mapped to a rosettaField
cdm-sample-files/cftc-event-scenarios/Example-11-Submission-1.xml,Fail_MappedNone,trade.tradeHeader.partyTradeInformation(1).reportingRegime(1).entityClassification[entityClassificationScheme=http://www.fpml.org/coding-scheme/esma-entity-classification],trade.tradeHeader.partyTradeInformation.reportingRegime.entityClassification[entityClassificationScheme=http://www.fpml.org/coding-scheme/esma-entity-classification],0,,Element with value Financial could not be mapped to a rosettaField
cdm-sample-files/cftc-event-scenarios/Example-11-Submission-1.xml,Fail_MappedNone,correlationId[correlationIdScheme=http://fpml.org/submitter_trade_id].correlationIdScheme,correlationId[correlationIdScheme=http://fpml.org/submitter_trade_id].correlationIdScheme,0,,Element with value http://fpml.org/submitter_trade_id could not be mapped to a rosettaField
cdm-sample-files/cftc-event-scenarios/Example-11-Submission-1.xml,Fail_MappedNone,trade.tradeHeader.partyTradeInformation(1).reportingRegime(0).reportingPurpose,trade.tradeHeader.partyTradeInformation.reportingRegime.reportingPurpose,0,,Element with value PrimaryEconomicTerms could not be mapped to a rosettaField
cdm-sample-files/cftc-event-scenarios/Example-11-Submission-1.xml,Fail_MappedNone,party(1)[id=party2].classification(0)[industryClassificationScheme=http://www.fpml.org/coding-scheme/esma-emir-refit-regulatory-corporate-sector].industryClassificationScheme,party[id=party2].classification[industryClassificationScheme=http://www.fpml.org/coding-scheme/esma-emir-refit-regulatory-corporate-sector].industryClassificationScheme,0,,Element with value http://www.fpml.org/coding-scheme/esma-emir-refit-regulatory-corporate-sector could not be mapped to a rosettaField
cdm-sample-files/cftc-event-scenarios/Example-11-Submission-1.xml,Fail_MappedNone,trade.tradeHeader.partyTradeInformation(0).reportingRegime(5).mandatorilyClearable,trade.tradeHeader.partyTradeInformation.reportingRegime.mandatorilyClearable,0,,Element with value false could not be mapped to a rosettaField
cdm-sample-files/cftc-event-scenarios/Example-11-Submission-1.xml,Fail_MappedNone,trade.tradeHeader.partyTradeInformation(0).offMarketPrice,trade.tradeHeader.partyTradeInformation.offMarketPrice,0,,Element with value false could not be mapped to a rosettaField
cdm-sample-files/cftc-event-scenarios/Example-11-Submission-1.xml,Fail_MappedNone,trade.tradeHeader.partyTradeInformation(1).reportingRegime(1).entityClassification[entityClassificationScheme=http://www.fpml.org/coding-scheme/esma-entity-classification].entityClassificationScheme,trade.tradeHeader.partyTradeInformation.reportingRegime.entityClassification[entityClassificationScheme=http://www.fpml.org/coding-scheme/esma-entity-classification].entityClassificationScheme,0,,Element with value http://www.fpml.org/coding-scheme/esma-entity-classification could not be mapped to a rosettaField
cdm-sample-files/cftc-event-scenarios/Example-11-Submission-1.xml,Fail_MappedNone,trade.tradeHeader.partyTradeInformation(0).relatedBusinessUnit.role,trade.tradeHeader.partyTradeInformation.relatedBusinessUnit.role,0,,Element with value TradingDesk could not be mapped to a rosettaField
cdm-sample-files/cftc-event-scenarios/Example-11-Submission-1.xml,Fail_MappedNone,trade.tradeHeader.partyTradeInformation(0).reportingRegime(6).name,trade.tradeHeader.partyTradeInformation.reportingRegime.name,0,,Element with value HKTR could not be mapped to a rosettaField
cdm-sample-files/cftc-event-scenarios/Example-11-Submission-1.xml,Fail_MappedNone,trade.tradeHeader.partyTradeInformation(0).reportingRegime(3).reportingRole,trade.tradeHeader.partyTradeInformation.reportingRegime.reportingRole,0,,Element with value ReportingParty could not be mapped to a rosettaField
cdm-sample-files/cftc-event-scenarios/Example-11-Submission-1.xml,Fail_MappedNone,trade.tradeHeader.partyTradeInformation(0).reportingRegime(5).entityClassification[entityClassificationScheme=http://www.fpml.org/coding-scheme/cftc-entity-classification].entityClassificationScheme,trade.tradeHeader.partyTradeInformation.reportingRegime.entityClassification[entityClassificationScheme=http://www.fpml.org/coding-scheme/cftc-entity-classification].entityClassificationScheme,0,,Element with value http://www.fpml.org/coding-scheme/cftc-entity-classification could not be mapped to a rosettaField
cdm-sample-files/cftc-event-scenarios/Example-11-Submission-1.xml,Fail_MappedNone,trade.tradeHeader.partyTradeInformation(1).reportingRegime(1).exceedsClearingThreshold,trade.tradeHeader.partyTradeInformation.reportingRegime.exceedsClearingThreshold,0,,Element with value true could not be mapped to a rosettaField
cdm-sample-files/cftc-event-scenarios/Example-11-Submission-1.xml,Fail_MappedNone,trade.tradeHeader.partyTradeInformation(1).reportingRegime(0).entityClassification[entityClassificationScheme=http://www.fpml.org/coding-scheme/esma-entity-classification].entityClassificationScheme,trade.tradeHeader.partyTradeInformation.reportingRegime.entityClassification[entityClassificationScheme=http://www.fpml.org/coding-scheme/esma-entity-classification].entityClassificationScheme,0,,Element with value http://www.fpml.org/coding-scheme/esma-entity-classification could not be mapped to a rosettaField
cdm-sample-files/cftc-event-scenarios/Example-11-Submission-1.xml,Fail_MappedNone,trade.tradeHeader.partyTradeInformation(1).reportingRegime(3).supervisorRegistration.supervisoryBody,trade.tradeHeader.partyTradeInformation.reportingRegime.supervisorRegistration.supervisoryBody,0,,Element with value CA.AB.ASC could not be mapped to a rosettaField
cdm-sample-files/cftc-event-scenarios/Example-11-Submission-1.xml,Fail_MappedNone,party(1)[id=party2].classification(1)[industryClassificationScheme=http://www.fpml.org/coding-scheme/hkma-rewrite-regulatory-corporate-sector].industryClassificationScheme,party[id=party2].classification[industryClassificationScheme=http://www.fpml.org/coding-scheme/hkma-rewrite-regulatory-corporate-sector].industryClassificationScheme,0,,Element with value http://www.fpml.org/coding-scheme/hkma-rewrite-regulatory-corporate-sector could not be mapped to a rosettaField
cdm-sample-files/cftc-event-scenarios/Example-11-Submission-1.xml,Fail_MappedNone,trade.tradeHeader.partyTradeInformation(1).reportingRegime(4).reportingRole,trade.tradeHeader.partyTradeInformation.reportingRegime.reportingRole,0,,Element with value ReportingParty could not be mapped to a rosettaField
cdm-sample-files/cftc-event-scenarios/Example-11-Submission-1.xml,Fail_MappedNone,trade.tradeHeader.partyTradeInformation(0).reportingRegime(1).supervisorRegistration.supervisoryBody,trade.tradeHeader.partyTradeInformation.reportingRegime.supervisorRegistration.supervisoryBody,0,,Element with value SEC could not be mapped to a rosettaField
cdm-sample-files/cftc-event-scenarios/Example-11-Submission-1.xml,Fail_MappedNone,party(0)[id=party1].organizationType,party[id=party1].organizationType,0,,Element with value SD could not be mapped to a rosettaField
cdm-sample-files/cftc-event-scenarios/Example-11-Submission-1.xml,Fail_MappedNone,trade.tradeHeader.partyTradeInformation(1).reportingRegime(0).name,trade.tradeHeader.partyTradeInformation.reportingRegime.name,0,,Element with value EMIR could not be mapped to a rosettaField
cdm-sample-files/cftc-event-scenarios/Example-11-Submission-1.xml,Fail_MappedMultiple,party(2)[id=broker1].partyId[partyIdScheme=http://www.fpml.org/coding-scheme/external/iso17442].partyIdScheme,party[id=broker1].partyId[partyIdScheme=http://www.fpml.org/coding-scheme/external/iso17442].partyIdScheme,2,ReportableEvent.originatingWorkflowStep.proposedEvent.instruction(0).before.value.trade.party(2).partyId(0).identifierType=[LEI] ReportableEvent.originatingWorkflowStep.proposedEvent.instruction(0).before.value.trade.party(2).partyId(0).identifier.meta.scheme=[http://www.fpml.org/coding-scheme/external/iso17442],Element mapped to multiple rosettaFields
cdm-sample-files/cftc-event-scenarios/Example-11-Submission-1.xml,Fail_MappedNone,trade.tradeHeader.partyTradeInformation(0).reportingRegime(2).reportingRole,trade.tradeHeader.partyTradeInformation.reportingRegime.reportingRole,0,,Element with value ReportingParty could not be mapped to a rosettaField
cdm-sample-files/cftc-event-scenarios/Example-11-Submission-1.xml,Fail_MappedNone,trade.tradeHeader.partyTradeInformation(0).reportingRegime(3).mandatorilyClearable,trade.tradeHeader.partyTradeInformation.reportingRegime.mandatorilyClearable,0,,Element with value false could not be mapped to a rosettaField
cdm-sample-files/cftc-event-scenarios/Example-11-Submission-1.xml,Fail_MappedNone,party(1)[id=party2].organizationType,party[id=party2].organizationType,0,,Element with value SD could not be mapped to a rosettaField
cdm-sample-files/cftc-event-scenarios/Example-11-Submission-1.xml,Fail_MappedNone,trade.tradeHeader.partyTradeInformation(0).reportingRegime(2).exceedsClearingThreshold,trade.tradeHeader.partyTradeInformation.reportingRegime.exceedsClearingThreshold,0,,Element with value true could not be mapped to a rosettaField
cdm-sample-files/cftc-event-scenarios/Example-11-Submission-1.xml,Fail_MappedNone,trade.tradeHeader.partyTradeInformation(1).reportingRegime(1).name,trade.tradeHeader.partyTradeInformation.reportingRegime.name,0,,Element with value UKEMIR could not be mapped to a rosettaField
cdm-sample-files/cftc-event-scenarios/Example-11-Submission-1.xml,Fail_MappedNone,trade.tradeHeader.partyTradeInformation(0).reportingRegime(6).entityClassification,trade.tradeHeader.partyTradeInformation.reportingRegime.entityClassification,0,,Element with value Financial could not be mapped to a rosettaField
cdm-sample-files/cftc-event-scenarios/Example-11-Submission-1.xml,Fail_MappedNone,onBehalfOf.partyReference[href=party1].href,onBehalfOf.partyReference[href=party1].href,0,,Element with value party1 could not be mapped to a rosettaField
cdm-sample-files/cftc-event-scenarios/Example-11-Submission-1.xml,Fail_MappedNone,trade.tradeHeader.partyTradeInformation(0).reportingRegime(5).reportingRole,trade.tradeHeader.partyTradeInformation.reportingRegime.reportingRole,0,,Element with value ReportingParty could not be mapped to a rosettaField
cdm-sample-files/cftc-event-scenarios/Example-11-Submission-1.xml,Fail_MappedNone,party(0)[id=party1].classification(0)[industryClassificationScheme=http://www.fpml.org/coding-scheme/esma-emir-refit-regulatory-corporate-sector].industryClassificationScheme,party[id=party1].classification[industryClassificationScheme=http://www.fpml.org/coding-scheme/esma-emir-refit-regulatory-corporate-sector].industryClassificationScheme,0,,Element with value http://www.fpml.org/coding-scheme/esma-emir-refit-regulatory-corporate-sector could not be mapped to a rosettaField
cdm-sample-files/cftc-event-scenarios/Example-11-Submission-1.xml,Fail_MappedNone,trade.tradeHeader.partyTradeInformation(1).reportingRegime(0).entityClassification[entityClassificationScheme=http://www.fpml.org/coding-scheme/esma-entity-classification],trade.tradeHeader.partyTradeInformation.reportingRegime.entityClassification[entityClassificationScheme=http://www.fpml.org/coding-scheme/esma-entity-classification],0,,Element with value Financial could not be mapped to a rosettaField
cdm-sample-files/cftc-event-scenarios/Example-11-Submission-1.xml,Fail_MappedNone,trade.tradeHeader.partyTradeInformation(0).reportingRegime(2).mandatorilyClearable,trade.tradeHeader.partyTradeInformation.reportingRegime.mandatorilyClearable,0,,Element with value false could not be mapped to a rosettaField
cdm-sample-files/cftc-event-scenarios/Example-11-Submission-1.xml,Fail_MappedNone,trade.tradeHeader.partyTradeInformation(0).reportingRegime(3).supervisorRegistration.supervisoryBody,trade.tradeHeader.partyTradeInformation.reportingRegime.supervisorRegistration.supervisoryBody,0,,Element with value FCA could not be mapped to a rosettaField
cdm-sample-files/cftc-event-scenarios/Example-11-Submission-1.xml,Fail_MappedNone,trade.tradeHeader.partyTradeInformation(0).executionType,trade.tradeHeader.partyTradeInformation.executionType,0,,Element with value Electronic could not be mapped to a rosettaField
cdm-sample-files/cftc-event-scenarios/Example-11-Submission-1.xml,Fail_MappedNone,trade.tradeHeader.partyTradeInformation(1).reportingRegime(2).name,trade.tradeHeader.partyTradeInformation.reportingRegime.name,0,,Element with value JFSA could not be mapped to a rosettaField
cdm-sample-files/cftc-event-scenarios/Example-11-Submission-1.xml,Fail_MappedNone,correlationId[correlationIdScheme=http://fpml.org/submitter_trade_id],correlationId[correlationIdScheme=http://fpml.org/submitter_trade_id],0,,Element with value TW9235 could not be mapped to a rosettaField
cdm-sample-files/cftc-event-scenarios/Example-11-Submission-1.xml,Fail_MappedNone,trade.tradeHeader.partyTradeInformation(1).reportingRegime(4).supervisorRegistration.supervisoryBody,trade.tradeHeader.partyTradeInformation.reportingRegime.supervisorRegistration.supervisoryBody,0,,Element with value HKMA could not be mapped to a rosettaField
cdm-sample-files/cftc-event-scenarios/Example-11-Submission-1.xml,Fail_MappedNone,trade.tradeHeader.partyTradeInformation(0).reportingRegime(4).reportingRole,trade.tradeHeader.partyTradeInformation.reportingRegime.reportingRole,0,,Element with value ReportingParty could not be mapped to a rosettaField
cdm-sample-files/cftc-event-scenarios/Example-11-Submission-1.xml,Fail_MappedNone,trade.tradeHeader.partyTradeInformation(0).relatedBusinessUnit.businessUnitReference[href=desk1].href,trade.tradeHeader.partyTradeInformation.relatedBusinessUnit.businessUnitReference[href=desk1].href,0,,Element with value desk1 could not be mapped to a rosettaField
cdm-sample-files/cftc-event-scenarios/Example-11-Submission-1.xml,Fail_MappedNone,party(0)[id=party1].classification(1)[industryClassificationScheme=http://www.fpml.org/coding-scheme/hkma-rewrite-regulatory-corporate-sector].industryClassificationScheme,party[id=party1].classification[industryClassificationScheme=http://www.fpml.org/coding-scheme/hkma-rewrite-regulatory-corporate-sector].industryClassificationScheme,0,,Element with value http://www.fpml.org/coding-scheme/hkma-rewrite-regulatory-corporate-sector could not be mapped to a rosettaField
cdm-sample-files/cftc-event-scenarios/Example-11-Submission-1.xml,Fail_MappedNone,trade.tradeHeader.partyTradeInformation(1).reportingRegime(4).mandatorilyClearable,trade.tradeHeader.partyTradeInformation.reportingRegime.mandatorilyClearable,0,,Element with value false could not be mapped to a rosettaField
cdm-sample-files/cftc-event-scenarios/Example-11-Submission-1.xml,Fail_MappedNone,trade.tradeHeader.partyTradeInformation(0).reportingRegime(3).reportingPurpose,trade.tradeHeader.partyTradeInformation.reportingRegime.reportingPurpose,0,,Element with value PrimaryEconomicTerms could not be mapped to a rosettaField
cdm-sample-files/cftc-event-scenarios/Example-11-Submission-1.xml,Fail_MappedNone,trade.tradeHeader.partyTradeInformation(0).reportingRegime(1).mandatorilyClearable,trade.tradeHeader.partyTradeInformation.reportingRegime.mandatorilyClearable,0,,Element with value false could not be mapped to a rosettaField
cdm-sample-files/cftc-event-scenarios/Example-11-Submission-1.xml,Fail_MappedNone,trade.tradeHeader.partyTradeInformation(0).reportingRegime(2).entityClassification[entityClassificationScheme=http://www.fpml.org/coding-scheme/esma-entity-classification].entityClassificationScheme,trade.tradeHeader.partyTradeInformation.reportingRegime.entityClassification[entityClassificationScheme=http://www.fpml.org/coding-scheme/esma-entity-classification].entityClassificationScheme,0,,Element with value http://www.fpml.org/coding-scheme/esma-entity-classification could not be mapped to a rosettaField
cdm-sample-files/cftc-event-scenarios/Example-11-Submission-1.xml,Fail_MappedNone,trade.tradeHeader.partyTradeInformation(1).reportingRegime(1).reportingRole,trade.tradeHeader.partyTradeInformation.reportingRegime.reportingRole,0,,Element with value ReportingParty could not be mapped to a rosettaField
cdm-sample-files/cftc-event-scenarios/Example-11-Submission-1.xml,Fail_MappedNone,trade.tradeHeader.partyTradeInformation(0).reportingRegime(5).supervisorRegistration.supervisoryBody,trade.tradeHeader.partyTradeInformation.reportingRegime.supervisorRegistration.supervisoryBody,0,,Element with value CA.AB.ASC could not be mapped to a rosettaField
cdm-sample-files/cftc-event-scenarios/Example-11-Submission-1.xml,Fail_MappedNone,trade.tradeHeader.partyTradeInformation(1).reportingRegime(3).name,trade.tradeHeader.partyTradeInformation.reportingRegime.name,0,,Element with value CSA could not be mapped to a rosettaField
cdm-sample-files/cftc-event-scenarios/Example-11-Submission-1.xml,Fail_MappedNone,trade.tradeHeader.partyTradeInformation(1).reportingRegime(3).mandatorilyClearable,trade.tradeHeader.partyTradeInformation.reportingRegime.mandatorilyClearable,0,,Element with value false could not be mapped to a rosettaField
cdm-sample-files/cftc-event-scenarios/Example-11-Submission-1.xml,Fail_MappedNone,trade.tradeHeader.partyTradeInformation(0).reportingRegime(4).supervisorRegistration.supervisoryBody,trade.tradeHeader.partyTradeInformation.reportingRegime.supervisorRegistration.supervisoryBody,0,,Element with value JFSA could not be mapped to a rosettaField
cdm-sample-files/cftc-event-scenarios/Example-11-Submission-1.xml,Fail_MappedNone,trade.tradeHeader.partyTradeInformation(1).reportingRegime(0).supervisorRegistration.supervisoryBody,trade.tradeHeader.partyTradeInformation.reportingRegime.supervisorRegistration.supervisoryBody,0,,Element with value ESMA could not be mapped to a rosettaField
cdm-sample-files/cftc-event-scenarios/Example-11-Submission-1.xml,Fail_MappedNone,trade.tradeHeader.partyTradeInformation(0).reportingRegime(2).name,trade.tradeHeader.partyTradeInformation.reportingRegime.name,0,,Element with value EMIR could not be mapped to a rosettaField
cdm-sample-files/cftc-event-scenarios/Example-11-Submission-1.xml,Fail_MappedNone,trade.tradeHeader.partyTradeInformation(0).reportingRegime(2).reportingPurpose,trade.tradeHeader.partyTradeInformation.reportingRegime.reportingPurpose,0,,Element with value PrimaryEconomicTerms could not be mapped to a rosettaField
cdm-sample-files/cftc-event-scenarios/Example-11-Submission-1.xml,Fail_MappedNone,trade.tradeHeader.partyTradeInformation(0).executionVenueType,trade.tradeHeader.partyTradeInformation.executionVenueType,0,,Element with value SEF could not be mapped to a rosettaField
cdm-sample-files/cftc-event-scenarios/Example-11-Submission-1.xml,Fail_MappedNone,trade.tradeHeader.partyTradeInformation(1).reportingRegime(0).reportingRole,trade.tradeHeader.partyTradeInformation.reportingRegime.reportingRole,0,,Element with value ReportingParty could not be mapped to a rosettaField
cdm-sample-files/cftc-event-scenarios/Example-11-Submission-1.xml,Fail_MappedNone,trade.tradeHeader.partyTradeInformation(0).reportingRegime(0).mandatorilyClearable,trade.tradeHeader.partyTradeInformation.reportingRegime.mandatorilyClearable,0,,Element with value false could not be mapped to a rosettaField
cdm-sample-files/cftc-event-scenarios/Example-11-Submission-1.xml,Fail_MappedNone,party(0)[id=party1].classification(1)[industryClassificationScheme=http://www.fpml.org/coding-scheme/hkma-rewrite-regulatory-corporate-sector],party[id=party1].classification[industryClassificationScheme=http://www.fpml.org/coding-scheme/hkma-rewrite-regulatory-corporate-sector],0,,Element with value AIFD could not be mapped to a rosettaField
cdm-sample-files/cftc-event-scenarios/Example-11-Submission-1.xml,Fail_MappedNone,trade.tradeHeader.partyTradeInformation(0).collateralizationType,trade.tradeHeader.partyTradeInformation.collateralizationType,0,,Element with value Fully could not be mapped to a rosettaField
cdm-sample-files/cftc-event-scenarios/Example-11-Submission-1.xml,Fail_MappedNone,trade.tradeHeader.partyTradeInformation(0).reportingRegime(3).exceedsClearingThreshold,trade.tradeHeader.partyTradeInformation.reportingRegime.exceedsClearingThreshold,0,,Element with value true could not be mapped to a rosettaField
cdm-sample-files/cftc-event-scenarios/Example-11-Submission-1.xml,Fail_MappedNone,trade.tradeHeader.partyTradeInformation(1).reportingRegime(3).entityClassification[entityClassificationScheme=http://www.fpml.org/coding-scheme/cftc-entity-classification].entityClassificationScheme,trade.tradeHeader.partyTradeInformation.reportingRegime.entityClassification[entityClassificationScheme=http://www.fpml.org/coding-scheme/cftc-entity-classification].entityClassificationScheme,0,,Element with value http://www.fpml.org/coding-scheme/cftc-entity-classification could not be mapped to a rosettaField
cdm-sample-files/cftc-event-scenarios/Example-11-Submission-1.xml,Fail_MappedNone,trade.tradeHeader.partyTradeInformation(0).reportingRegime(5).entityClassification[entityClassificationScheme=http://www.fpml.org/coding-scheme/cftc-entity-classification],trade.tradeHeader.partyTradeInformation.reportingRegime.entityClassification[entityClassificationScheme=http://www.fpml.org/coding-scheme/cftc-entity-classification],0,,Element with value SBSD could not be mapped to a rosettaField
cdm-sample-files/cftc-event-scenarios/Example-11-Submission-1.xml,Fail_MappedNone,trade.tradeHeader.partyTradeInformation(1).reportingRegime(4).name,trade.tradeHeader.partyTradeInformation.reportingRegime.name,0,,Element with value HKTR could not be mapped to a rosettaField
cdm-sample-files/cftc-event-scenarios/Example-11-Submission-1.xml,Fail_MappedNone,trade.tradeHeader.partyTradeInformation(0).reportingRegime(6).reportingRole,trade.tradeHeader.partyTradeInformation.reportingRegime.reportingRole,0,,Element with value ReportingParty could not be mapped to a rosettaField
cdm-sample-files/cftc-event-scenarios/Example-11-Submission-1.xml,Fail_MappedNone,trade.tradeHeader.partyTradeInformation(0).reportingRegime(6).supervisorRegistration.supervisoryBody,trade.tradeHeader.partyTradeInformation.reportingRegime.supervisorRegistration.supervisoryBody,0,,Element with value HKMA could not be mapped to a rosettaField
cdm-sample-files/cftc-event-scenarios/Example-11-Submission-1.xml,Fail_MappedNone,trade.tradeHeader.partyTradeInformation(1).reportingRegime(3).entityClassification[entityClassificationScheme=http://www.fpml.org/coding-scheme/cftc-entity-classification],trade.tradeHeader.partyTradeInformation.reportingRegime.entityClassification[entityClassificationScheme=http://www.fpml.org/coding-scheme/cftc-entity-classification],0,,Element with value SBSD could not be mapped to a rosettaField
cdm-sample-files/cftc-event-scenarios/Example-11-Submission-1.xml,Fail_MappedNone,trade.tradeHeader.partyTradeInformation(1).reportingRegime(0).exceedsClearingThreshold,trade.tradeHeader.partyTradeInformation.reportingRegime.exceedsClearingThreshold,0,,Element with value true could not be mapped to a rosettaField
cdm-sample-files/cftc-event-scenarios/Example-11-Submission-1.xml,Fail_MappedNone,trade.tradeHeader.partyTradeInformation(1).reportingRegime(2).supervisorRegistration.supervisoryBody,trade.tradeHeader.partyTradeInformation.reportingRegime.supervisorRegistration.supervisoryBody,0,,Element with value JFSA could not be mapped to a rosettaField
cdm-sample-files/cftc-event-scenarios/Example-11-Submission-1.xml,Fail_MappedNone,trade.tradeHeader.partyTradeInformation(0).reportingRegime(1).reportingPurpose,trade.tradeHeader.partyTradeInformation.reportingRegime.reportingPurpose,0,,Element with value PrimaryEconomicTerms could not be mapped to a rosettaField
cdm-sample-files/cftc-event-scenarios/Example-11-Submission-1.xml,Fail_MappedNone,trade.tradeHeader.partyTradeInformation(0).reportingRegime(3).name,trade.tradeHeader.partyTradeInformation.reportingRegime.name,0,,Element with value UKEMIR could not be mapped to a rosettaField
cdm-sample-files/cftc-event-scenarios/Example-11-Submission-1.xml,Fail_MappedNone,party(1)[id=party2].classification(1)[industryClassificationScheme=http://www.fpml.org/coding-scheme/hkma-rewrite-regulatory-corporate-sector],party[id=party2].classification[industryClassificationScheme=http://www.fpml.org/coding-scheme/hkma-rewrite-regulatory-corporate-sector],0,,Element with value UCIT could not be mapped to a rosettaField
cdm-sample-files/cftc-event-scenarios/Example-11-Submission-1.xml,Fail_MappedNone,trade.tradeHeader.partyTradeInformation(1).reportingRegime(3).reportingRole,trade.tradeHeader.partyTradeInformation.reportingRegime.reportingRole,0,,Element with value ReportingParty could not be mapped to a rosettaField
cdm-sample-files/cftc-event-scenarios/Example-11-Submission-1.xml,Fail_MappedNone,trade.tradeHeader.partyTradeInformation(0).reportingRegime(2).entityClassification[entityClassificationScheme=http://www.fpml.org/coding-scheme/esma-entity-classification],trade.tradeHeader.partyTradeInformation.reportingRegime.entityClassification[entityClassificationScheme=http://www.fpml.org/coding-scheme/esma-entity-classification],0,,Element with value Financial could not be mapped to a rosettaField
cdm-sample-files/cftc-event-scenarios/Example-11-Submission-1.xml,Fail_MappedNone,trade.tradeHeader.partyTradeInformation(1).reportingRegime(1).mandatorilyClearable,trade.tradeHeader.partyTradeInformation.reportingRegime.mandatorilyClearable,0,,Element with value false could not be mapped to a rosettaField
cdm-sample-files/cftc-event-scenarios/Example-11-Submission-1.xml,Fail_MappedNone,party(0)[id=party1].classification(0)[industryClassificationScheme=http://www.fpml.org/coding-scheme/esma-emir-refit-regulatory-corporate-sector],party[id=party1].classification[industryClassificationScheme=http://www.fpml.org/coding-scheme/esma-emir-refit-regulatory-corporate-sector],0,,Element with value AIFD could not be mapped to a rosettaField
cdm-sample-files/cftc-event-scenarios/Example-11-Submission-1.xml,Fail_MappedMultiple,party(0)[id=party1].partyId[partyIdScheme=http://www.fpml.org/coding-scheme/external/iso17442].partyIdScheme,party[id=party1].partyId[partyIdScheme=http://www.fpml.org/coding-scheme/external/iso17442].partyIdScheme,2,ReportableEvent.originatingWorkflowStep.proposedEvent.instruction(0).before.value.trade.party(0).partyId(0).identifierType=[LEI] ReportableEvent.originatingWorkflowStep.proposedEvent.instruction(0).before.value.trade.party(0).partyId(0).identifier.meta.scheme=[http://www.fpml.org/coding-scheme/external/iso17442],Element mapped to multiple rosettaFields
cdm-sample-files/cftc-event-scenarios/Example-11-Submission-1.xml,Fail_MappedNone,trade.tradeHeader.partyTradeInformation(0).reportingRegime(1).reportingRole,trade.tradeHeader.partyTradeInformation.reportingRegime.reportingRole,0,,Element with value ReportingParty could not be mapped to a rosettaField
cdm-sample-files/cftc-event-scenarios/Example-11-Submission-1.xml,Fail_MappedNone,trade.tradeHeader.partyTradeInformation(0).reportingRegime(0).reportingPurpose,trade.tradeHeader.partyTradeInformation.reportingRegime.reportingPurpose,0,,Element with value PrimaryEconomicTerms could not be mapped to a rosettaField
cdm-sample-files/cftc-event-scenarios/Example-11-Submission-1.xml,Fail_MappedNone,trade.tradeHeader.partyTradeInformation(0).reportingRegime(4).name,trade.tradeHeader.partyTradeInformation.reportingRegime.name,0,,Element with value JFSA could not be mapped to a rosettaField
cdm-sample-files/cftc-event-scenarios/Example-11-Submission-1.xml,Fail_MappedNone,trade.tradeHeader.partyTradeInformation(1).reportingRegime(4).entityClassification,trade.tradeHeader.partyTradeInformation.reportingRegime.entityClassification,0,,Element with value Financial could not be mapped to a rosettaField
cdm-sample-files/cftc-event-scenarios/Example-11-Submission-1.xml,Fail_MappedNone,trade.tradeHeader.partyTradeInformation(0).largeSizeTrade,trade.tradeHeader.partyTradeInformation.largeSizeTrade,0,,Element with value false could not be mapped to a rosettaField
cdm-sample-files/cftc-event-scenarios/Example-11-Submission-1.xml,Fail_MappedMultiple,party(1)[id=party2].partyId[partyIdScheme=http://www.fpml.org/coding-scheme/external/iso17442].partyIdScheme,party[id=party2].partyId[partyIdScheme=http://www.fpml.org/coding-scheme/external/iso17442].partyIdScheme,2,ReportableEvent.originatingWorkflowStep.proposedEvent.instruction(0).before.value.trade.party(1).partyId(0).identifier.meta.scheme=[http://www.fpml.org/coding-scheme/external/iso17442] ReportableEvent.originatingWorkflowStep.proposedEvent.instruction(0).before.value.trade.party(1).partyId(0).identifierType=[LEI],Element mapped to multiple rosettaFields
cdm-sample-files/cftc-event-scenarios/Example-11-Submission-1.xml,Fail_MappedNone,trade.tradeHeader.partyTradeInformation(1).reportingRegime(2).reportingRole,trade.tradeHeader.partyTradeInformation.reportingRegime.reportingRole,0,,Element with value ReportingParty could not be mapped to a rosettaField
cdm-sample-files/cftc-event-scenarios/Example-11-Submission-1.xml,Fail_MappedNone,trade.tradeHeader.partyTradeInformation(0).reportingRegime(6).mandatorilyClearable,trade.tradeHeader.partyTradeInformation.reportingRegime.mandatorilyClearable,0,,Element with value false could not be mapped to a rosettaField
cdm-sample-files/cftc-event-scenarios/Example-11-Submission-1.xml,Fail_MappedNone,trade.tradeHeader.partyTradeInformation(0).reportingRegime(3).entityClassification[entityClassificationScheme=http://www.fpml.org/coding-scheme/esma-entity-classification].entityClassificationScheme,trade.tradeHeader.partyTradeInformation.reportingRegime.entityClassification[entityClassificationScheme=http://www.fpml.org/coding-scheme/esma-entity-classification].entityClassificationScheme,0,,Element with value http://www.fpml.org/coding-scheme/esma-entity-classification could not be mapped to a rosettaField
cdm-sample-files/cftc-event-scenarios/Example-11-Submission-1.xml,Fail_MappedNone,trade.tradeHeader.partyTradeInformation(1).reportingRegime(1).supervisorRegistration.supervisoryBody,trade.tradeHeader.partyTradeInformation.reportingRegime.supervisorRegistration.supervisoryBody,0,,Element with value FCA could not be mapped to a rosettaField
cdm-sample-files/cftc-event-scenarios/Example-11-Submission-1.xml,Fail_MappedNone,trade.tradeHeader.partyTradeInformation(1).reportingRegime(1).reportingPurpose,trade.tradeHeader.partyTradeInformation.reportingRegime.reportingPurpose,0,,Element with value PrimaryEconomicTerms could not be mapped to a rosettaField
cdm-sample-files/cftc-event-scenarios/Example-11-Submission-1.xml,Fail_MappedNone,trade.tradeHeader.partyTradeInformation(0).reportingRegime(3).entityClassification[entityClassificationScheme=http://www.fpml.org/coding-scheme/esma-entity-classification],trade.tradeHeader.partyTradeInformation.reportingRegime.entityClassification[entityClassificationScheme=http://www.fpml.org/coding-scheme/esma-entity-classification],0,,Element with value Financial could not be mapped to a rosettaField
cdm-sample-files/cftc-event-scenarios/Example-11-Submission-1.xml,Fail_MappedNone,sequenceNumber,sequenceNumber,0,,Element with value 1 could not be mapped to a rosettaField
cdm-sample-files/cftc-event-scenarios/Example-11-Submission-1.xml,Fail_MappedNone,trade.tradeHeader.partyTradeInformation(0).reportingRegime(5).name,trade.tradeHeader.partyTradeInformation.reportingRegime.name,0,,Element with value CSA could not be mapped to a rosettaField
cdm-sample-files/cftc-event-scenarios/Example-11-Submission-1.xml,Fail_MappedNone,trade.tradeHeader.partyTradeInformation(1).reportingRegime(0).mandatorilyClearable,trade.tradeHeader.partyTradeInformation.reportingRegime.mandatorilyClearable,0,,Element with value false could not be mapped to a rosettaField
cdm-sample-files/cftc-event-scenarios/Example-11-Submission-1.xml,Fail_MappedNone,trade.tradeHeader.partyTradeInformation(0).reportingRegime(0).supervisorRegistration.supervisoryBody,trade.tradeHeader.partyTradeInformation.reportingRegime.supervisorRegistration.supervisoryBody,0,,Element with value CFTC could not be mapped to a rosettaField
cdm-sample-files/cftc-event-scenarios/Example-11-Submission-1.xml,Fail_MappedNone,party(1)[id=party2].classification(0)[industryClassificationScheme=http://www.fpml.org/coding-scheme/esma-emir-refit-regulatory-corporate-sector],party[id=party2].classification[industryClassificationScheme=http://www.fpml.org/coding-scheme/esma-emir-refit-regulatory-corporate-sector],0,,Element with value UCIT could not be mapped to a rosettaField
cdm-sample-files/cftc-event-scenarios/Example-11-Submission-1.xml,Fail_MappedNone,trade.tradeHeader.partyTradeInformation(0).reportingRegime(0).reportingRole,trade.tradeHeader.partyTradeInformation.reportingRegime.reportingRole,0,,Element with value ReportingParty could not be mapped to a rosettaField
cdm-sample-files/cftc-event-scenarios/Example-12-Submission-1.xml,Fail_MappedNone,trade.tradeHeader.partyTradeInformation(1).reportingRegime(2).exceedsClearingThreshold,trade.tradeHeader.partyTradeInformation.reportingRegime.exceedsClearingThreshold,0,,Element with value true could not be mapped to a rosettaField
cdm-sample-files/cftc-event-scenarios/Example-12-Submission-1.xml,Fail_MappedNone,trade.tradeHeader.partyTradeInformation(1).reportingRegime(1).entityClassification[entityClassificationScheme=http://www.fpml.org/coding-scheme/esma-entity-classification],trade.tradeHeader.partyTradeInformation.reportingRegime.entityClassification[entityClassificationScheme=http://www.fpml.org/coding-scheme/esma-entity-classification],0,,Element with value Financial could not be mapped to a rosettaField
cdm-sample-files/cftc-event-scenarios/Example-12-Submission-1.xml,Fail_MappedNone,trade.tradeHeader.partyTradeInformation(2).reportingRegime(0).name,trade.tradeHeader.partyTradeInformation.reportingRegime.name,0,,Element with value EMIR could not be mapped to a rosettaField
cdm-sample-files/cftc-event-scenarios/Example-12-Submission-1.xml,Fail_MappedNone,trade.tradeHeader.partyTradeInformation(1).reportingRegime(0).reportingPurpose,trade.tradeHeader.partyTradeInformation.reportingRegime.reportingPurpose,0,,Element with value Snapshot could not be mapped to a rosettaField
cdm-sample-files/cftc-event-scenarios/Example-12-Submission-1.xml,Fail_MappedNone,trade.tradeHeader.partyTradeInformation(1).reportingRegime(5).reportingRole,trade.tradeHeader.partyTradeInformation.reportingRegime.reportingRole,0,,Element with value ReportingParty could not be mapped to a rosettaField
cdm-sample-files/cftc-event-scenarios/Example-12-Submission-1.xml,Fail_MappedNone,party(1)[id=partyA].classification(0)[industryClassificationScheme=http://www.dtcc.org/coding-scheme/external/cftc-industrial-classification].industryClassificationScheme,party[id=partyA].classification[industryClassificationScheme=http://www.dtcc.org/coding-scheme/external/cftc-industrial-classification].industryClassificationScheme,0,,Element with value http://www.dtcc.org/coding-scheme/external/cftc-industrial-classification could not be mapped to a rosettaField
cdm-sample-files/cftc-event-scenarios/Example-12-Submission-1.xml,Fail_MappedNone,trade.tradeHeader.partyTradeInformation(2).reportingRegime(0).mandatorilyClearable,trade.tradeHeader.partyTradeInformation.reportingRegime.mandatorilyClearable,0,,Element with value false could not be mapped to a rosettaField
cdm-sample-files/cftc-event-scenarios/Example-12-Submission-1.xml,Fail_MappedNone,trade.tradeHeader.partyTradeInformation(1).category[categoryScheme=http://www.dtcc.com/trading_capacity],trade.tradeHeader.partyTradeInformation.category[categoryScheme=http://www.dtcc.com/trading_capacity],0,,Element with value Principal could not be mapped to a rosettaField
cdm-sample-files/cftc-event-scenarios/Example-12-Submission-1.xml,Fail_MappedNone,trade.tradeHeader.partyTradeInformation(2).reportingRegime(3).entityClassification[entityClassificationScheme=http://www.fpml.org/coding-scheme/cftc-entity-classification],trade.tradeHeader.partyTradeInformation.reportingRegime.entityClassification[entityClassificationScheme=http://www.fpml.org/coding-scheme/cftc-entity-classification],0,,Element with value SBSD could not be mapped to a rosettaField
cdm-sample-files/cftc-event-scenarios/Example-12-Submission-1.xml,Fail_MappedNone,trade.tradeHeader.partyTradeInformation(1).reportingRegime(1).entityClassification[entityClassificationScheme=http://www.fpml.org/coding-scheme/esma-entity-classification].entityClassificationScheme,trade.tradeHeader.partyTradeInformation.reportingRegime.entityClassification[entityClassificationScheme=http://www.fpml.org/coding-scheme/esma-entity-classification].entityClassificationScheme,0,,Element with value http://www.fpml.org/coding-scheme/esma-entity-classification could not be mapped to a rosettaField
cdm-sample-files/cftc-event-scenarios/Example-12-Submission-1.xml,Fail_MappedNone,trade.tradeHeader.partyTradeInformation(0).clearingStatus[clearingStatusScheme=http://www.fpml.org/coding-scheme/clearing-status].clearingStatusScheme,trade.tradeHeader.partyTradeInformation.clearingStatus[clearingStatusScheme=http://www.fpml.org/coding-scheme/clearing-status].clearingStatusScheme,0,,Element with value http://www.fpml.org/coding-scheme/clearing-status could not be mapped to a rosettaField
cdm-sample-files/cftc-event-scenarios/Example-12-Submission-1.xml,Fail_MappedNone,trade.tradeHeader.partyTradeInformation(2).reportingRegime(1).reportingPurpose,trade.tradeHeader.partyTradeInformation.reportingRegime.reportingPurpose,0,,Element with value PrimaryEconomicTerms could not be mapped to a rosettaField
cdm-sample-files/cftc-event-scenarios/Example-12-Submission-1.xml,Fail_MappedNone,party(2)[id=partyB].classification(1)[industryClassificationScheme=http://www.fpml.org/coding-scheme/hkma-rewrite-regulatory-corporate-sector].industryClassificationScheme,party[id=partyB].classification[industryClassificationScheme=http://www.fpml.org/coding-scheme/hkma-rewrite-regulatory-corporate-sector].industryClassificationScheme,0,,Element with value http://www.fpml.org/coding-scheme/hkma-rewrite-regulatory-corporate-sector could not be mapped to a rosettaField
cdm-sample-files/cftc-event-scenarios/Example-12-Submission-1.xml,Fail_MappedNone,party(2)[id=partyB].classification(0)[industryClassificationScheme=http://www.dtcc.org/coding-scheme/external/cftc-industrial-classification],party[id=partyB].classification[industryClassificationScheme=http://www.dtcc.org/coding-scheme/external/cftc-industrial-classification],0,,Element with value Financial could not be mapped to a rosettaField
cdm-sample-files/cftc-event-scenarios/Example-12-Submission-1.xml,Fail_MappedNone,quote(1).time,quote.time,0,,Element with value 2018-04-01T14:15:36Z could not be mapped to a rosettaField
cdm-sample-files/cftc-event-scenarios/Example-12-Submission-1.xml,Fail_MappedNone,trade.tradeHeader.partyTradeInformation(2).reportingRegime(1).name,trade.tradeHeader.partyTradeInformation.reportingRegime.name,0,,Element with value UKEMIR could not be mapped to a rosettaField
cdm-sample-files/cftc-event-scenarios/Example-12-Submission-1.xml,Fail_MappedNone,trade.tradeHeader.partyTradeInformation(1).reportingRegime(1).exceedsClearingThreshold,trade.tradeHeader.partyTradeInformation.reportingRegime.exceedsClearingThreshold,0,,Element with value true could not be mapped to a rosettaField
cdm-sample-files/cftc-event-scenarios/Example-12-Submission-1.xml,Fail_MappedNone,trade.tradeHeader.partyTradeInformation(1).reportingRegime(2).entityClassification[entityClassificationScheme=http://www.fpml.org/coding-scheme/esma-entity-classification],trade.tradeHeader.partyTradeInformation.reportingRegime.entityClassification[entityClassificationScheme=http://www.fpml.org/coding-scheme/esma-entity-classification],0,,Element with value Financial could not be mapped to a rosettaField
cdm-sample-files/cftc-event-scenarios/Example-12-Submission-1.xml,Fail_MappedNone,trade.tradeHeader.partyTradeInformation(1).reportingRegime(3).supervisorRegistration.supervisoryBody,trade.tradeHeader.partyTradeInformation.reportingRegime.supervisorRegistration.supervisoryBody,0,,Element with value JFSA could not be mapped to a rosettaField
cdm-sample-files/cftc-event-scenarios/Example-12-Submission-1.xml,Fail_MappedNone,party(1)[id=partyA].classification(1)[industryClassificationScheme=http://www.fpml.org/coding-scheme/hkma-rewrite-regulatory-corporate-sector].industryClassificationScheme,party[id=partyA].classification[industryClassificationScheme=http://www.fpml.org/coding-scheme/hkma-rewrite-regulatory-corporate-sector].industryClassificationScheme,0,,Element with value http://www.fpml.org/coding-scheme/hkma-rewrite-regulatory-corporate-sector could not be mapped to a rosettaField
cdm-sample-files/cftc-event-scenarios/Example-12-Submission-1.xml,Fail_MappedNone,asOfDate,asOfDate,0,,Element with value 2022-03-08 could not be mapped to a rosettaField
cdm-sample-files/cftc-event-scenarios/Example-12-Submission-1.xml,Fail_MappedNone,trade.tradeHeader.partyTradeInformation(1).reportingRegime(4).reportingRole,trade.tradeHeader.partyTradeInformation.reportingRegime.reportingRole,0,,Element with value ReportingParty could not be mapped to a rosettaField
cdm-sample-files/cftc-event-scenarios/Example-12-Submission-1.xml,Fail_MappedNone,trade.tradeHeader.partyTradeInformation(2).reportingRegime(4).supervisorRegistration.supervisoryBody,trade.tradeHeader.partyTradeInformation.reportingRegime.supervisorRegistration.supervisoryBody,0,,Element with value HKMA could not be mapped to a rosettaField
cdm-sample-files/cftc-event-scenarios/Example-12-Submission-1.xml,Fail_MappedNone,trade.tradeHeader.partyTradeInformation(0).category[categoryScheme=http://www.dtcc.com/coding-scheme/external/trade-details/inter-affiliate],trade.tradeHeader.partyTradeInformation.category[categoryScheme=http://www.dtcc.com/coding-scheme/external/trade-details/inter-affiliate],0,,Element with value false could not be mapped to a rosettaField
cdm-sample-files/cftc-event-scenarios/Example-12-Submission-1.xml,Fail_MappedNone,trade.tradeHeader.partyTradeInformation(2).reportingRegime(4).entityClassification,trade.tradeHeader.partyTradeInformation.reportingRegime.entityClassification,0,,Element with value Financial could not be mapped to a rosettaField
cdm-sample-files/cftc-event-scenarios/Example-12-Submission-1.xml,Fail_MappedNone,trade.tradeHeader.partyTradeInformation(2).reportingRegime(0).reportingPurpose,trade.tradeHeader.partyTradeInformation.reportingRegime.reportingPurpose,0,,Element with value PrimaryEconomicTerms could not be mapped to a rosettaField
cdm-sample-files/cftc-event-scenarios/Example-12-Submission-1.xml,Fail_MappedMultiple,party(2)[id=partyB].partyId[partyIdScheme=http://www.fpml.org/coding-scheme/external/iso17442].partyIdScheme,party[id=partyB].partyId[partyIdScheme=http://www.fpml.org/coding-scheme/external/iso17442].partyIdScheme,2,"ReportableEvent.originatingWorkflowStep.proposedEvent.instruction(0).before.value.trade.party(2).partyId(0).identifierType=[LEI]
ReportableEvent.originatingWorkflowStep.proposedEvent.instruction(0).before.value.trade.party(2).partyId(0).identifier.meta.scheme=[http://www.dtcc.com/free-format-text, http://www.fpml.org/coding-scheme/external/iso17442, http://www.fpml.org/ext/iso9362]",Element mapped to multiple rosettaFields
cdm-sample-files/cftc-event-scenarios/Example-12-Submission-1.xml,Fail_MappedNone,party(2)[id=partyB].classification(2)[industryClassificationScheme=http://www.fpml.org/coding-scheme/esma-emir-refit-regulatory-corporate-sector].industryClassificationScheme,party[id=partyB].classification[industryClassificationScheme=http://www.fpml.org/coding-scheme/esma-emir-refit-regulatory-corporate-sector].industryClassificationScheme,0,,Element with value http://www.fpml.org/coding-scheme/esma-emir-refit-regulatory-corporate-sector could not be mapped to a rosettaField
cdm-sample-files/cftc-event-scenarios/Example-12-Submission-1.xml,Fail_MappedNone,trade.tradeHeader.partyTradeInformation(2).reportingRegime(2).name,trade.tradeHeader.partyTradeInformation.reportingRegime.name,0,,Element with value JFSA could not be mapped to a rosettaField
cdm-sample-files/cftc-event-scenarios/Example-12-Submission-1.xml,Fail_MappedNone,trade.tradeHeader.partyTradeInformation(1).reportingRegime(2).entityClassification[entityClassificationScheme=http://www.fpml.org/coding-scheme/esma-entity-classification].entityClassificationScheme,trade.tradeHeader.partyTradeInformation.reportingRegime.entityClassification[entityClassificationScheme=http://www.fpml.org/coding-scheme/esma-entity-classification].entityClassificationScheme,0,,Element with value http://www.fpml.org/coding-scheme/esma-entity-classification could not be mapped to a rosettaField
cdm-sample-files/cftc-event-scenarios/Example-12-Submission-1.xml,Fail_MappedNone,trade.tradeHeader.partyTradeInformation(1).reportingRegime(5).supervisorRegistration.supervisoryBody,trade.tradeHeader.partyTradeInformation.reportingRegime.supervisorRegistration.supervisoryBody,0,,Element with value HKMA could not be mapped to a rosettaField
cdm-sample-files/cftc-event-scenarios/Example-12-Submission-1.xml,Fail_MappedNone,party(1)[id=partyA].classification(2)[industryClassificationScheme=http://www.fpml.org/coding-scheme/esma-emir-refit-regulatory-corporate-sector].industryClassificationScheme,party[id=partyA].classification[industryClassificationScheme=http://www.fpml.org/coding-scheme/esma-emir-refit-regulatory-corporate-sector].industryClassificationScheme,0,,Element with value http://www.fpml.org/coding-scheme/esma-emir-refit-regulatory-corporate-sector could not be mapped to a rosettaField
cdm-sample-files/cftc-event-scenarios/Example-12-Submission-1.xml,Fail_MappedNone,party(1)[id=partyA].organizationType,party[id=partyA].organizationType,0,,Element with value SD could not be mapped to a rosettaField
cdm-sample-files/cftc-event-scenarios/Example-12-Submission-1.xml,Fail_MappedNone,trade.tradeHeader.partyTradeInformation(1).reportingRegime(1).name,trade.tradeHeader.partyTradeInformation.reportingRegime.name,0,,Element with value EMIR could not be mapped to a rosettaField
cdm-sample-files/cftc-event-scenarios/Example-12-Submission-1.xml,Fail_MappedNone,trade.tradeHeader.partyTradeInformation(2).reportingRegime(1).entityClassification[entityClassificationScheme=http://www.fpml.org/coding-scheme/esma-entity-classification],trade.tradeHeader.partyTradeInformation.reportingRegime.entityClassification[entityClassificationScheme=http://www.fpml.org/coding-scheme/esma-entity-classification],0,,Element with value Financial could not be mapped to a rosettaField
cdm-sample-files/cftc-event-scenarios/Example-12-Submission-1.xml,Fail_MappedNone,onBehalfOf.partyReference[href=partyA].href,onBehalfOf.partyReference[href=partyA].href,0,,Element with value partyA could not be mapped to a rosettaField
cdm-sample-files/cftc-event-scenarios/Example-12-Submission-1.xml,Fail_MappedNone,trade.tradeHeader.partyTradeInformation(1).category[categoryScheme=http://www.dtcc.com/trading_capacity].categoryScheme,trade.tradeHeader.partyTradeInformation.category[categoryScheme=http://www.dtcc.com/trading_capacity].categoryScheme,0,,Element with value http://www.dtcc.com/trading_capacity could not be mapped to a rosettaField
cdm-sample-files/cftc-event-scenarios/Example-12-Submission-1.xml,Fail_MappedNone,trade.tradeHeader.partyTradeInformation(2).reportingRegime(0).reportingRole,trade.tradeHeader.partyTradeInformation.reportingRegime.reportingRole,0,,Element with value ReportingParty could not be mapped to a rosettaField
cdm-sample-files/cftc-event-scenarios/Example-12-Submission-1.xml,Success,trade.tradeHeader.partyTradeInformation(2).relatedParty(0).role,trade.tradeHeader.partyTradeInformation.relatedParty.role,1,"ReportableEvent.reportableInformation.globalPartyInformation(2).relatedParty(0).role=[Beneficiary, ConfirmationPlatform, TradeSource]",Element Branch could not be parsed as a PartyRoleEnum
cdm-sample-files/cftc-event-scenarios/Example-12-Submission-1.xml,Fail_MappedNone,trade.tradeHeader.partyTradeInformation(1).reportingRegime(5).mandatorilyClearable,trade.tradeHeader.partyTradeInformation.reportingRegime.mandatorilyClearable,0,,Element with value false could not be mapped to a rosettaField
cdm-sample-files/cftc-event-scenarios/Example-12-Submission-1.xml,Fail_MappedNone,trade.tradeHeader.partyTradeInformation(1).isAccountingHedge,trade.tradeHeader.partyTradeInformation.isAccountingHedge,0,,Element with value false could not be mapped to a rosettaField
cdm-sample-files/cftc-event-scenarios/Example-12-Submission-1.xml,Fail_MappedNone,trade.tradeHeader.partyTradeInformation(0).verificationMethod,trade.tradeHeader.partyTradeInformation.verificationMethod,0,,Element with value Electronic could not be mapped to a rosettaField
cdm-sample-files/cftc-event-scenarios/Example-12-Submission-1.xml,Fail_MappedNone,asOfTime,asOfTime,0,,Element with value 13:46:04Z could not be mapped to a rosettaField
cdm-sample-files/cftc-event-scenarios/Example-12-Submission-1.xml,Fail_MappedNone,trade.tradeHeader.partyTradeInformation(1).reportingRegime(0).entityClassification,trade.tradeHeader.partyTradeInformation.reportingRegime.entityClassification,0,,Element with value Financial could not be mapped to a rosettaField
cdm-sample-files/cftc-event-scenarios/Example-12-Submission-1.xml,Fail_MappedNone,trade.tradeHeader.partyTradeInformation(2).reportingRegime(3).name,trade.tradeHeader.partyTradeInformation.reportingRegime.name,0,,Element with value CSA could not be mapped to a rosettaField
cdm-sample-files/cftc-event-scenarios/Example-12-Submission-1.xml,Fail_MappedNone,trade.tradeHeader.partyTradeInformation(2).reportingRegime(0).supervisorRegistration.supervisoryBody,trade.tradeHeader.partyTradeInformation.reportingRegime.supervisorRegistration.supervisoryBody,0,,Element with value ESMA could not be mapped to a rosettaField
cdm-sample-files/cftc-event-scenarios/Example-12-Submission-1.xml,Fail_MappedNone,quote(2).value,quote.value,0,,Element with value 987.0001 could not be mapped to a rosettaField
cdm-sample-files/cftc-event-scenarios/Example-12-Submission-1.xml,Fail_MappedNone,trade.tradeHeader.partyTradeInformation(2).reportingRegime(3).entityClassification[entityClassificationScheme=http://www.fpml.org/coding-scheme/cftc-entity-classification].entityClassificationScheme,trade.tradeHeader.partyTradeInformation.reportingRegime.entityClassification[entityClassificationScheme=http://www.fpml.org/coding-scheme/cftc-entity-classification].entityClassificationScheme,0,,Element with value http://www.fpml.org/coding-scheme/cftc-entity-classification could not be mapped to a rosettaField
cdm-sample-files/cftc-event-scenarios/Example-12-Submission-1.xml,Fail_MappedNone,party(2)[id=partyB].organizationType,party[id=partyB].organizationType,0,,Element with value SD could not be mapped to a rosettaField
cdm-sample-files/cftc-event-scenarios/Example-12-Submission-1.xml,Fail_MappedNone,trade.tradeHeader.partyTradeInformation(1).reportingRegime(2).name,trade.tradeHeader.partyTradeInformation.reportingRegime.name,0,,Element with value UKEMIR could not be mapped to a rosettaField
cdm-sample-files/cftc-event-scenarios/Example-12-Submission-1.xml,Fail_MappedNone,trade.tradeHeader.partyTradeInformation(1).reportingRegime(4).supervisorRegistration.supervisoryBody,trade.tradeHeader.partyTradeInformation.reportingRegime.supervisorRegistration.supervisoryBody,0,,Element with value CA.AB.ASC could not be mapped to a rosettaField
cdm-sample-files/cftc-event-scenarios/Example-12-Submission-1.xml,Fail_MappedNone,trade.tradeHeader.partyTradeInformation(1).reportingRegime(4).mandatorilyClearable,trade.tradeHeader.partyTradeInformation.reportingRegime.mandatorilyClearable,0,,Element with value false could not be mapped to a rosettaField
cdm-sample-files/cftc-event-scenarios/Example-12-Submission-1.xml,Fail_MappedNone,header.implementationSpecification.version[implementationSpecificationVersionScheme=http://www.dtcc.com].implementationSpecificationVersionScheme,header.implementationSpecification.version[implementationSpecificationVersionScheme=http://www.dtcc.com].implementationSpecificationVersionScheme,0,,Element with value http://www.dtcc.com could not be mapped to a rosettaField
cdm-sample-files/cftc-event-scenarios/Example-12-Submission-1.xml,Fail_MappedNone,trade.tradeHeader.partyTradeInformation(1).reportingRegime(5).entityClassification,trade.tradeHeader.partyTradeInformation.reportingRegime.entityClassification,0,,Element with value Financial could not be mapped to a rosettaField
cdm-sample-files/cftc-event-scenarios/Example-12-Submission-1.xml,Fail_MappedNone,trade.tradeHeader.partyTradeInformation(2).reportingRegime(4).name,trade.tradeHeader.partyTradeInformation.reportingRegime.name,0,,Element with value HKTR could not be mapped to a rosettaField
cdm-sample-files/cftc-event-scenarios/Example-12-Submission-1.xml,Fail_MappedNone,trade.tradeHeader.partyTradeInformation(2).reportingRegime(2).supervisorRegistration.supervisoryBody,trade.tradeHeader.partyTradeInformation.reportingRegime.supervisorRegistration.supervisoryBody,0,,Element with value JFSA could not be mapped to a rosettaField
cdm-sample-files/cftc-event-scenarios/Example-12-Submission-1.xml,Fail_MappedNone,trade.tradeHeader.partyTradeInformation(2).reportingRegime(4).mandatorilyClearable,trade.tradeHeader.partyTradeInformation.reportingRegime.mandatorilyClearable,0,,Element with value false could not be mapped to a rosettaField
cdm-sample-files/cftc-event-scenarios/Example-12-Submission-1.xml,Fail_MappedNone,trade.tradeHeader.partyTradeInformation(1).collateralizationType,trade.tradeHeader.partyTradeInformation.collateralizationType,0,,Element with value Fully could not be mapped to a rosettaField
cdm-sample-files/cftc-event-scenarios/Example-12-Submission-1.xml,Fail_MappedNone,trade.tradeHeader.partyTradeInformation(1).reportingRegime(1).reportingRole,trade.tradeHeader.partyTradeInformation.reportingRegime.reportingRole,0,,Element with value ReportingParty could not be mapped to a rosettaField
cdm-sample-files/cftc-event-scenarios/Example-12-Submission-1.xml,Fail_MappedNone,trade.tradeHeader.partyTradeInformation(1).reportingRegime(3).name,trade.tradeHeader.partyTradeInformation.reportingRegime.name,0,,Element with value JFSA could not be mapped to a rosettaField
cdm-sample-files/cftc-event-scenarios/Example-12-Submission-1.xml,Fail_MappedNone,header.sentBy[messageAddressScheme=http://www.fpml.org/coding-scheme/external/iso17442].messageAddressScheme,header.sentBy[messageAddressScheme=http://www.fpml.org/coding-scheme/external/iso17442].messageAddressScheme,0,,Element with value http://www.fpml.org/coding-scheme/external/iso17442 could not be mapped to a rosettaField
cdm-sample-files/cftc-event-scenarios/Example-12-Submission-1.xml,Fail_MappedNone,tradingEvent.eventType,tradingEvent.eventType,0,,Element with value Trade could not be mapped to a rosettaField
cdm-sample-files/cftc-event-scenarios/Example-12-Submission-1.xml,Fail_MappedNone,trade.tradeHeader.partyTradeInformation(2).reportingRegime(2).reportingRole,trade.tradeHeader.partyTradeInformation.reportingRegime.reportingRole,0,,Element with value ReportingParty could not be mapped to a rosettaField
cdm-sample-files/cftc-event-scenarios/Example-12-Submission-1.xml,Fail_MappedNone,trade.tradeHeader.partyTradeInformation(1).reportingRegime(0).supervisorRegistration.supervisoryBody,trade.tradeHeader.partyTradeInformation.reportingRegime.supervisorRegistration.supervisoryBody,0,,Element with value CFTC could not be mapped to a rosettaField
cdm-sample-files/cftc-event-scenarios/Example-12-Submission-1.xml,Fail_MappedNone,tradingEvent.executionDateTime,tradingEvent.executionDateTime,0,,Element with value 2018-04-01T14:15:36Z could not be mapped to a rosettaField
cdm-sample-files/cftc-event-scenarios/Example-12-Submission-1.xml,Fail_MappedNone,trade.tradeHeader.partyTradeInformation(0).clearingStatus[clearingStatusScheme=http://www.fpml.org/coding-scheme/clearing-status],trade.tradeHeader.partyTradeInformation.clearingStatus[clearingStatusScheme=http://www.fpml.org/coding-scheme/clearing-status],0,,Element with value false could not be mapped to a rosettaField
cdm-sample-files/cftc-event-scenarios/Example-12-Submission-1.xml,Fail_MappedNone,trade.tradeHeader.partyTradeInformation(0).category[categoryScheme=http://www.dtcc.com/coding-scheme/external/trade-details/inter-affiliate].categoryScheme,trade.tradeHeader.partyTradeInformation.category[categoryScheme=http://www.dtcc.com/coding-scheme/external/trade-details/inter-affiliate].categoryScheme,0,,Element with value http://www.dtcc.com/coding-scheme/external/trade-details/inter-affiliate could not be mapped to a rosettaField
cdm-sample-files/cftc-event-scenarios/Example-12-Submission-1.xml,Fail_MappedNone,trade.tradeHeader.partyTradeInformation(0).executionVenueType,trade.tradeHeader.partyTradeInformation.executionVenueType,0,,Element with value OffFacility could not be mapped to a rosettaField
cdm-sample-files/cftc-event-scenarios/Example-12-Submission-1.xml,Fail_MappedNone,trade.tradeHeader.partyTradeInformation(2).reportingRegime(3).mandatorilyClearable,trade.tradeHeader.partyTradeInformation.reportingRegime.mandatorilyClearable,0,,Element with value false could not be mapped to a rosettaField
cdm-sample-files/cftc-event-scenarios/Example-12-Submission-1.xml,Fail_MappedNone,trade.tradeHeader.partyTradeInformation(1).reportingRegime(0).reportingRole,trade.tradeHeader.partyTradeInformation.reportingRegime.reportingRole,0,,Element with value ReportingParty could not be mapped to a rosettaField
cdm-sample-files/cftc-event-scenarios/Example-12-Submission-1.xml,Fail_MappedMultiple,party(5)[id=beneficiary].partyId[partyIdScheme=http://www.fpml.org/coding-scheme/external/iso17442].partyIdScheme,party[id=beneficiary].partyId[partyIdScheme=http://www.fpml.org/coding-scheme/external/iso17442].partyIdScheme,2,"ReportableEvent.originatingWorkflowStep.proposedEvent.instruction(0).before.value.trade.party(5).partyId(0).identifier.meta.scheme=[http://www.dtcc.com/free-format-text, http://www.fpml.org/coding-scheme/external/iso17442, http://www.fpml.org/ext/iso9362]
ReportableEvent.originatingWorkflowStep.proposedEvent.instruction(0).before.value.trade.party(5).partyId(0).identifierType=[LEI]",Element mapped to multiple rosettaFields
cdm-sample-files/cftc-event-scenarios/Example-12-Submission-1.xml,Fail_MappedNone,quote(0).value,quote.value,0,,Element with value 0.320000 could not be mapped to a rosettaField
cdm-sample-files/cftc-event-scenarios/Example-12-Submission-1.xml,Fail_MappedNone,trade.tradeHeader.partyTradeInformation(0).collateralizationType,trade.tradeHeader.partyTradeInformation.collateralizationType,0,,Element with value Fully could not be mapped to a rosettaField
cdm-sample-files/cftc-event-scenarios/Example-12-Submission-1.xml,Fail_MappedNone,trade.tradeHeader.partyTradeInformation(2).reportingRegime(0).entityClassification[entityClassificationScheme=http://www.fpml.org/coding-scheme/esma-entity-classification],trade.tradeHeader.partyTradeInformation.reportingRegime.entityClassification[entityClassificationScheme=http://www.fpml.org/coding-scheme/esma-entity-classification],0,,Element with value Financial could not be mapped to a rosettaField
cdm-sample-files/cftc-event-scenarios/Example-12-Submission-1.xml,Fail_MappedNone,trade.tradeHeader.partyTradeInformation(1).reportingRegime(4).name,trade.tradeHeader.partyTradeInformation.reportingRegime.name,0,,Element with value CSA could not be mapped to a rosettaField
cdm-sample-files/cftc-event-scenarios/Example-12-Submission-1.xml,Fail_MappedNone,trade.tradeHeader.partyTradeInformation(2).reportingRegime(1).reportingRole,trade.tradeHeader.partyTradeInformation.reportingRegime.reportingRole,0,,Element with value ReportingParty could not be mapped to a rosettaField
cdm-sample-files/cftc-event-scenarios/Example-12-Submission-1.xml,Fail_MappedNone,trade.tradeHeader.partyTradeInformation(1).reportingRegime(2).mandatorilyClearable,trade.tradeHeader.partyTradeInformation.reportingRegime.mandatorilyClearable,0,,Element with value false could not be mapped to a rosettaField
cdm-sample-files/cftc-event-scenarios/Example-12-Submission-1.xml,Fail_MappedNone,trade.tradeHeader.partyTradeInformation(2).reportingRegime(1).supervisorRegistration.supervisoryBody,trade.tradeHeader.partyTradeInformation.reportingRegime.supervisorRegistration.supervisoryBody,0,,Element with value FCA could not be mapped to a rosettaField
cdm-sample-files/cftc-event-scenarios/Example-12-Submission-1.xml,Fail_MappedNone,trade.tradeHeader.partyTradeInformation(1).reportingRegime(2).supervisorRegistration.supervisoryBody,trade.tradeHeader.partyTradeInformation.reportingRegime.supervisorRegistration.supervisoryBody,0,,Element with value FCA could not be mapped to a rosettaField
cdm-sample-files/cftc-event-scenarios/Example-12-Submission-1.xml,Fail_MappedNone,party(1)[id=partyA].classification(1)[industryClassificationScheme=http://www.fpml.org/coding-scheme/hkma-rewrite-regulatory-corporate-sector],party[id=partyA].classification[industryClassificationScheme=http://www.fpml.org/coding-scheme/hkma-rewrite-regulatory-corporate-sector],0,,Element with value AIFD could not be mapped to a rosettaField
cdm-sample-files/cftc-event-scenarios/Example-12-Submission-1.xml,Fail_MappedNone,trade.tradeHeader.partyTradeInformation(1).reportingRegime(3).reportingRole,trade.tradeHeader.partyTradeInformation.reportingRegime.reportingRole,0,,Element with value ReportingParty could not be mapped to a rosettaField
cdm-sample-files/cftc-event-scenarios/Example-12-Submission-1.xml,Fail_MappedNone,header.implementationSpecification.version[implementationSpecificationVersionScheme=http://www.dtcc.com],header.implementationSpecification.version[implementationSpecificationVersionScheme=http://www.dtcc.com],0,,Element with value CA3.0CD3.0 could not be mapped to a rosettaField
cdm-sample-files/cftc-event-scenarios/Example-12-Submission-1.xml,Fail_MappedNone,trade.tradeHeader.partyTradeInformation(2).reportingRegime(1).entityClassification[entityClassificationScheme=http://www.fpml.org/coding-scheme/esma-entity-classification].entityClassificationScheme,trade.tradeHeader.partyTradeInformation.reportingRegime.entityClassification[entityClassificationScheme=http://www.fpml.org/coding-scheme/esma-entity-classification].entityClassificationScheme,0,,Element with value http://www.fpml.org/coding-scheme/esma-entity-classification could not be mapped to a rosettaField
cdm-sample-files/cftc-event-scenarios/Example-12-Submission-1.xml,Fail_MappedNone,quote(0).quoteUnits,quote.quoteUnits,0,,Element with value Percentage could not be mapped to a rosettaField
cdm-sample-files/cftc-event-scenarios/Example-12-Submission-1.xml,Fail_MappedNone,trade.tradeHeader.partyTradeInformation(1).reportingRegime(2).reportingPurpose,trade.tradeHeader.partyTradeInformation.reportingRegime.reportingPurpose,0,,Element with value PrimaryEconomicTerms could not be mapped to a rosettaField
cdm-sample-files/cftc-event-scenarios/Example-12-Submission-1.xml,Fail_MappedNone,trade.tradeHeader.partyTradeInformation(1).reportingRegime(5).name,trade.tradeHeader.partyTradeInformation.reportingRegime.name,0,,Element with value HKTR could not be mapped to a rosettaField
cdm-sample-files/cftc-event-scenarios/Example-12-Submission-1.xml,Fail_MappedNone,trade.tradeHeader.partyTradeInformation(2).reportingRegime(1).exceedsClearingThreshold,trade.tradeHeader.partyTradeInformation.reportingRegime.exceedsClearingThreshold,0,,Element with value true could not be mapped to a rosettaField
cdm-sample-files/cftc-event-scenarios/Example-12-Submission-1.xml,Fail_MappedNone,trade.tradeHeader.partyTradeInformation(2).reportingRegime(3).supervisorRegistration.supervisoryBody,trade.tradeHeader.partyTradeInformation.reportingRegime.supervisorRegistration.supervisoryBody,0,,Element with value CA.AB.ASC could not be mapped to a rosettaField
cdm-sample-files/cftc-event-scenarios/Example-12-Submission-1.xml,Fail_MappedNone,trade.tradeHeader.partyTradeInformation(1).reportingRegime(1).mandatorilyClearable,trade.tradeHeader.partyTradeInformation.reportingRegime.mandatorilyClearable,0,,Element with value false could not be mapped to a rosettaField
cdm-sample-files/cftc-event-scenarios/Example-12-Submission-1.xml,Fail_MappedNone,party(1)[id=partyA].classification(2)[industryClassificationScheme=http://www.fpml.org/coding-scheme/esma-emir-refit-regulatory-corporate-sector],party[id=partyA].classification[industryClassificationScheme=http://www.fpml.org/coding-scheme/esma-emir-refit-regulatory-corporate-sector],0,,Element with value AIFD could not be mapped to a rosettaField
cdm-sample-files/cftc-event-scenarios/Example-12-Submission-1.xml,Fail_MappedMultiple,trade.creditDefaultSwap.protectionTerms.calculationAmount[id=Notional].id,trade.creditDefaultSwap.protectionTerms.calculationAmount[id=Notional].id,2,ReportableEvent.originatingWorkflowStep.proposedEvent.instruction(0).before.value.trade.product.economicTerms.payout(0).CreditDefaultPayout.priceQuantity.meta.externalKey=[Notional] ReportableEvent.originatingWorkflowStep.proposedEvent.instruction(0).before.value.trade.product.economicTerms.payout(1).InterestRatePayout.priceQuantity.meta.externalKey=[Notional],Element mapped to multiple rosettaFields
cdm-sample-files/cftc-event-scenarios/Example-12-Submission-1.xml,Fail_MappedNone,trade.tradeHeader.partyTradeInformation(2).reportingRegime(4).reportingRole,trade.tradeHeader.partyTradeInformation.reportingRegime.reportingRole,0,,Element with value ReportingParty could not be mapped to a rosettaField
cdm-sample-files/cftc-event-scenarios/Example-12-Submission-1.xml,Fail_MappedMultiple,party(0)[id=MarkitSERV].partyId[partyIdScheme=http://www.fpml.org/coding-scheme/external/iso17442].partyIdScheme,party[id=MarkitSERV].partyId[partyIdScheme=http://www.fpml.org/coding-scheme/external/iso17442].partyIdScheme,2,"ReportableEvent.originatingWorkflowStep.proposedEvent.instruction(0).before.value.trade.party(0).partyId(0).identifierType=[LEI]
ReportableEvent.originatingWorkflowStep.proposedEvent.instruction(0).before.value.trade.party(0).partyId(0).identifier.meta.scheme=[http://www.dtcc.com/free-format-text, http://www.fpml.org/coding-scheme/external/iso17442, http://www.fpml.org/ext/iso9362]",Element mapped to multiple rosettaFields
cdm-sample-files/cftc-event-scenarios/Example-12-Submission-1.xml,Fail_MappedNone,trade.tradeHeader.partyTradeInformation(1).reportingRegime(4).entityClassification[entityClassificationScheme=http://www.fpml.org/coding-scheme/cftc-entity-classification].entityClassificationScheme,trade.tradeHeader.partyTradeInformation.reportingRegime.entityClassification[entityClassificationScheme=http://www.fpml.org/coding-scheme/cftc-entity-classification].entityClassificationScheme,0,,Element with value http://www.fpml.org/coding-scheme/cftc-entity-classification could not be mapped to a rosettaField
cdm-sample-files/cftc-event-scenarios/Example-12-Submission-1.xml,Fail_MappedNone,trade.tradeHeader.partyTradeInformation(1).reportingRegime(4).entityClassification[entityClassificationScheme=http://www.fpml.org/coding-scheme/cftc-entity-classification],trade.tradeHeader.partyTradeInformation.reportingRegime.entityClassification[entityClassificationScheme=http://www.fpml.org/coding-scheme/cftc-entity-classification],0,,Element with value SBSD could not be mapped to a rosettaField
cdm-sample-files/cftc-event-scenarios/Example-12-Submission-1.xml,Fail_MappedNone,trade.tradeHeader.partyTradeInformation(2).reportingRegime(1).mandatorilyClearable,trade.tradeHeader.partyTradeInformation.reportingRegime.mandatorilyClearable,0,,Element with value false could not be mapped to a rosettaField
cdm-sample-files/cftc-event-scenarios/Example-12-Submission-1.xml,Fail_MappedNone,party(2)[id=partyB].classification(1)[industryClassificationScheme=http://www.fpml.org/coding-scheme/hkma-rewrite-regulatory-corporate-sector],party[id=partyB].classification[industryClassificationScheme=http://www.fpml.org/coding-scheme/hkma-rewrite-regulatory-corporate-sector],0,,Element with value UCIT could not be mapped to a rosettaField
cdm-sample-files/cftc-event-scenarios/Example-12-Submission-1.xml,Fail_MappedMultiple,party(1)[id=partyA].partyId[partyIdScheme=http://www.fpml.org/coding-scheme/external/iso17442].partyIdScheme,party[id=partyA].partyId[partyIdScheme=http://www.fpml.org/coding-scheme/external/iso17442].partyIdScheme,2,"ReportableEvent.originatingWorkflowStep.proposedEvent.instruction(0).before.value.trade.party(1).partyId(0).identifier.meta.scheme=[http://www.dtcc.com/free-format-text, http://www.fpml.org/coding-scheme/external/iso17442, http://www.fpml.org/ext/iso9362]
ReportableEvent.originatingWorkflowStep.proposedEvent.instruction(0).before.value.trade.party(1).partyId(0).identifierType=[LEI]",Element mapped to multiple rosettaFields
cdm-sample-files/cftc-event-scenarios/Example-12-Submission-1.xml,Fail_MappedNone,trade.tradeHeader.partyTradeInformation(1).reportingRegime(2).reportingRole,trade.tradeHeader.partyTradeInformation.reportingRegime.reportingRole,0,,Element with value ReportingParty could not be mapped to a rosettaField
cdm-sample-files/cftc-event-scenarios/Example-12-Submission-1.xml,Fail_MappedNone,trade.tradeHeader.partyTradeInformation(1).reportingRegime(1).supervisorRegistration.supervisoryBody,trade.tradeHeader.partyTradeInformation.reportingRegime.supervisorRegistration.supervisoryBody,0,,Element with value ESMA could not be mapped to a rosettaField
cdm-sample-files/cftc-event-scenarios/Example-12-Submission-1.xml,Fail_MappedNone,trade.tradeHeader.partyTradeInformation(1).reportingRegime(1).reportingPurpose,trade.tradeHeader.partyTradeInformation.reportingRegime.reportingPurpose,0,,Element with value PrimaryEconomicTerms could not be mapped to a rosettaField
cdm-sample-files/cftc-event-scenarios/Example-12-Submission-1.xml,Fail_MappedNone,trade.tradeHeader.partyTradeInformation(2).reportingRegime(0).exceedsClearingThreshold,trade.tradeHeader.partyTradeInformation.reportingRegime.exceedsClearingThreshold,0,,Element with value true could not be mapped to a rosettaField
cdm-sample-files/cftc-event-scenarios/Example-12-Submission-1.xml,Fail_MappedNone,trade.tradeHeader.partyTradeInformation(1).reportingRegime(0).mandatorilyClearable,trade.tradeHeader.partyTradeInformation.reportingRegime.mandatorilyClearable,0,,Element with value false could not be mapped to a rosettaField
cdm-sample-files/cftc-event-scenarios/Example-12-Submission-1.xml,Fail_MappedNone,party(2)[id=partyB].classification(0)[industryClassificationScheme=http://www.dtcc.org/coding-scheme/external/cftc-industrial-classification].industryClassificationScheme,party[id=partyB].classification[industryClassificationScheme=http://www.dtcc.org/coding-scheme/external/cftc-industrial-classification].industryClassificationScheme,0,,Element with value http://www.dtcc.org/coding-scheme/external/cftc-industrial-classification could not be mapped to a rosettaField
cdm-sample-files/cftc-event-scenarios/Example-12-Submission-1.xml,Fail_MappedNone,trade.tradeHeader.partyTradeInformation(2).reportingRegime(0).entityClassification[entityClassificationScheme=http://www.fpml.org/coding-scheme/esma-entity-classification].entityClassificationScheme,trade.tradeHeader.partyTradeInformation.reportingRegime.entityClassification[entityClassificationScheme=http://www.fpml.org/coding-scheme/esma-entity-classification].entityClassificationScheme,0,,Element with value http://www.fpml.org/coding-scheme/esma-entity-classification could not be mapped to a rosettaField
cdm-sample-files/cftc-event-scenarios/Example-12-Submission-1.xml,Fail_MappedNone,party(2)[id=partyB].classification(2)[industryClassificationScheme=http://www.fpml.org/coding-scheme/esma-emir-refit-regulatory-corporate-sector],party[id=partyB].classification[industryClassificationScheme=http://www.fpml.org/coding-scheme/esma-emir-refit-regulatory-corporate-sector],0,,Element with value UCIT could not be mapped to a rosettaField
cdm-sample-files/cftc-event-scenarios/Example-12-Submission-1.xml,Fail_MappedNone,party(1)[id=partyA].classification(0)[industryClassificationScheme=http://www.dtcc.org/coding-scheme/external/cftc-industrial-classification],party[id=partyA].classification[industryClassificationScheme=http://www.dtcc.org/coding-scheme/external/cftc-industrial-classification],0,,Element with value Financial could not be mapped to a rosettaField
cdm-sample-files/cftc-event-scenarios/Example-12-Submission-1.xml,Fail_MappedNone,trade.tradeHeader.partyTradeInformation(2).reportingRegime(3).reportingRole,trade.tradeHeader.partyTradeInformation.reportingRegime.reportingRole,0,,Element with value ReportingParty could not be mapped to a rosettaField
cdm-sample-files/cftc-event-scenarios/Example-12-Submission-2.xml,Fail_MappedNone,trade.tradeHeader.partyTradeInformation(0).reportingRegime(2).supervisorRegistration.supervisoryBody,trade.tradeHeader.partyTradeInformation.reportingRegime.supervisorRegistration.supervisoryBody,0,,Element with value FCA could not be mapped to a rosettaField
cdm-sample-files/cftc-event-scenarios/Example-12-Submission-2.xml,Fail_MappedNone,trade.tradeHeader.partyTradeInformation(1).reportingRegime(1).entityClassification[entityClassificationScheme=http://www.fpml.org/coding-scheme/esma-entity-classification],trade.tradeHeader.partyTradeInformation.reportingRegime.entityClassification[entityClassificationScheme=http://www.fpml.org/coding-scheme/esma-entity-classification],0,,Element with value Financial could not be mapped to a rosettaField
cdm-sample-files/cftc-event-scenarios/Example-12-Submission-2.xml,Fail_MappedNone,correlationId[correlationIdScheme=http://www.credit-suisse.com/msg_id].correlationIdScheme,correlationId[correlationIdScheme=http://www.credit-suisse.com/msg_id].correlationIdScheme,0,,Element with value http://www.credit-suisse.com/msg_id could not be mapped to a rosettaField
cdm-sample-files/cftc-event-scenarios/Example-12-Submission-2.xml,Fail_MappedNone,trade.tradeHeader.partyTradeInformation(0).category(1)[categoryScheme=http://www.dtcc.com/compressed_trade].categoryScheme,trade.tradeHeader.partyTradeInformation.category[categoryScheme=http://www.dtcc.com/compressed_trade].categoryScheme,0,,Element with value http://www.dtcc.com/compressed_trade could not be mapped to a rosettaField
cdm-sample-files/cftc-event-scenarios/Example-12-Submission-2.xml,Fail_MappedNone,header.implementationSpecification.version[implementationSpecificationVersionScheme=http://www.dtcc.com].implementationSpecificationVersionScheme,header.implementationSpecification.version[implementationSpecificationVersionScheme=http://www.dtcc.com].implementationSpecificationVersionScheme,0,,Element with value http://www.dtcc.com could not be mapped to a rosettaField
cdm-sample-files/cftc-event-scenarios/Example-12-Submission-2.xml,Fail_MappedNone,trade.tradeHeader.partyTradeInformation(0).reportingRegime(1).name,trade.tradeHeader.partyTradeInformation.reportingRegime.name,0,,Element with value EMIR could not be mapped to a rosettaField
cdm-sample-files/cftc-event-scenarios/Example-12-Submission-2.xml,Fail_MappedNone,trade.tradeHeader.partyTradeInformation(1).reportingRegime(0).reportingPurpose,trade.tradeHeader.partyTradeInformation.reportingRegime.reportingPurpose,0,,Element with value PrimaryEconomicTerms could not be mapped to a rosettaField
cdm-sample-files/cftc-event-scenarios/Example-12-Submission-2.xml,Fail_MappedNone,trade.tradeHeader.partyTradeInformation(0).reportingRegime(1).mandatorilyClearable,trade.tradeHeader.partyTradeInformation.reportingRegime.mandatorilyClearable,0,,Element with value false could not be mapped to a rosettaField
cdm-sample-files/cftc-event-scenarios/Example-12-Submission-2.xml,Fail_MappedNone,trade.tradeHeader.partyTradeInformation(0).reportingRegime(2).entityClassification[entityClassificationScheme=http://www.fpml.org/coding-scheme/esma-entity-classification].entityClassificationScheme,trade.tradeHeader.partyTradeInformation.reportingRegime.entityClassification[entityClassificationScheme=http://www.fpml.org/coding-scheme/esma-entity-classification].entityClassificationScheme,0,,Element with value http://www.fpml.org/coding-scheme/esma-entity-classification could not be mapped to a rosettaField
cdm-sample-files/cftc-event-scenarios/Example-12-Submission-2.xml,Fail_MappedNone,trade.tradeHeader.partyTradeInformation(1).reportingRegime(1).reportingRole,trade.tradeHeader.partyTradeInformation.reportingRegime.reportingRole,0,,Element with value ReportingParty could not be mapped to a rosettaField
cdm-sample-files/cftc-event-scenarios/Example-12-Submission-2.xml,Fail_MappedNone,trade.tradeHeader.partyTradeInformation(0).reportingRegime(5).mandatorilyClearable,trade.tradeHeader.partyTradeInformation.reportingRegime.mandatorilyClearable,0,,Element with value false could not be mapped to a rosettaField
cdm-sample-files/cftc-event-scenarios/Example-12-Submission-2.xml,Fail_MappedNone,trade.collateral.independentAmount.payerPartyReference[href=PARTY1].href,trade.collateral.independentAmount.payerPartyReference[href=PARTY1].href,0,,Element with value PARTY1 could not be mapped to a rosettaField
cdm-sample-files/cftc-event-scenarios/Example-12-Submission-2.xml,Fail_MappedNone,trade.tradeHeader.partyTradeInformation(0).reportingRegime(5).supervisorRegistration.supervisoryBody,trade.tradeHeader.partyTradeInformation.reportingRegime.supervisorRegistration.supervisoryBody,0,,Element with value HKMA could not be mapped to a rosettaField
cdm-sample-files/cftc-event-scenarios/Example-12-Submission-2.xml,Fail_MappedNone,trade.tradeHeader.partyTradeInformation(1).reportingRegime(1).entityClassification[entityClassificationScheme=http://www.fpml.org/coding-scheme/esma-entity-classification].entityClassificationScheme,trade.tradeHeader.partyTradeInformation.reportingRegime.entityClassification[entityClassificationScheme=http://www.fpml.org/coding-scheme/esma-entity-classification].entityClassificationScheme,0,,Element with value http://www.fpml.org/coding-scheme/esma-entity-classification could not be mapped to a rosettaField
cdm-sample-files/cftc-event-scenarios/Example-12-Submission-2.xml,Fail_MappedNone,trade.tradeHeader.partyTradeInformation(1).reportingRegime(3).name,trade.tradeHeader.partyTradeInformation.reportingRegime.name,0,,Element with value CSA could not be mapped to a rosettaField
cdm-sample-files/cftc-event-scenarios/Example-12-Submission-2.xml,Fail_MappedNone,trade.tradeHeader.partyTradeInformation(0).reportingRegime(4).entityClassification[entityClassificationScheme=http://www.fpml.org/coding-scheme/cftc-entity-classification],trade.tradeHeader.partyTradeInformation.reportingRegime.entityClassification[entityClassificationScheme=http://www.fpml.org/coding-scheme/cftc-entity-classification],0,,Element with value SBSD could not be mapped to a rosettaField
cdm-sample-files/cftc-event-scenarios/Example-12-Submission-2.xml,Fail_MappedNone,header.sentBy[messageAddressScheme=http://www.fpml.org/coding-scheme/external/iso17442].messageAddressScheme,header.sentBy[messageAddressScheme=http://www.fpml.org/coding-scheme/external/iso17442].messageAddressScheme,0,,Element with value http://www.fpml.org/coding-scheme/external/iso17442 could not be mapped to a rosettaField
cdm-sample-files/cftc-event-scenarios/Example-12-Submission-2.xml,Fail_MappedNone,tradingEvent.eventType,tradingEvent.eventType,0,,Element with value Trade could not be mapped to a rosettaField
cdm-sample-files/cftc-event-scenarios/Example-12-Submission-2.xml,Fail_MappedNone,trade.tradeHeader.partyTradeInformation(1).reportingRegime(3).mandatorilyClearable,trade.tradeHeader.partyTradeInformation.reportingRegime.mandatorilyClearable,0,,Element with value false could not be mapped to a rosettaField
cdm-sample-files/cftc-event-scenarios/Example-12-Submission-2.xml,Fail_MappedNone,party(0)[id=PARTY1].classification(2)[industryClassificationScheme=http://www.fpml.org/coding-scheme/esma-emir-refit-regulatory-corporate-sector].industryClassificationScheme,party[id=PARTY1].classification[industryClassificationScheme=http://www.fpml.org/coding-scheme/esma-emir-refit-regulatory-corporate-sector].industryClassificationScheme,0,,Element with value http://www.fpml.org/coding-scheme/esma-emir-refit-regulatory-corporate-sector could not be mapped to a rosettaField
cdm-sample-files/cftc-event-scenarios/Example-12-Submission-2.xml,Fail_MappedNone,trade.tradeHeader.partyTradeInformation(0).reportingRegime(3).reportingRole,trade.tradeHeader.partyTradeInformation.reportingRegime.reportingRole,0,,Element with value ReportingParty could not be mapped to a rosettaField
cdm-sample-files/cftc-event-scenarios/Example-12-Submission-2.xml,Fail_MappedNone,trade.tradeHeader.partyTradeInformation(0).reportingRegime(4).entityClassification[entityClassificationScheme=http://www.fpml.org/coding-scheme/cftc-entity-classification].entityClassificationScheme,trade.tradeHeader.partyTradeInformation.reportingRegime.entityClassification[entityClassificationScheme=http://www.fpml.org/coding-scheme/cftc-entity-classification].entityClassificationScheme,0,,Element with value http://www.fpml.org/coding-scheme/cftc-entity-classification could not be mapped to a rosettaField
cdm-sample-files/cftc-event-scenarios/Example-12-Submission-2.xml,Fail_MappedNone,trade.tradeHeader.partyTradeInformation(0).reportingRegime(4).supervisorRegistration.supervisoryBody,trade.tradeHeader.partyTradeInformation.reportingRegime.supervisorRegistration.supervisoryBody,0,,Element with value CA.AB.ASC could not be mapped to a rosettaField
cdm-sample-files/cftc-event-scenarios/Example-12-Submission-2.xml,Fail_MappedNone,trade.tradeHeader.partyTradeInformation(0).category(1)[categoryScheme=http://www.dtcc.com/compressed_trade],trade.tradeHeader.partyTradeInformation.category[categoryScheme=http://www.dtcc.com/compressed_trade],0,,Element with value false could not be mapped to a rosettaField
cdm-sample-files/cftc-event-scenarios/Example-12-Submission-2.xml,Fail_MappedNone,trade.tradeHeader.partyTradeInformation(1).reportingRegime(1).exceedsClearingThreshold,trade.tradeHeader.partyTradeInformation.reportingRegime.exceedsClearingThreshold,0,,Element with value true could not be mapped to a rosettaField
cdm-sample-files/cftc-event-scenarios/Example-12-Submission-2.xml,Fail_MappedNone,trade.tradeHeader.partyTradeInformation(1).reportingRegime(0).supervisorRegistration.supervisoryBody,trade.tradeHeader.partyTradeInformation.reportingRegime.supervisorRegistration.supervisoryBody,0,,Element with value ESMA could not be mapped to a rosettaField
cdm-sample-files/cftc-event-scenarios/Example-12-Submission-2.xml,Fail_MappedNone,trade.tradeHeader.partyTradeInformation(1).reportingRegime(0).entityClassification[entityClassificationScheme=http://www.fpml.org/coding-scheme/esma-entity-classification].entityClassificationScheme,trade.tradeHeader.partyTradeInformation.reportingRegime.entityClassification[entityClassificationScheme=http://www.fpml.org/coding-scheme/esma-entity-classification].entityClassificationScheme,0,,Element with value http://www.fpml.org/coding-scheme/esma-entity-classification could not be mapped to a rosettaField
cdm-sample-files/cftc-event-scenarios/Example-12-Submission-2.xml,Fail_MappedNone,tradingEvent.executionDateTime,tradingEvent.executionDateTime,0,,Element with value 2022-02-11T07:32:19Z could not be mapped to a rosettaField
cdm-sample-files/cftc-event-scenarios/Example-12-Submission-2.xml,Fail_MappedNone,trade.tradeHeader.partyTradeInformation(0).reportingRegime(2).name,trade.tradeHeader.partyTradeInformation.reportingRegime.name,0,,Element with value UKEMIR could not be mapped to a rosettaField
cdm-sample-files/cftc-event-scenarios/Example-12-Submission-2.xml,Fail_MappedNone,trade.tradeHeader.partyTradeInformation(0).clearingStatus,trade.tradeHeader.partyTradeInformation.clearingStatus,0,,Element with value false could not be mapped to a rosettaField
cdm-sample-files/cftc-event-scenarios/Example-12-Submission-2.xml,Fail_MappedNone,trade.tradeHeader.partyTradeInformation(0).category(0)[categoryScheme=http://www.dtcc.com/intragroup].categoryScheme,trade.tradeHeader.partyTradeInformation.category[categoryScheme=http://www.dtcc.com/intragroup].categoryScheme,0,,Element with value http://www.dtcc.com/intragroup could not be mapped to a rosettaField
cdm-sample-files/cftc-event-scenarios/Example-12-Submission-2.xml,Fail_MappedNone,trade.tradeHeader.partyTradeInformation(0).reportingRegime(2).reportingPurpose,trade.tradeHeader.partyTradeInformation.reportingRegime.reportingPurpose,0,,Element with value PrimaryEconomicTerms could not be mapped to a rosettaField
cdm-sample-files/cftc-event-scenarios/Example-12-Submission-2.xml,Fail_MappedNone,tradingEvent.agreementDate,tradingEvent.agreementDate,0,,Element with value 2022-02-11 could not be mapped to a rosettaField
cdm-sample-files/cftc-event-scenarios/Example-12-Submission-2.xml,Fail_MappedNone,trade.tradeHeader.partyTradeInformation(0).executionVenueType,trade.tradeHeader.partyTradeInformation.executionVenueType,0,,Element with value OffFacility could not be mapped to a rosettaField
cdm-sample-files/cftc-event-scenarios/Example-12-Submission-2.xml,Fail_MappedNone,trade.tradeHeader.partyTradeInformation(1).reportingRegime(3).supervisorRegistration.supervisoryBody,trade.tradeHeader.partyTradeInformation.reportingRegime.supervisorRegistration.supervisoryBody,0,,Element with value CA.AB.ASC could not be mapped to a rosettaField
cdm-sample-files/cftc-event-scenarios/Example-12-Submission-2.xml,Fail_MappedNone,trade.tradeHeader.partyTradeInformation(1).reportingRegime(0).reportingRole,trade.tradeHeader.partyTradeInformation.reportingRegime.reportingRole,0,,Element with value ReportingParty could not be mapped to a rosettaField
cdm-sample-files/cftc-event-scenarios/Example-12-Submission-2.xml,Fail_MappedNone,trade.tradeHeader.partyTradeInformation(0).reportingRegime(0).mandatorilyClearable,trade.tradeHeader.partyTradeInformation.reportingRegime.mandatorilyClearable,0,,Element with value false could not be mapped to a rosettaField
cdm-sample-files/cftc-event-scenarios/Example-12-Submission-2.xml,Fail_MappedNone,party(1)[id=PARTY2].classification(1)[industryClassificationScheme=http://www.fpml.org/coding-scheme/hkma-rewrite-regulatory-corporate-sector].industryClassificationScheme,party[id=PARTY2].classification[industryClassificationScheme=http://www.fpml.org/coding-scheme/hkma-rewrite-regulatory-corporate-sector].industryClassificationScheme,0,,Element with value http://www.fpml.org/coding-scheme/hkma-rewrite-regulatory-corporate-sector could not be mapped to a rosettaField
cdm-sample-files/cftc-event-scenarios/Example-12-Submission-2.xml,Fail_MappedNone,asOfDate,asOfDate,0,,Element with value 2022-02-11 could not be mapped to a rosettaField
cdm-sample-files/cftc-event-scenarios/Example-12-Submission-2.xml,Fail_MappedNone,party(0)[id=PARTY1].classification(1)[industryClassificationScheme=http://www.fpml.org/coding-scheme/hkma-rewrite-regulatory-corporate-sector],party[id=PARTY1].classification[industryClassificationScheme=http://www.fpml.org/coding-scheme/hkma-rewrite-regulatory-corporate-sector],0,,Element with value UCIT could not be mapped to a rosettaField
cdm-sample-files/cftc-event-scenarios/Example-12-Submission-2.xml,Fail_MappedNone,trade.tradeHeader.partyTradeInformation(1).reportingRegime(4).reportingRole,trade.tradeHeader.partyTradeInformation.reportingRegime.reportingRole,0,,Element with value ReportingParty could not be mapped to a rosettaField
cdm-sample-files/cftc-event-scenarios/Example-12-Submission-2.xml,Fail_MappedNone,trade.tradeHeader.partyTradeInformation(0).reportingRegime(4).mandatorilyClearable,trade.tradeHeader.partyTradeInformation.reportingRegime.mandatorilyClearable,0,,Element with value false could not be mapped to a rosettaField
cdm-sample-files/cftc-event-scenarios/Example-12-Submission-2.xml,Fail_MappedNone,trade.tradeHeader.partyTradeInformation(0).reportingRegime(1).supervisorRegistration.supervisoryBody,trade.tradeHeader.partyTradeInformation.reportingRegime.supervisorRegistration.supervisoryBody,0,,Element with value ESMA could not be mapped to a rosettaField
cdm-sample-files/cftc-event-scenarios/Example-12-Submission-2.xml,Fail_MappedNone,trade.tradeHeader.partyTradeInformation(0).collateralizationType,trade.tradeHeader.partyTradeInformation.collateralizationType,0,,Element with value Fully could not be mapped to a rosettaField
cdm-sample-files/cftc-event-scenarios/Example-12-Submission-2.xml,Fail_MappedNone,quote(1).quoteUnits,quote.quoteUnits,0,,Element with value Percentage could not be mapped to a rosettaField
cdm-sample-files/cftc-event-scenarios/Example-12-Submission-2.xml,Fail_MappedNone,trade.tradeHeader.partyTradeInformation(0).category(0)[categoryScheme=http://www.dtcc.com/intragroup],trade.tradeHeader.partyTradeInformation.category[categoryScheme=http://www.dtcc.com/intragroup],0,,Element with value false could not be mapped to a rosettaField
cdm-sample-files/cftc-event-scenarios/Example-12-Submission-2.xml,Fail_MappedNone,party(0)[id=PARTY1].organizationType,party[id=PARTY1].organizationType,0,,Element with value SD could not be mapped to a rosettaField
cdm-sample-files/cftc-event-scenarios/Example-12-Submission-2.xml,Fail_MappedNone,trade.tradeHeader.partyTradeInformation(0).reportingRegime(1).entityClassification[entityClassificationScheme=http://www.fpml.org/coding-scheme/esma-entity-classification],trade.tradeHeader.partyTradeInformation.reportingRegime.entityClassification[entityClassificationScheme=http://www.fpml.org/coding-scheme/esma-entity-classification],0,,Element with value Financial could not be mapped to a rosettaField
cdm-sample-files/cftc-event-scenarios/Example-12-Submission-2.xml,Fail_MappedNone,trade.tradeHeader.partyTradeInformation(1).reportingRegime(0).name,trade.tradeHeader.partyTradeInformation.reportingRegime.name,0,,Element with value EMIR could not be mapped to a rosettaField
cdm-sample-files/cftc-event-scenarios/Example-12-Submission-2.xml,Fail_MappedNone,trade.tradeHeader.partyTradeInformation(1).reportingRegime(3).entityClassification[entityClassificationScheme=http://www.fpml.org/coding-scheme/cftc-entity-classification].entityClassificationScheme,trade.tradeHeader.partyTradeInformation.reportingRegime.entityClassification[entityClassificationScheme=http://www.fpml.org/coding-scheme/cftc-entity-classification].entityClassificationScheme,0,,Element with value http://www.fpml.org/coding-scheme/cftc-entity-classification could not be mapped to a rosettaField
cdm-sample-files/cftc-event-scenarios/Example-12-Submission-2.xml,Fail_MappedNone,trade.tradeHeader.partyTradeInformation(0).reportingRegime(5).entityClassification,trade.tradeHeader.partyTradeInformation.reportingRegime.entityClassification,0,,Element with value Financial could not be mapped to a rosettaField
cdm-sample-files/cftc-event-scenarios/Example-12-Submission-2.xml,Fail_MappedNone,trade.tradeHeader.partyTradeInformation(1).reportingRegime(4).name,trade.tradeHeader.partyTradeInformation.reportingRegime.name,0,,Element with value HKTR could not be mapped to a rosettaField
cdm-sample-files/cftc-event-scenarios/Example-12-Submission-2.xml,Fail_MappedNone,party(0)[id=PARTY1].classification(2)[industryClassificationScheme=http://www.fpml.org/coding-scheme/esma-emir-refit-regulatory-corporate-sector],party[id=PARTY1].classification[industryClassificationScheme=http://www.fpml.org/coding-scheme/esma-emir-refit-regulatory-corporate-sector],0,,Element with value UCIT could not be mapped to a rosettaField
cdm-sample-files/cftc-event-scenarios/Example-12-Submission-2.xml,Fail_MappedNone,trade.tradeHeader.partyTradeInformation(0).reportingRegime(2).reportingRole,trade.tradeHeader.partyTradeInformation.reportingRegime.reportingRole,0,,Element with value ReportingParty could not be mapped to a rosettaField
cdm-sample-files/cftc-event-scenarios/Example-12-Submission-2.xml,Fail_MappedNone,quote(0).time,quote.time,0,,Element with value 2018-04-01T15:01:30Z could not be mapped to a rosettaField
cdm-sample-files/cftc-event-scenarios/Example-12-Submission-2.xml,Fail_MappedNone,trade.tradeHeader.partyTradeInformation(1).reportingRegime(3).entityClassification[entityClassificationScheme=http://www.fpml.org/coding-scheme/cftc-entity-classification],trade.tradeHeader.partyTradeInformation.reportingRegime.entityClassification[entityClassificationScheme=http://www.fpml.org/coding-scheme/cftc-entity-classification],0,,Element with value SBSD could not be mapped to a rosettaField
cdm-sample-files/cftc-event-scenarios/Example-12-Submission-2.xml,Fail_MappedNone,trade.tradeHeader.partyTradeInformation(1).reportingRegime(0).exceedsClearingThreshold,trade.tradeHeader.partyTradeInformation.reportingRegime.exceedsClearingThreshold,0,,Element with value true could not be mapped to a rosettaField
cdm-sample-files/cftc-event-scenarios/Example-12-Submission-2.xml,Fail_MappedNone,trade.tradeHeader.partyTradeInformation(1).reportingRegime(2).supervisorRegistration.supervisoryBody,trade.tradeHeader.partyTradeInformation.reportingRegime.supervisorRegistration.supervisoryBody,0,,Element with value JFSA could not be mapped to a rosettaField
cdm-sample-files/cftc-event-scenarios/Example-12-Submission-2.xml,Fail_MappedNone,trade.tradeHeader.partyTradeInformation(0).reportingRegime(1).reportingPurpose,trade.tradeHeader.partyTradeInformation.reportingRegime.reportingPurpose,0,,Element with value PrimaryEconomicTerms could not be mapped to a rosettaField
cdm-sample-files/cftc-event-scenarios/Example-12-Submission-2.xml,Fail_MappedNone,trade.tradeHeader.partyTradeInformation(0).reportingRegime(3).name,trade.tradeHeader.partyTradeInformation.reportingRegime.name,0,,Element with value JFSA could not be mapped to a rosettaField
cdm-sample-files/cftc-event-scenarios/Example-12-Submission-2.xml,Fail_MappedNone,quote(1).value,quote.value,0,,Element with value 0.05 could not be mapped to a rosettaField
cdm-sample-files/cftc-event-scenarios/Example-12-Submission-2.xml,Fail_MappedNone,party(1)[id=PARTY2].classification(1)[industryClassificationScheme=http://www.fpml.org/coding-scheme/hkma-rewrite-regulatory-corporate-sector],party[id=PARTY2].classification[industryClassificationScheme=http://www.fpml.org/coding-scheme/hkma-rewrite-regulatory-corporate-sector],0,,Element with value AIFD could not be mapped to a rosettaField
cdm-sample-files/cftc-event-scenarios/Example-12-Submission-2.xml,Fail_MappedNone,trade.tradeHeader.partyTradeInformation(1).reportingRegime(3).reportingRole,trade.tradeHeader.partyTradeInformation.reportingRegime.reportingRole,0,,Element with value ReportingParty could not be mapped to a rosettaField
cdm-sample-files/cftc-event-scenarios/Example-12-Submission-2.xml,Fail_MappedNone,header.implementationSpecification.version[implementationSpecificationVersionScheme=http://www.dtcc.com],header.implementationSpecification.version[implementationSpecificationVersionScheme=http://www.dtcc.com],0,,Element with value CA3.0CD3.0 could not be mapped to a rosettaField
cdm-sample-files/cftc-event-scenarios/Example-12-Submission-2.xml,Fail_MappedNone,party(1)[id=PARTY2].classification(2)[industryClassificationScheme=http://www.fpml.org/coding-scheme/esma-emir-refit-regulatory-corporate-sector].industryClassificationScheme,party[id=PARTY2].classification[industryClassificationScheme=http://www.fpml.org/coding-scheme/esma-emir-refit-regulatory-corporate-sector].industryClassificationScheme,0,,Element with value http://www.fpml.org/coding-scheme/esma-emir-refit-regulatory-corporate-sector could not be mapped to a rosettaField
cdm-sample-files/cftc-event-scenarios/Example-12-Submission-2.xml,Fail_MappedNone,trade.collateral.independentAmount.receiverPartyReference[href=PARTY2].href,trade.collateral.independentAmount.receiverPartyReference[href=PARTY2].href,0,,Element with value PARTY2 could not be mapped to a rosettaField
cdm-sample-files/cftc-event-scenarios/Example-12-Submission-2.xml,Fail_MappedNone,party(1)[id=PARTY2].organizationType,party[id=PARTY2].organizationType,0,,Element with value SD could not be mapped to a rosettaField
cdm-sample-files/cftc-event-scenarios/Example-12-Submission-2.xml,Fail_MappedNone,trade.tradeHeader.partyTradeInformation(0).reportingRegime(2).exceedsClearingThreshold,trade.tradeHeader.partyTradeInformation.reportingRegime.exceedsClearingThreshold,0,,Element with value true could not be mapped to a rosettaField
cdm-sample-files/cftc-event-scenarios/Example-12-Submission-2.xml,Fail_MappedNone,trade.tradeHeader.partyTradeInformation(0).reportingRegime(2).entityClassification[entityClassificationScheme=http://www.fpml.org/coding-scheme/esma-entity-classification],trade.tradeHeader.partyTradeInformation.reportingRegime.entityClassification[entityClassificationScheme=http://www.fpml.org/coding-scheme/esma-entity-classification],0,,Element with value Financial could not be mapped to a rosettaField
cdm-sample-files/cftc-event-scenarios/Example-12-Submission-2.xml,Fail_MappedNone,trade.tradeHeader.partyTradeInformation(1).reportingRegime(1).name,trade.tradeHeader.partyTradeInformation.reportingRegime.name,0,,Element with value UKEMIR could not be mapped to a rosettaField
cdm-sample-files/cftc-event-scenarios/Example-12-Submission-2.xml,Fail_MappedNone,onBehalfOf.partyReference[href=PARTY2].href,onBehalfOf.partyReference[href=PARTY2].href,0,,Element with value PARTY2 could not be mapped to a rosettaField
cdm-sample-files/cftc-event-scenarios/Example-12-Submission-2.xml,Fail_MappedNone,trade.tradeHeader.partyTradeInformation(0).reportingRegime(5).reportingRole,trade.tradeHeader.partyTradeInformation.reportingRegime.reportingRole,0,,Element with value ReportingParty could not be mapped to a rosettaField
cdm-sample-files/cftc-event-scenarios/Example-12-Submission-2.xml,Fail_MappedNone,trade.tradeHeader.partyTradeInformation(1).reportingRegime(1).mandatorilyClearable,trade.tradeHeader.partyTradeInformation.reportingRegime.mandatorilyClearable,0,,Element with value false could not be mapped to a rosettaField
cdm-sample-files/cftc-event-scenarios/Example-12-Submission-2.xml,Fail_MappedNone,party(1)[id=PARTY2].classification(2)[industryClassificationScheme=http://www.fpml.org/coding-scheme/esma-emir-refit-regulatory-corporate-sector],party[id=PARTY2].classification[industryClassificationScheme=http://www.fpml.org/coding-scheme/esma-emir-refit-regulatory-corporate-sector],0,,Element with value AIFD could not be mapped to a rosettaField
cdm-sample-files/cftc-event-scenarios/Example-12-Submission-2.xml,Fail_MappedNone,trade.tradeHeader.partyTradeInformation(0).reportingRegime(1).entityClassification[entityClassificationScheme=http://www.fpml.org/coding-scheme/esma-entity-classification].entityClassificationScheme,trade.tradeHeader.partyTradeInformation.reportingRegime.entityClassification[entityClassificationScheme=http://www.fpml.org/coding-scheme/esma-entity-classification].entityClassificationScheme,0,,Element with value http://www.fpml.org/coding-scheme/esma-entity-classification could not be mapped to a rosettaField
cdm-sample-files/cftc-event-scenarios/Example-12-Submission-2.xml,Fail_MappedNone,party(0)[id=PARTY1].classification(0),party[id=PARTY1].classification,0,,Element with value FinancialEntity could not be mapped to a rosettaField
cdm-sample-files/cftc-event-scenarios/Example-12-Submission-2.xml,Fail_MappedMultiple,trade.creditDefaultSwap.protectionTerms.calculationAmount[id=calculationAmount].id,trade.creditDefaultSwap.protectionTerms.calculationAmount[id=calculationAmount].id,2,ReportableEvent.originatingWorkflowStep.proposedEvent.instruction(0).before.value.trade.product.economicTerms.payout(0).CreditDefaultPayout.priceQuantity.meta.externalKey=[calculationAmount] ReportableEvent.originatingWorkflowStep.proposedEvent.instruction(0).before.value.trade.product.economicTerms.payout(1).InterestRatePayout.priceQuantity.meta.externalKey=[calculationAmount],Element mapped to multiple rosettaFields
cdm-sample-files/cftc-event-scenarios/Example-12-Submission-2.xml,Fail_MappedMultiple,party(0)[id=PARTY1].partyId[partyIdScheme=http://www.fpml.org/coding-scheme/external/iso17442].partyIdScheme,party[id=PARTY1].partyId[partyIdScheme=http://www.fpml.org/coding-scheme/external/iso17442].partyIdScheme,2,ReportableEvent.originatingWorkflowStep.proposedEvent.instruction(0).before.value.trade.party(0).partyId(0).identifierType=[LEI] ReportableEvent.originatingWorkflowStep.proposedEvent.instruction(0).before.value.trade.party(0).partyId(0).identifier.meta.scheme=[http://www.fpml.org/coding-scheme/external/iso17442],Element mapped to multiple rosettaFields
cdm-sample-files/cftc-event-scenarios/Example-12-Submission-2.xml,Fail_MappedNone,trade.tradeHeader.partyTradeInformation(0).reportingRegime(1).reportingRole,trade.tradeHeader.partyTradeInformation.reportingRegime.reportingRole,0,,Element with value ReportingParty could not be mapped to a rosettaField
cdm-sample-files/cftc-event-scenarios/Example-12-Submission-2.xml,Fail_MappedNone,trade.tradeHeader.partyTradeInformation(0).verificationMethod,trade.tradeHeader.partyTradeInformation.verificationMethod,0,,Element with value Unverified could not be mapped to a rosettaField
cdm-sample-files/cftc-event-scenarios/Example-12-Submission-2.xml,Fail_MappedNone,asOfTime,asOfTime,0,,Element with value 07:32:32 could not be mapped to a rosettaField
cdm-sample-files/cftc-event-scenarios/Example-12-Submission-2.xml,Fail_MappedNone,trade.tradeHeader.partyTradeInformation(0).reportingRegime(0).name,trade.tradeHeader.partyTradeInformation.reportingRegime.name,0,,Element with value DoddFrankAct could not be mapped to a rosettaField
cdm-sample-files/cftc-event-scenarios/Example-12-Submission-2.xml,Fail_MappedNone,trade.tradeHeader.partyTradeInformation(1).reportingRegime(0).entityClassification[entityClassificationScheme=http://www.fpml.org/coding-scheme/esma-entity-classification],trade.tradeHeader.partyTradeInformation.reportingRegime.entityClassification[entityClassificationScheme=http://www.fpml.org/coding-scheme/esma-entity-classification],0,,Element with value Financial could not be mapped to a rosettaField
cdm-sample-files/cftc-event-scenarios/Example-12-Submission-2.xml,Fail_MappedNone,trade.tradeHeader.partyTradeInformation(0).reportingRegime(0).reportingPurpose,trade.tradeHeader.partyTradeInformation.reportingRegime.reportingPurpose,0,,Element with value Snapshot could not be mapped to a rosettaField
cdm-sample-files/cftc-event-scenarios/Example-12-Submission-2.xml,Fail_MappedNone,trade.tradeHeader.partyTradeInformation(0).reportingRegime(4).name,trade.tradeHeader.partyTradeInformation.reportingRegime.name,0,,Element with value CSA could not be mapped to a rosettaField
cdm-sample-files/cftc-event-scenarios/Example-12-Submission-2.xml,Fail_MappedNone,trade.tradeHeader.partyTradeInformation(1).reportingRegime(4).entityClassification,trade.tradeHeader.partyTradeInformation.reportingRegime.entityClassification,0,,Element with value Financial could not be mapped to a rosettaField
cdm-sample-files/cftc-event-scenarios/Example-12-Submission-2.xml,Fail_MappedNone,trade.tradeHeader.partyTradeInformation(0).largeSizeTrade,trade.tradeHeader.partyTradeInformation.largeSizeTrade,0,,Element with value false could not be mapped to a rosettaField
cdm-sample-files/cftc-event-scenarios/Example-12-Submission-2.xml,Fail_MappedNone,trade.tradeHeader.partyTradeInformation(0).reportingRegime(2).mandatorilyClearable,trade.tradeHeader.partyTradeInformation.reportingRegime.mandatorilyClearable,0,,Element with value false could not be mapped to a rosettaField
cdm-sample-files/cftc-event-scenarios/Example-12-Submission-2.xml,Fail_MappedMultiple,party(1)[id=PARTY2].partyId[partyIdScheme=http://www.fpml.org/coding-scheme/external/iso17442].partyIdScheme,party[id=PARTY2].partyId[partyIdScheme=http://www.fpml.org/coding-scheme/external/iso17442].partyIdScheme,2,ReportableEvent.originatingWorkflowStep.proposedEvent.instruction(0).before.value.trade.party(1).partyId(0).identifier.meta.scheme=[http://www.fpml.org/coding-scheme/external/iso17442] ReportableEvent.originatingWorkflowStep.proposedEvent.instruction(0).before.value.trade.party(1).partyId(0).identifierType=[LEI],Element mapped to multiple rosettaFields
cdm-sample-files/cftc-event-scenarios/Example-12-Submission-2.xml,Fail_MappedNone,trade.tradeHeader.partyTradeInformation(1).reportingRegime(2).reportingRole,trade.tradeHeader.partyTradeInformation.reportingRegime.reportingRole,0,,Element with value ReportingParty could not be mapped to a rosettaField
cdm-sample-files/cftc-event-scenarios/Example-12-Submission-2.xml,Fail_MappedNone,trade.tradeHeader.partyTradeInformation(0).reportingRegime(3).supervisorRegistration.supervisoryBody,trade.tradeHeader.partyTradeInformation.reportingRegime.supervisorRegistration.supervisoryBody,0,,Element with value JFSA could not be mapped to a rosettaField
cdm-sample-files/cftc-event-scenarios/Example-12-Submission-2.xml,Fail_MappedNone,trade.tradeHeader.partyTradeInformation(0).reportingRegime(1).exceedsClearingThreshold,trade.tradeHeader.partyTradeInformation.reportingRegime.exceedsClearingThreshold,0,,Element with value true could not be mapped to a rosettaField
cdm-sample-files/cftc-event-scenarios/Example-12-Submission-2.xml,Fail_MappedNone,trade.tradeHeader.partyTradeInformation(1).reportingRegime(1).supervisorRegistration.supervisoryBody,trade.tradeHeader.partyTradeInformation.reportingRegime.supervisorRegistration.supervisoryBody,0,,Element with value FCA could not be mapped to a rosettaField
cdm-sample-files/cftc-event-scenarios/Example-12-Submission-2.xml,Fail_MappedNone,trade.tradeHeader.partyTradeInformation(1).reportingRegime(2).name,trade.tradeHeader.partyTradeInformation.reportingRegime.name,0,,Element with value JFSA could not be mapped to a rosettaField
cdm-sample-files/cftc-event-scenarios/Example-12-Submission-2.xml,Fail_MappedNone,trade.tradeHeader.partyTradeInformation(1).reportingRegime(1).reportingPurpose,trade.tradeHeader.partyTradeInformation.reportingRegime.reportingPurpose,0,,Element with value PrimaryEconomicTerms could not be mapped to a rosettaField
cdm-sample-files/cftc-event-scenarios/Example-12-Submission-2.xml,Fail_MappedNone,correlationId[correlationIdScheme=http://www.credit-suisse.com/msg_id],correlationId[correlationIdScheme=http://www.credit-suisse.com/msg_id],0,,Element with value Trade could not be mapped to a rosettaField
cdm-sample-files/cftc-event-scenarios/Example-12-Submission-2.xml,Fail_MappedNone,trade.tradeHeader.partyTradeInformation(0).reportingRegime(5).name,trade.tradeHeader.partyTradeInformation.reportingRegime.name,0,,Element with value HKTR could not be mapped to a rosettaField
cdm-sample-files/cftc-event-scenarios/Example-12-Submission-2.xml,Fail_MappedNone,trade.tradeHeader.partyTradeInformation(1).reportingRegime(4).supervisorRegistration.supervisoryBody,trade.tradeHeader.partyTradeInformation.reportingRegime.supervisorRegistration.supervisoryBody,0,,Element with value HKMA could not be mapped to a rosettaField
cdm-sample-files/cftc-event-scenarios/Example-12-Submission-2.xml,Fail_MappedNone,trade.tradeHeader.partyTradeInformation(0).reportingRegime(4).reportingRole,trade.tradeHeader.partyTradeInformation.reportingRegime.reportingRole,0,,Element with value ReportingParty could not be mapped to a rosettaField
cdm-sample-files/cftc-event-scenarios/Example-12-Submission-2.xml,Fail_MappedNone,trade.tradeHeader.partyTradeInformation(1).reportingRegime(0).mandatorilyClearable,trade.tradeHeader.partyTradeInformation.reportingRegime.mandatorilyClearable,0,,Element with value false could not be mapped to a rosettaField
cdm-sample-files/cftc-event-scenarios/Example-12-Submission-2.xml,Fail_MappedNone,party(0)[id=PARTY1].classification(1)[industryClassificationScheme=http://www.fpml.org/coding-scheme/hkma-rewrite-regulatory-corporate-sector].industryClassificationScheme,party[id=PARTY1].classification[industryClassificationScheme=http://www.fpml.org/coding-scheme/hkma-rewrite-regulatory-corporate-sector].industryClassificationScheme,0,,Element with value http://www.fpml.org/coding-scheme/hkma-rewrite-regulatory-corporate-sector could not be mapped to a rosettaField
cdm-sample-files/cftc-event-scenarios/Example-12-Submission-2.xml,Fail_MappedNone,trade.tradeHeader.partyTradeInformation(0).reportingRegime(0).supervisorRegistration.supervisoryBody,trade.tradeHeader.partyTradeInformation.reportingRegime.supervisorRegistration.supervisoryBody,0,,Element with value CFTC could not be mapped to a rosettaField
cdm-sample-files/cftc-event-scenarios/Example-12-Submission-2.xml,Fail_MappedNone,party(1)[id=PARTY2].classification(0),party[id=PARTY2].classification,0,,Element with value FinancialEntity could not be mapped to a rosettaField
cdm-sample-files/cftc-event-scenarios/Example-12-Submission-2.xml,Fail_MappedNone,trade.tradeHeader.partyTradeInformation(1).reportingRegime(4).mandatorilyClearable,trade.tradeHeader.partyTradeInformation.reportingRegime.mandatorilyClearable,0,,Element with value false could not be mapped to a rosettaField
cdm-sample-files/cftc-event-scenarios/Example-12-Submission-2.xml,Fail_MappedNone,trade.tradeHeader.partyTradeInformation(0).reportingRegime(0).reportingRole,trade.tradeHeader.partyTradeInformation.reportingRegime.reportingRole,0,,Element with value ReportingParty could not be mapped to a rosettaField