File Name,Result,Input Path,Indexless Input Path,Unmappable CDM Path Count,Unmappable CDM Paths,Reason For Failure
cdm-sample-files/events/Clearing-cleared-alpha-Trade-03.xml,Fail_MappedNone,trade.tradeHeader.partyTradeInformation(0).reportingRegime(2).supervisorRegistration.supervisoryBody,trade.tradeHeader.partyTradeInformation.reportingRegime.supervisorRegistration.supervisoryBody,0,,Element with value ESMA could not be mapped to a rosettaField
cdm-sample-files/events/Clearing-cleared-alpha-Trade-03.xml,Fail_MappedMultiple,party(7)[id=broker1].partyId[partyIdScheme=http://www.fpml.org/coding-scheme/external/iso17442].partyIdScheme,party[id=broker1].partyId[partyIdScheme=http://www.fpml.org/coding-scheme/external/iso17442].partyIdScheme,2,ReportableEvent.originatingWorkflowStep.proposedEvent.instruction(0).before.value.trade.party(7).partyId(0).identifierType=[LEI] ReportableEvent.originatingWorkflowStep.proposedEvent.instruction(0).before.value.trade.party(7).partyId(0).identifier.meta.scheme=[http://www.fpml.org/coding-scheme/external/iso17442],Element mapped to multiple rosettaFields
cdm-sample-files/events/Clearing-cleared-alpha-Trade-03.xml,Fail_MappedNone,trade.tradeHeader.partyTradeIdentifier(1).resultingTradeId(1).tradeId[tradeIdScheme=http://www.fpml.org/coding-scheme/external/unique-transaction-identifier].tradeIdScheme,trade.tradeHeader.partyTradeIdentifier.resultingTradeId.tradeId[tradeIdScheme=http://www.fpml.org/coding-scheme/external/unique-transaction-identifier].tradeIdScheme,0,,Element with value http://www.fpml.org/coding-scheme/external/unique-transaction-identifier could not be mapped to a rosettaField
cdm-sample-files/events/Clearing-cleared-alpha-Trade-03.xml,Fail_MappedNone,trade.tradeHeader.productSummary.seniority,trade.tradeHeader.productSummary.seniority,0,,Element with value SeniorSec could not be mapped to a rosettaField
cdm-sample-files/events/Clearing-cleared-alpha-Trade-03.xml,Fail_MappedNone,trade.tradeHeader.partyTradeInformation(1).reportingRegime(1).entityClassification[entityClassificationScheme=http://www.fpml.org/coding-scheme/esma-entity-classification],trade.tradeHeader.partyTradeInformation.reportingRegime.entityClassification[entityClassificationScheme=http://www.fpml.org/coding-scheme/esma-entity-classification],0,,Element with value Financial could not be mapped to a rosettaField
cdm-sample-files/events/Clearing-cleared-alpha-Trade-03.xml,Fail_MappedNone,trade.tradeHeader.partyTradeInformation(0).compressedTrade,trade.tradeHeader.partyTradeInformation.compressedTrade,0,,Element with value true could not be mapped to a rosettaField
cdm-sample-files/events/Clearing-cleared-alpha-Trade-03.xml,Fail_MappedNone,trade.tradeHeader.partyTradeIdentifier(1).resultingTradeId(1).associatedPartyReference[href=party2].href,trade.tradeHeader.partyTradeIdentifier.resultingTradeId.associatedPartyReference[href=party2].href,0,,Element with value party2 could not be mapped to a rosettaField
cdm-sample-files/events/Clearing-cleared-alpha-Trade-03.xml,Fail_MappedNone,correlationId[correlationIdScheme=http://fpml.org/submitter_trade_id].correlationIdScheme,correlationId[correlationIdScheme=http://fpml.org/submitter_trade_id].correlationIdScheme,0,,Element with value http://fpml.org/submitter_trade_id could not be mapped to a rosettaField
cdm-sample-files/events/Clearing-cleared-alpha-Trade-03.xml,Fail_MappedNone,trade.tradeHeader.partyTradeInformation(0).timestamps.nonpublicReportAccepted,trade.tradeHeader.partyTradeInformation.timestamps.nonpublicReportAccepted,0,,Element with value 2011-02-12T12:21:17Z could not be mapped to a rosettaField
cdm-sample-files/events/Clearing-cleared-alpha-Trade-03.xml,Fail_MappedNone,trade.tradeHeader.partyTradeInformation(0).reportingRegime(1).partyEntityClassification(2).entityClassification[entityClassificationScheme=http://www.fpml.org/coding-scheme/sec-entity-classification],trade.tradeHeader.partyTradeInformation.reportingRegime.partyEntityClassification.entityClassification[entityClassificationScheme=http://www.fpml.org/coding-scheme/sec-entity-classification],0,,Element with value Participant could not be mapped to a rosettaField
cdm-sample-files/events/Clearing-cleared-alpha-Trade-03.xml,Fail_MappedNone,trade.tradeHeader.partyTradeInformation(1).reportingRegime(0).reportingPurpose,trade.tradeHeader.partyTradeInformation.reportingRegime.reportingPurpose,0,,Element with value PrimaryEconomicTerms could not be mapped to a rosettaField
cdm-sample-files/events/Clearing-cleared-alpha-Trade-03.xml,Fail_MappedNone,trade.tradeHeader.partyTradeInformation(0).reportingRegime(3).partyEntityClassification(0).partyReference[href=party1].href,trade.tradeHeader.partyTradeInformation.reportingRegime.partyEntityClassification.partyReference[href=party1].href,0,,Element with value party1 could not be mapped to a rosettaField
cdm-sample-files/events/Clearing-cleared-alpha-Trade-03.xml,Fail_MappedNone,trade.tradeHeader.partyTradeInformation(0).offMarketPrice,trade.tradeHeader.partyTradeInformation.offMarketPrice,0,,Element with value false could not be mapped to a rosettaField
cdm-sample-files/events/Clearing-cleared-alpha-Trade-03.xml,Fail_MappedNone,trade.tradeHeader.partyTradeInformation(0).reportingRegime(3).partyEntityClassification(1).entityClassification[entityClassificationScheme=http://www.fpml.org/coding-scheme/csa-local-party-status-entity-classification].entityClassificationScheme,trade.tradeHeader.partyTradeInformation.reportingRegime.partyEntityClassification.entityClassification[entityClassificationScheme=http://www.fpml.org/coding-scheme/csa-local-party-status-entity-classification].entityClassificationScheme,0,,Element with value http://www.fpml.org/coding-scheme/csa-local-party-status-entity-classification could not be mapped to a rosettaField
cdm-sample-files/events/Clearing-cleared-alpha-Trade-03.xml,Fail_MappedNone,trade.tradeHeader.productSummary.settlementType,trade.tradeHeader.productSummary.settlementType,0,,Element with value Cash could not be mapped to a rosettaField
cdm-sample-files/events/Clearing-cleared-alpha-Trade-03.xml,Fail_MappedNone,trade.tradeHeader.partyTradeInformation(1).reportingRegime(1).entityClassification[entityClassificationScheme=http://www.fpml.org/coding-scheme/esma-entity-classification].entityClassificationScheme,trade.tradeHeader.partyTradeInformation.reportingRegime.entityClassification[entityClassificationScheme=http://www.fpml.org/coding-scheme/esma-entity-classification].entityClassificationScheme,0,,Element with value http://www.fpml.org/coding-scheme/esma-entity-classification could not be mapped to a rosettaField
cdm-sample-files/events/Clearing-cleared-alpha-Trade-03.xml,Fail_MappedNone,trade.tradeHeader.partyTradeInformation(0).relatedBusinessUnit(0).role,trade.tradeHeader.partyTradeInformation.relatedBusinessUnit.role,0,,Element with value RegisteredBranch could not be mapped to a rosettaField
cdm-sample-files/events/Clearing-cleared-alpha-Trade-03.xml,Fail_MappedNone,party(0)[id=party1].country,party[id=party1].country,0,,Element with value GB could not be mapped to a rosettaField
cdm-sample-files/events/Clearing-cleared-alpha-Trade-03.xml,Fail_MappedNone,trade.tradeHeader.partyTradeInformation(0).reportingRegime(6).name,trade.tradeHeader.partyTradeInformation.reportingRegime.name,0,,Element with value CSA could not be mapped to a rosettaField
cdm-sample-files/events/Clearing-cleared-alpha-Trade-03.xml,Fail_MappedMultiple,trade.creditDefaultSwap.generalTerms.referenceInformation.referenceEntity[id=referenceEntity].entityId[entityIdScheme=http://www.fpml.org/spec/2003/entity-id-RED-1-0].entityIdScheme,trade.creditDefaultSwap.generalTerms.referenceInformation.referenceEntity[id=referenceEntity].entityId[entityIdScheme=http://www.fpml.org/spec/2003/entity-id-RED-1-0].entityIdScheme,3,ReportableEvent.originatingWorkflowStep.proposedEvent.instruction(0).before.value.trade.product.economicTerms.payout(0).CreditDefaultPayout.generalTerms.referenceInformation.referenceEntity.entityId(0).meta.scheme=[http://www.fpml.org/spec/2003/entity-id-RED-1-0] ReportableEvent.originatingWorkflowStep.proposedEvent.instruction(0).before.value.trade.product.economicTerms.payout(0).CreditDefaultPayout.generalTerms.referenceInformation.referenceEntity.entityIdentifier(0).identifierType=[REDID] ReportableEvent.originatingWorkflowStep.proposedEvent.instruction(0).before.value.trade.product.economicTerms.payout(0).CreditDefaultPayout.generalTerms.referenceInformation.referenceEntity.entityIdentifier(0).identifier.meta.scheme=[http://www.fpml.org/spec/2003/entity-id-RED-1-0],Element mapped to multiple rosettaFields
cdm-sample-files/events/Clearing-cleared-alpha-Trade-03.xml,Fail_MappedNone,trade.tradeHeader.partyTradeInformation(0).reportingRegime(3).reportingRole,trade.tradeHeader.partyTradeInformation.reportingRegime.reportingRole,0,,Element with value Principal could not be mapped to a rosettaField
cdm-sample-files/events/Clearing-cleared-alpha-Trade-03.xml,Fail_MappedNone,trade.tradeHeader.partyTradeInformation(0).reportingRegime(1).partyEntityClassification(2).partyReference[href=party1].href,trade.tradeHeader.partyTradeInformation.reportingRegime.partyEntityClassification.partyReference[href=party1].href,0,,Element with value party1 could not be mapped to a rosettaField
cdm-sample-files/events/Clearing-cleared-alpha-Trade-03.xml,Fail_MappedNone,trade.tradeHeader.partyTradeInformation(0).reportingRegime(4).entityClassification[entityClassificationScheme=http://www.fpml.org/coding-scheme/esma-entity-classification].entityClassificationScheme,trade.tradeHeader.partyTradeInformation.reportingRegime.entityClassification[entityClassificationScheme=http://www.fpml.org/coding-scheme/esma-entity-classification].entityClassificationScheme,0,,Element with value http://www.fpml.org/coding-scheme/esma-entity-classification could not be mapped to a rosettaField
cdm-sample-files/events/Clearing-cleared-alpha-Trade-03.xml,Fail_MappedNone,trade.tradeHeader.partyTradeInformation(0).reportingRegime(3).partyEntityClassification(2).entityClassification[entityClassificationScheme=http://www.fpml.org/coding-scheme/csa-dealer-status-entity-classification].entityClassificationScheme,trade.tradeHeader.partyTradeInformation.reportingRegime.partyEntityClassification.entityClassification[entityClassificationScheme=http://www.fpml.org/coding-scheme/csa-dealer-status-entity-classification].entityClassificationScheme,0,,Element with value http://www.fpml.org/coding-scheme/csa-dealer-status-entity-classification could not be mapped to a rosettaField
cdm-sample-files/events/Clearing-cleared-alpha-Trade-03.xml,Fail_MappedNone,trade.tradeHeader.partyTradeInformation(1).reportingRegime(1).exceedsClearingThreshold,trade.tradeHeader.partyTradeInformation.reportingRegime.exceedsClearingThreshold,0,,Element with value true could not be mapped to a rosettaField
cdm-sample-files/events/Clearing-cleared-alpha-Trade-03.xml,Fail_MappedNone,trade.tradeHeader.partyTradeInformation(1).reportingRegime(0).entityClassification[entityClassificationScheme=http://www.fpml.org/coding-scheme/esma-entity-classification].entityClassificationScheme,trade.tradeHeader.partyTradeInformation.reportingRegime.entityClassification[entityClassificationScheme=http://www.fpml.org/coding-scheme/esma-entity-classification].entityClassificationScheme,0,,Element with value http://www.fpml.org/coding-scheme/esma-entity-classification could not be mapped to a rosettaField
cdm-sample-files/events/Clearing-cleared-alpha-Trade-03.xml,Fail_MappedNone,party(4)[id=party2].classification(1)[industryClassificationScheme=http://www.fpml.org/coding-scheme/hkma-rewrite-regulatory-corporate-sector],party[id=party2].classification[industryClassificationScheme=http://www.fpml.org/coding-scheme/hkma-rewrite-regulatory-corporate-sector],0,,Element with value ORPI could not be mapped to a rosettaField
cdm-sample-files/events/Clearing-cleared-alpha-Trade-03.xml,Fail_MappedNone,trade.tradeHeader.partyTradeInformation(0).isDisputed,trade.tradeHeader.partyTradeInformation.isDisputed,0,,Element with value true could not be mapped to a rosettaField
cdm-sample-files/events/Clearing-cleared-alpha-Trade-03.xml,Fail_MappedNone,trade.tradeHeader.partyTradeInformation(1).reportingRegime(3).supervisorRegistration.supervisoryBody,trade.tradeHeader.partyTradeInformation.reportingRegime.supervisorRegistration.supervisoryBody,0,,Element with value CA.AB.ASC could not be mapped to a rosettaField
cdm-sample-files/events/Clearing-cleared-alpha-Trade-03.xml,Fail_MappedNone,trade.tradeHeader.partyTradeInformation(0).reportingRegime(1).partyEntityClassification(1).entityClassification[entityClassificationScheme=http://www.fpml.org/coding-scheme/sec-entity-classification],trade.tradeHeader.partyTradeInformation.reportingRegime.partyEntityClassification.entityClassification[entityClassificationScheme=http://www.fpml.org/coding-scheme/sec-entity-classification],0,,Element with value MSBSP could not be mapped to a rosettaField
cdm-sample-files/events/Clearing-cleared-alpha-Trade-03.xml,Fail_MappedNone,trade.tradeHeader.partyTradeInformation(0).reportingRegime(1).partyEntityClassification(3).partyReference[href=party2].href,trade.tradeHeader.partyTradeInformation.reportingRegime.partyEntityClassification.partyReference[href=party2].href,0,,Element with value party2 could not be mapped to a rosettaField
cdm-sample-files/events/Clearing-cleared-alpha-Trade-03.xml,Fail_MappedNone,trade.tradeHeader.partyTradeIdentifier(1).resultingTradeId(1).issuer[issuerIdScheme=http://www.fpml.org/coding-scheme/external/cftc/issuer-identifier].issuerIdScheme,trade.tradeHeader.partyTradeIdentifier.resultingTradeId.issuer[issuerIdScheme=http://www.fpml.org/coding-scheme/external/cftc/issuer-identifier].issuerIdScheme,0,,Element with value http://www.fpml.org/coding-scheme/external/cftc/issuer-identifier could not be mapped to a rosettaField
cdm-sample-files/events/Clearing-cleared-alpha-Trade-03.xml,Fail_MappedNone,trade.tradeHeader.partyTradeInformation(0).reportingRegime(7).supervisorRegistration.supervisoryBody,trade.tradeHeader.partyTradeInformation.reportingRegime.supervisorRegistration.supervisoryBody,0,,Element with value HKMA could not be mapped to a rosettaField
cdm-sample-files/events/Clearing-cleared-alpha-Trade-03.xml,Fail_MappedNone,trade.tradeHeader.partyTradeInformation(1).reportingRegime(4).reportingRole,trade.tradeHeader.partyTradeInformation.reportingRegime.reportingRole,0,,Element with value ReportingParty could not be mapped to a rosettaField
cdm-sample-files/events/Clearing-cleared-alpha-Trade-03.xml,Fail_MappedNone,trade.tradeHeader.partyTradeInformation(0).reportingRegime(4).mandatorilyClearable,trade.tradeHeader.partyTradeInformation.reportingRegime.mandatorilyClearable,0,,Element with value false could not be mapped to a rosettaField
cdm-sample-files/events/Clearing-cleared-alpha-Trade-03.xml,Fail_MappedNone,trade.tradeHeader.partyTradeInformation(0).reportingRegime(1).supervisorRegistration.supervisoryBody,trade.tradeHeader.partyTradeInformation.reportingRegime.supervisorRegistration.supervisoryBody,0,,Element with value SEC could not be mapped to a rosettaField
cdm-sample-files/events/Clearing-cleared-alpha-Trade-03.xml,Fail_MappedNone,party(0)[id=party1].organizationType,party[id=party1].organizationType,0,,Element with value SD could not be mapped to a rosettaField
cdm-sample-files/events/Clearing-cleared-alpha-Trade-03.xml,Fail_MappedNone,trade.tradeHeader.partyTradeInformation(1).reportingRegime(0).name,trade.tradeHeader.partyTradeInformation.reportingRegime.name,0,,Element with value EMIR could not be mapped to a rosettaField
cdm-sample-files/events/Clearing-cleared-alpha-Trade-03.xml,Fail_MappedNone,trade.tradeHeader.partyTradeInformation(0).relatedBusinessUnit(1).role,trade.tradeHeader.partyTradeInformation.relatedBusinessUnit.role,0,,Element with value TradingDesk could not be mapped to a rosettaField
cdm-sample-files/events/Clearing-cleared-alpha-Trade-03.xml,Fail_MappedNone,trade.tradeHeader.partyTradeInformation(0).reportingRegime(7).name,trade.tradeHeader.partyTradeInformation.reportingRegime.name,0,,Element with value HKTR could not be mapped to a rosettaField
cdm-sample-files/events/Clearing-cleared-alpha-Trade-03.xml,Fail_MappedMultiple,party(2)[id=party1_affiliate1].partyId[partyIdScheme=http://www.fpml.org/coding-scheme/external/iso17442].partyIdScheme,party[id=party1_affiliate1].partyId[partyIdScheme=http://www.fpml.org/coding-scheme/external/iso17442].partyIdScheme,2,ReportableEvent.originatingWorkflowStep.proposedEvent.instruction(0).before.value.trade.party(2).partyId(0).identifierType=[LEI] ReportableEvent.originatingWorkflowStep.proposedEvent.instruction(0).before.value.trade.party(2).partyId(0).identifier.meta.scheme=[http://www.fpml.org/coding-scheme/external/iso17442],Element mapped to multiple rosettaFields
cdm-sample-files/events/Clearing-cleared-alpha-Trade-03.xml,Fail_MappedNone,trade.tradeHeader.partyTradeInformation(0).reportingRegime(2).reportingRole,trade.tradeHeader.partyTradeInformation.reportingRegime.reportingRole,0,,Element with value ReportingParty could not be mapped to a rosettaField
cdm-sample-files/events/Clearing-cleared-alpha-Trade-03.xml,Fail_MappedNone,party(4)[id=party2].classification(2)[industryClassificationScheme=http://www.fpml.org/coding-scheme/esma-emir-refit-regulatory-corporate-sector],party[id=party2].classification[industryClassificationScheme=http://www.fpml.org/coding-scheme/esma-emir-refit-regulatory-corporate-sector],0,,Element with value ORPI could not be mapped to a rosettaField
cdm-sample-files/events/Clearing-cleared-alpha-Trade-03.xml,Fail_MappedNone,trade.tradeHeader.partyTradeInformation(0).isAccountingHedge,trade.tradeHeader.partyTradeInformation.isAccountingHedge,0,,Element with value true could not be mapped to a rosettaField
cdm-sample-files/events/Clearing-cleared-alpha-Trade-03.xml,Fail_MappedNone,trade.tradeHeader.partyTradeInformation(0).reportingRegime(3).partyEntityClassification(0).entityClassification[entityClassificationScheme=http://www.fpml.org/coding-scheme/csa-dealer-status-entity-classification].entityClassificationScheme,trade.tradeHeader.partyTradeInformation.reportingRegime.partyEntityClassification.entityClassification[entityClassificationScheme=http://www.fpml.org/coding-scheme/csa-dealer-status-entity-classification].entityClassificationScheme,0,,Element with value http://www.fpml.org/coding-scheme/csa-dealer-status-entity-classification could not be mapped to a rosettaField
cdm-sample-files/events/Clearing-cleared-alpha-Trade-03.xml,Fail_MappedNone,trade.tradeHeader.tradeSummary.isPrimeBrokerTrade,trade.tradeHeader.tradeSummary.isPrimeBrokerTrade,0,,Element with value false could not be mapped to a rosettaField
cdm-sample-files/events/Clearing-cleared-alpha-Trade-03.xml,Fail_MappedNone,trade.tradeHeader.partyTradeInformation(0).pricingContext(1),trade.tradeHeader.partyTradeInformation.pricingContext,0,,Element with value HistoricTrade could not be mapped to a rosettaField
cdm-sample-files/events/Clearing-cleared-alpha-Trade-03.xml,Fail_MappedNone,trade.tradeHeader.partyTradeInformation(0).reportingRegime(3).partyEntityClassification(3).entityClassification[entityClassificationScheme=http://www.fpml.org/coding-scheme/csa-local-party-status-entity-classification],trade.tradeHeader.partyTradeInformation.reportingRegime.partyEntityClassification.entityClassification[entityClassificationScheme=http://www.fpml.org/coding-scheme/csa-local-party-status-entity-classification],0,,Element with value NonLocalParty could not be mapped to a rosettaField
cdm-sample-files/events/Clearing-cleared-alpha-Trade-03.xml,Fail_MappedNone,trade.tradeHeader.partyTradeInformation(0).reportingRegime(1).partyEntityClassification(0).entityClassification[entityClassificationScheme=http://www.fpml.org/coding-scheme/sec-entity-classification],trade.tradeHeader.partyTradeInformation.reportingRegime.partyEntityClassification.entityClassification[entityClassificationScheme=http://www.fpml.org/coding-scheme/sec-entity-classification],0,,Element with value SBSD could not be mapped to a rosettaField
cdm-sample-files/events/Clearing-cleared-alpha-Trade-03.xml,Fail_MappedMultiple,party(3)[id=party1_affiliate2].partyId[partyIdScheme=http://www.fpml.org/coding-scheme/external/iso17442].partyIdScheme,party[id=party1_affiliate2].partyId[partyIdScheme=http://www.fpml.org/coding-scheme/external/iso17442].partyIdScheme,2,ReportableEvent.originatingWorkflowStep.proposedEvent.instruction(0).before.value.trade.party(3).partyId(0).identifierType=[LEI] ReportableEvent.originatingWorkflowStep.proposedEvent.instruction(0).before.value.trade.party(3).partyId(0).identifier.meta.scheme=[http://www.fpml.org/coding-scheme/external/iso17442],Element mapped to multiple rosettaFields
cdm-sample-files/events/Clearing-cleared-alpha-Trade-03.xml,Fail_MappedNone,trade.tradeHeader.partyTradeInformation(0).timestamps.nonpublicReportUpdated,trade.tradeHeader.partyTradeInformation.timestamps.nonpublicReportUpdated,0,,Element with value 2011-02-12T12:42:16Z could not be mapped to a rosettaField
cdm-sample-files/events/Clearing-cleared-alpha-Trade-03.xml,Fail_MappedNone,trade.tradeHeader.partyTradeInformation(0).reportingRegime(1).partyEntityClassification(1).partyReference[href=party2].href,trade.tradeHeader.partyTradeInformation.reportingRegime.partyEntityClassification.partyReference[href=party2].href,0,,Element with value party2 could not be mapped to a rosettaField
cdm-sample-files/events/Clearing-cleared-alpha-Trade-03.xml,Fail_MappedNone,trade.tradeHeader.partyTradeInformation(0).reportingRegime(3).mandatorilyClearable,trade.tradeHeader.partyTradeInformation.reportingRegime.mandatorilyClearable,0,,Element with value false could not be mapped to a rosettaField
cdm-sample-files/events/Clearing-cleared-alpha-Trade-03.xml,Fail_MappedNone,trade.tradeHeader.partyTradeInformation(0).reportingRegime(6).entityClassification[entityClassificationScheme=http://www.fpml.org/coding-scheme/cftc-entity-classification].entityClassificationScheme,trade.tradeHeader.partyTradeInformation.reportingRegime.entityClassification[entityClassificationScheme=http://www.fpml.org/coding-scheme/cftc-entity-classification].entityClassificationScheme,0,,Element with value http://www.fpml.org/coding-scheme/cftc-entity-classification could not be mapped to a rosettaField
cdm-sample-files/events/Clearing-cleared-alpha-Trade-03.xml,Fail_MappedMultiple,party(8)[id=executing_agent].partyId[partyIdScheme=http://www.fpml.org/coding-scheme/external/iso17442].partyIdScheme,party[id=executing_agent].partyId[partyIdScheme=http://www.fpml.org/coding-scheme/external/iso17442].partyIdScheme,2,ReportableEvent.originatingWorkflowStep.proposedEvent.instruction(0).before.value.trade.party(8).partyId(0).identifierType=[LEI] ReportableEvent.originatingWorkflowStep.proposedEvent.instruction(0).before.value.trade.party(8).partyId(0).identifier.meta.scheme=[http://www.fpml.org/coding-scheme/external/iso17442],Element mapped to multiple rosettaFields
cdm-sample-files/events/Clearing-cleared-alpha-Trade-03.xml,Fail_MappedNone,trade.tradeHeader.partyTradeInformation(0).reportingRegime(2).exceedsClearingThreshold,trade.tradeHeader.partyTradeInformation.reportingRegime.exceedsClearingThreshold,0,,Element with value true could not be mapped to a rosettaField
cdm-sample-files/events/Clearing-cleared-alpha-Trade-03.xml,Fail_MappedNone,trade.tradeHeader.partyTradeIdentifier(1).resultingTradeId(0).tradeId[tradeIdScheme=http://www.fpml.org/coding-scheme/external/unique-transaction-identifier].tradeIdScheme,trade.tradeHeader.partyTradeIdentifier.resultingTradeId.tradeId[tradeIdScheme=http://www.fpml.org/coding-scheme/external/unique-transaction-identifier].tradeIdScheme,0,,Element with value http://www.fpml.org/coding-scheme/external/unique-transaction-identifier could not be mapped to a rosettaField
cdm-sample-files/events/Clearing-cleared-alpha-Trade-03.xml,Fail_MappedNone,trade.tradeHeader.partyTradeInformation(1).reportingRegime(1).name,trade.tradeHeader.partyTradeInformation.reportingRegime.name,0,,Element with value UKEMIR could not be mapped to a rosettaField
cdm-sample-files/events/Clearing-cleared-alpha-Trade-03.xml,Fail_MappedNone,trade.tradeHeader.partyTradeInformation(0).pricingContext(0),trade.tradeHeader.partyTradeInformation.pricingContext,0,,Element with value CrossBorder could not be mapped to a rosettaField
cdm-sample-files/events/Clearing-cleared-alpha-Trade-03.xml,Fail_MappedNone,trade.tradeHeader.partyTradeInformation(0).reportingRegime(6).entityClassification[entityClassificationScheme=http://www.fpml.org/coding-scheme/cftc-entity-classification],trade.tradeHeader.partyTradeInformation.reportingRegime.entityClassification[entityClassificationScheme=http://www.fpml.org/coding-scheme/cftc-entity-classification],0,,Element with value SBSD could not be mapped to a rosettaField
cdm-sample-files/events/Clearing-cleared-alpha-Trade-03.xml,Fail_MappedNone,onBehalfOf.partyReference[href=party1].href,onBehalfOf.partyReference[href=party1].href,0,,Element with value party1 could not be mapped to a rosettaField
cdm-sample-files/events/Clearing-cleared-alpha-Trade-03.xml,Fail_MappedNone,party(4)[id=party2].classification(0),party[id=party2].classification,0,,Element with value NonFinancial could not be mapped to a rosettaField
cdm-sample-files/events/Clearing-cleared-alpha-Trade-03.xml,Fail_MappedNone,trade.tradeHeader.partyTradeInformation(0).reportingRegime(5).reportingRole,trade.tradeHeader.partyTradeInformation.reportingRegime.reportingRole,0,,Element with value ReportingParty could not be mapped to a rosettaField
cdm-sample-files/events/Clearing-cleared-alpha-Trade-03.xml,Fail_MappedMultiple,trade.creditDefaultSwap.generalTerms.referenceInformation.referenceEntity[id=referenceEntity].entityId[entityIdScheme=http://www.fpml.org/spec/2003/entity-id-RED-1-0],trade.creditDefaultSwap.generalTerms.referenceInformation.referenceEntity[id=referenceEntity].entityId[entityIdScheme=http://www.fpml.org/spec/2003/entity-id-RED-1-0],2,ReportableEvent.originatingWorkflowStep.proposedEvent.instruction(0).before.value.trade.product.economicTerms.payout(0).CreditDefaultPayout.generalTerms.referenceInformation.referenceEntity.entityIdentifier(0).identifier.value=[8G836J] ReportableEvent.originatingWorkflowStep.proposedEvent.instruction(0).before.value.trade.product.economicTerms.payout(0).CreditDefaultPayout.generalTerms.referenceInformation.referenceEntity.entityId(0).value=[8G836J],Element mapped to multiple rosettaFields
cdm-sample-files/events/Clearing-cleared-alpha-Trade-03.xml,Fail_MappedNone,trade.tradeHeader.partyTradeIdentifier(1).resultingTradeId(2).issuer[issuerIdScheme=http://www.fpml.org/coding-scheme/external/cftc/issuer-identifier].issuerIdScheme,trade.tradeHeader.partyTradeIdentifier.resultingTradeId.issuer[issuerIdScheme=http://www.fpml.org/coding-scheme/external/cftc/issuer-identifier].issuerIdScheme,0,,Element with value http://www.fpml.org/coding-scheme/external/cftc/issuer-identifier could not be mapped to a rosettaField
cdm-sample-files/events/Clearing-cleared-alpha-Trade-03.xml,Fail_MappedMultiple,party(9)[id=venue].partyId[partyIdScheme=http://www.fpml.org/coding-scheme/external/iso17442].partyIdScheme,party[id=venue].partyId[partyIdScheme=http://www.fpml.org/coding-scheme/external/iso17442].partyIdScheme,2,ReportableEvent.originatingWorkflowStep.proposedEvent.instruction(0).before.value.trade.party(9).partyId(0).identifier.meta.scheme=[http://www.fpml.org/coding-scheme/external/iso17442] ReportableEvent.originatingWorkflowStep.proposedEvent.instruction(0).before.value.trade.party(9).partyId(0).identifierType=[LEI],Element mapped to multiple rosettaFields
cdm-sample-files/events/Clearing-cleared-alpha-Trade-03.xml,Fail_MappedNone,party(0)[id=party1].region,party[id=party1].region,0,,Element with value EEA could not be mapped to a rosettaField
cdm-sample-files/events/Clearing-cleared-alpha-Trade-03.xml,Fail_MappedNone,trade.tradeHeader.partyTradeInformation(0).reportingRegime(1).partyEntityClassification(3).entityClassification[entityClassificationScheme=http://www.fpml.org/coding-scheme/sec-entity-classification].entityClassificationScheme,trade.tradeHeader.partyTradeInformation.reportingRegime.partyEntityClassification.entityClassification[entityClassificationScheme=http://www.fpml.org/coding-scheme/sec-entity-classification].entityClassificationScheme,0,,Element with value http://www.fpml.org/coding-scheme/sec-entity-classification could not be mapped to a rosettaField
cdm-sample-files/events/Clearing-cleared-alpha-Trade-03.xml,Fail_MappedNone,trade.tradeHeader.partyTradeInformation(0).reportingRegime(4).reportingPurpose,trade.tradeHeader.partyTradeInformation.reportingRegime.reportingPurpose,0,,Element with value PrimaryEconomicTerms could not be mapped to a rosettaField
cdm-sample-files/events/Clearing-cleared-alpha-Trade-03.xml,Fail_MappedNone,trade.tradeHeader.partyTradeInformation(0).reportingRegime(0).name,trade.tradeHeader.partyTradeInformation.reportingRegime.name,0,,Element with value DoddFrankAct could not be mapped to a rosettaField
cdm-sample-files/events/Clearing-cleared-alpha-Trade-03.xml,Fail_MappedNone,trade.tradeHeader.partyTradeInformation(1).reportingRegime(0).entityClassification[entityClassificationScheme=http://www.fpml.org/coding-scheme/esma-entity-classification],trade.tradeHeader.partyTradeInformation.reportingRegime.entityClassification[entityClassificationScheme=http://www.fpml.org/coding-scheme/esma-entity-classification],0,,Element with value Financial could not be mapped to a rosettaField
cdm-sample-files/events/Clearing-cleared-alpha-Trade-03.xml,Fail_MappedNone,trade.tradeHeader.partyTradeInformation(0).reportingRegime(7).entityClassification,trade.tradeHeader.partyTradeInformation.reportingRegime.entityClassification,0,,Element with value Financial could not be mapped to a rosettaField
cdm-sample-files/events/Clearing-cleared-alpha-Trade-03.xml,Fail_MappedNone,trade.tradeHeader.partyTradeInformation(0).reportingRegime(3).partyEntityClassification(2).entityClassification[entityClassificationScheme=http://www.fpml.org/coding-scheme/csa-dealer-status-entity-classification],trade.tradeHeader.partyTradeInformation.reportingRegime.partyEntityClassification.entityClassification[entityClassificationScheme=http://www.fpml.org/coding-scheme/csa-dealer-status-entity-classification],0,,Element with value NonDealer could not be mapped to a rosettaField
cdm-sample-files/events/Clearing-cleared-alpha-Trade-03.xml,Fail_MappedNone,trade.tradeHeader.partyTradeIdentifier(1).resultingTradeId(2).associatedPartyReference[href=party2].href,trade.tradeHeader.partyTradeIdentifier.resultingTradeId.associatedPartyReference[href=party2].href,0,,Element with value party2 could not be mapped to a rosettaField
cdm-sample-files/events/Clearing-cleared-alpha-Trade-03.xml,Fail_MappedNone,trade.tradeHeader.partyTradeInformation(0).reportingRegime(2).mandatorilyClearable,trade.tradeHeader.partyTradeInformation.reportingRegime.mandatorilyClearable,0,,Element with value false could not be mapped to a rosettaField
cdm-sample-files/events/Clearing-cleared-alpha-Trade-03.xml,Fail_MappedNone,trade.tradeHeader.partyTradeInformation(0).reportingRegime(3).supervisorRegistration.supervisoryBody,trade.tradeHeader.partyTradeInformation.reportingRegime.supervisorRegistration.supervisoryBody,0,,Element with value CA.ON.OSC could not be mapped to a rosettaField
cdm-sample-files/events/Clearing-cleared-alpha-Trade-03.xml,Fail_MappedNone,trade.tradeHeader.partyTradeInformation(0).executionType,trade.tradeHeader.partyTradeInformation.executionType,0,,Element with value Electronic could not be mapped to a rosettaField
cdm-sample-files/events/Clearing-cleared-alpha-Trade-03.xml,Fail_MappedNone,trade.tradeHeader.partyTradeInformation(0).reportingRole,trade.tradeHeader.partyTradeInformation.reportingRole,0,,Element with value Principal could not be mapped to a rosettaField
cdm-sample-files/events/Clearing-cleared-alpha-Trade-03.xml,Fail_MappedNone,trade.tradeHeader.partyTradeInformation(1).reportingRegime(2).name,trade.tradeHeader.partyTradeInformation.reportingRegime.name,0,,Element with value JFSA could not be mapped to a rosettaField
cdm-sample-files/events/Clearing-cleared-alpha-Trade-03.xml,Fail_MappedNone,correlationId[correlationIdScheme=http://fpml.org/submitter_trade_id],correlationId[correlationIdScheme=http://fpml.org/submitter_trade_id],0,,Element with value TW19235 could not be mapped to a rosettaField
cdm-sample-files/events/Clearing-cleared-alpha-Trade-03.xml,Fail_MappedNone,trade.tradeHeader.partyTradeInformation(1).reportingRegime(4).supervisorRegistration.supervisoryBody,trade.tradeHeader.partyTradeInformation.reportingRegime.supervisorRegistration.supervisoryBody,0,,Element with value HKMA could not be mapped to a rosettaField
cdm-sample-files/events/Clearing-cleared-alpha-Trade-03.xml,Fail_MappedNone,trade.tradeHeader.partyTradeInformation(0).reportingRegime(4).reportingRole,trade.tradeHeader.partyTradeInformation.reportingRegime.reportingRole,0,,Element with value ReportingParty could not be mapped to a rosettaField
cdm-sample-files/events/Clearing-cleared-alpha-Trade-03.xml,Fail_MappedNone,trade.tradeHeader.partyTradeInformation(0).relatedBusinessUnit(0).businessUnitReference[href=branch1].href,trade.tradeHeader.partyTradeInformation.relatedBusinessUnit.businessUnitReference[href=branch1].href,0,,Element with value branch1 could not be mapped to a rosettaField
cdm-sample-files/events/Clearing-cleared-alpha-Trade-03.xml,Fail_MappedNone,party(0)[id=party1].classification(1)[industryClassificationScheme=http://www.fpml.org/coding-scheme/hkma-rewrite-regulatory-corporate-sector].industryClassificationScheme,party[id=party1].classification[industryClassificationScheme=http://www.fpml.org/coding-scheme/hkma-rewrite-regulatory-corporate-sector].industryClassificationScheme,0,,Element with value http://www.fpml.org/coding-scheme/hkma-rewrite-regulatory-corporate-sector could not be mapped to a rosettaField
cdm-sample-files/events/Clearing-cleared-alpha-Trade-03.xml,Fail_MappedNone,trade.tradeHeader.partyTradeInformation(1).reportingRegime(4).mandatorilyClearable,trade.tradeHeader.partyTradeInformation.reportingRegime.mandatorilyClearable,0,,Element with value false could not be mapped to a rosettaField
cdm-sample-files/events/Clearing-cleared-alpha-Trade-03.xml,Fail_MappedNone,trade.tradeHeader.partyTradeInformation(0).reportingRegime(1).partyEntityClassification(1).entityClassification[entityClassificationScheme=http://www.fpml.org/coding-scheme/sec-entity-classification].entityClassificationScheme,trade.tradeHeader.partyTradeInformation.reportingRegime.partyEntityClassification.entityClassification[entityClassificationScheme=http://www.fpml.org/coding-scheme/sec-entity-classification].entityClassificationScheme,0,,Element with value http://www.fpml.org/coding-scheme/sec-entity-classification could not be mapped to a rosettaField
cdm-sample-files/events/Clearing-cleared-alpha-Trade-03.xml,Fail_MappedNone,trade.tradeHeader.partyTradeIdentifier(1).resultingTradeId(1).tradeId[tradeIdScheme=http://www.fpml.org/coding-scheme/external/unique-transaction-identifier],trade.tradeHeader.partyTradeIdentifier.resultingTradeId.tradeId[tradeIdScheme=http://www.fpml.org/coding-scheme/external/unique-transaction-identifier],0,,Element with value 12345678901234567890123456789013 could not be mapped to a rosettaField
cdm-sample-files/events/Clearing-cleared-alpha-Trade-03.xml,Fail_MappedNone,trade.tradeHeader.partyTradeInformation(0).reportingRegime(1).name,trade.tradeHeader.partyTradeInformation.reportingRegime.name,0,,Element with value DoddFrankAct could not be mapped to a rosettaField
cdm-sample-files/events/Clearing-cleared-alpha-Trade-03.xml,Fail_MappedNone,trade.tradeHeader.partyTradeInformation(0).reportingRegime(3).reportingPurpose,trade.tradeHeader.partyTradeInformation.reportingRegime.reportingPurpose,0,,Element with value PrimaryEconomicTerms could not be mapped to a rosettaField
cdm-sample-files/events/Clearing-cleared-alpha-Trade-03.xml,Fail_MappedNone,trade.tradeHeader.tradeSummary.isPackageTrade,trade.tradeHeader.tradeSummary.isPackageTrade,0,,Element with value true could not be mapped to a rosettaField
cdm-sample-files/events/Clearing-cleared-alpha-Trade-03.xml,Fail_MappedNone,trade.tradeHeader.partyTradeInformation(0).reportingRegime(1).mandatorilyClearable,trade.tradeHeader.partyTradeInformation.reportingRegime.mandatorilyClearable,0,,Element with value false could not be mapped to a rosettaField
cdm-sample-files/events/Clearing-cleared-alpha-Trade-03.xml,Fail_MappedNone,trade.tradeHeader.partyTradeInformation(0).reportingRegime(3).partyEntityClassification(1).entityClassification[entityClassificationScheme=http://www.fpml.org/coding-scheme/csa-local-party-status-entity-classification],trade.tradeHeader.partyTradeInformation.reportingRegime.partyEntityClassification.entityClassification[entityClassificationScheme=http://www.fpml.org/coding-scheme/csa-local-party-status-entity-classification],0,,Element with value LocalParty could not be mapped to a rosettaField
cdm-sample-files/events/Clearing-cleared-alpha-Trade-03.xml,Fail_MappedNone,trade.tradeHeader.partyTradeInformation(0).reportingRegime(2).entityClassification[entityClassificationScheme=http://www.fpml.org/coding-scheme/esma-entity-classification].entityClassificationScheme,trade.tradeHeader.partyTradeInformation.reportingRegime.entityClassification[entityClassificationScheme=http://www.fpml.org/coding-scheme/esma-entity-classification].entityClassificationScheme,0,,Element with value http://www.fpml.org/coding-scheme/esma-entity-classification could not be mapped to a rosettaField
cdm-sample-files/events/Clearing-cleared-alpha-Trade-03.xml,Fail_MappedNone,trade.tradeHeader.partyTradeInformation(1).reportingRegime(1).reportingRole,trade.tradeHeader.partyTradeInformation.reportingRegime.reportingRole,0,,Element with value ReportingParty could not be mapped to a rosettaField
cdm-sample-files/events/Clearing-cleared-alpha-Trade-03.xml,Fail_MappedNone,trade.tradeHeader.partyTradeInformation(0).reportingRegime(5).supervisorRegistration.supervisoryBody,trade.tradeHeader.partyTradeInformation.reportingRegime.supervisorRegistration.supervisoryBody,0,,Element with value JFSA could not be mapped to a rosettaField
cdm-sample-files/events/Clearing-cleared-alpha-Trade-03.xml,Fail_MappedNone,trade.tradeHeader.partyTradeInformation(0).reportingRegime(4).exceedsClearingThreshold,trade.tradeHeader.partyTradeInformation.reportingRegime.exceedsClearingThreshold,0,,Element with value true could not be mapped to a rosettaField
cdm-sample-files/events/Clearing-cleared-alpha-Trade-03.xml,Fail_MappedNone,trade.tradeHeader.partyTradeInformation(0).pricingContext(4),trade.tradeHeader.partyTradeInformation.pricingContext,0,,Element with value PriceReportingExemptOther could not be mapped to a rosettaField
cdm-sample-files/events/Clearing-cleared-alpha-Trade-03.xml,Fail_MappedNone,trade.tradeHeader.partyTradeInformation(1).reportingRegime(3).name,trade.tradeHeader.partyTradeInformation.reportingRegime.name,0,,Element with value CSA could not be mapped to a rosettaField
cdm-sample-files/events/Clearing-cleared-alpha-Trade-03.xml,Fail_MappedNone,trade.tradeHeader.partyTradeInformation(0).reportingRegime(1).preEnactmentTrade,trade.tradeHeader.partyTradeInformation.reportingRegime.preEnactmentTrade,0,,Element with value true could not be mapped to a rosettaField
cdm-sample-files/events/Clearing-cleared-alpha-Trade-03.xml,Fail_MappedNone,trade.tradeHeader.partyTradeInformation(0).reportingRegime(4).entityClassification[entityClassificationScheme=http://www.fpml.org/coding-scheme/esma-entity-classification],trade.tradeHeader.partyTradeInformation.reportingRegime.entityClassification[entityClassificationScheme=http://www.fpml.org/coding-scheme/esma-entity-classification],0,,Element with value Financial could not be mapped to a rosettaField
cdm-sample-files/events/Clearing-cleared-alpha-Trade-03.xml,Fail_MappedNone,trade.tradeHeader.partyTradeInformation(0).timestamps.nonpubliclyReported,trade.tradeHeader.partyTradeInformation.timestamps.nonpubliclyReported,0,,Element with value 2011-02-12T12:21:17Z could not be mapped to a rosettaField
cdm-sample-files/events/Clearing-cleared-alpha-Trade-03.xml,Fail_MappedNone,trade.tradeHeader.partyTradeInformation(0).reportingRegime(7).reportingRole,trade.tradeHeader.partyTradeInformation.reportingRegime.reportingRole,0,,Element with value ReportingParty could not be mapped to a rosettaField
cdm-sample-files/events/Clearing-cleared-alpha-Trade-03.xml,Fail_MappedNone,trade.tradeHeader.partyTradeInformation(0).reportingRegime(3).partyEntityClassification(3).partyReference[href=party2].href,trade.tradeHeader.partyTradeInformation.reportingRegime.partyEntityClassification.partyReference[href=party2].href,0,,Element with value party2 could not be mapped to a rosettaField
cdm-sample-files/events/Clearing-cleared-alpha-Trade-03.xml,Fail_MappedNone,tradingEvent.eventType,tradingEvent.eventType,0,,Element with value Cleared could not be mapped to a rosettaField
cdm-sample-files/events/Clearing-cleared-alpha-Trade-03.xml,Fail_MappedNone,trade.tradeHeader.partyTradeInformation(1).reportingRegime(3).mandatorilyClearable,trade.tradeHeader.partyTradeInformation.reportingRegime.mandatorilyClearable,0,,Element with value false could not be mapped to a rosettaField
cdm-sample-files/events/Clearing-cleared-alpha-Trade-03.xml,Fail_MappedNone,party(4)[id=party2].country,party[id=party2].country,0,,Element with value US could not be mapped to a rosettaField
cdm-sample-files/events/Clearing-cleared-alpha-Trade-03.xml,Fail_MappedNone,party(0)[id=party1].classification(2)[industryClassificationScheme=http://www.fpml.org/coding-scheme/esma-emir-refit-regulatory-corporate-sector].industryClassificationScheme,party[id=party1].classification[industryClassificationScheme=http://www.fpml.org/coding-scheme/esma-emir-refit-regulatory-corporate-sector].industryClassificationScheme,0,,Element with value http://www.fpml.org/coding-scheme/esma-emir-refit-regulatory-corporate-sector could not be mapped to a rosettaField
cdm-sample-files/events/Clearing-cleared-alpha-Trade-03.xml,Fail_MappedMultiple,party(4)[id=party2].partyId[partyIdScheme=http://www.fpml.org/coding-scheme/external/iso17442].partyIdScheme,party[id=party2].partyId[partyIdScheme=http://www.fpml.org/coding-scheme/external/iso17442].partyIdScheme,2,ReportableEvent.originatingWorkflowStep.proposedEvent.instruction(0).before.value.trade.party(4).partyId(0).identifier.meta.scheme=[http://www.fpml.org/coding-scheme/external/iso17442] ReportableEvent.originatingWorkflowStep.proposedEvent.instruction(0).before.value.trade.party(4).partyId(0).identifierType=[LEI],Element mapped to multiple rosettaFields
cdm-sample-files/events/Clearing-cleared-alpha-Trade-03.xml,Fail_MappedNone,trade.tradeHeader.partyTradeIdentifier(1).resultingTradeId(0).issuer[issuerIdScheme=http://www.fpml.org/coding-scheme/external/cftc/issuer-identifier],trade.tradeHeader.partyTradeIdentifier.resultingTradeId.issuer[issuerIdScheme=http://www.fpml.org/coding-scheme/external/cftc/issuer-identifier],0,,Element with value 1031234567 could not be mapped to a rosettaField
cdm-sample-files/events/Clearing-cleared-alpha-Trade-03.xml,Fail_MappedNone,trade.tradeHeader.partyTradeIdentifier(1).resultingTradeId(0).tradeId[tradeIdScheme=http://www.fpml.org/coding-scheme/external/unique-transaction-identifier],trade.tradeHeader.partyTradeIdentifier.resultingTradeId.tradeId[tradeIdScheme=http://www.fpml.org/coding-scheme/external/unique-transaction-identifier],0,,Element with value 12345678901234567890123456789012 could not be mapped to a rosettaField
cdm-sample-files/events/Clearing-cleared-alpha-Trade-03.xml,Fail_MappedNone,trade.tradeHeader.partyTradeInformation(0).reportingRegime(4).supervisorRegistration.supervisoryBody,trade.tradeHeader.partyTradeInformation.reportingRegime.supervisorRegistration.supervisoryBody,0,,Element with value FCA could not be mapped to a rosettaField
cdm-sample-files/events/Clearing-cleared-alpha-Trade-03.xml,Fail_MappedNone,trade.tradeHeader.partyTradeInformation(1).reportingRegime(0).supervisorRegistration.supervisoryBody,trade.tradeHeader.partyTradeInformation.reportingRegime.supervisorRegistration.supervisoryBody,0,,Element with value ESMA could not be mapped to a rosettaField
cdm-sample-files/events/Clearing-cleared-alpha-Trade-03.xml,Fail_MappedNone,trade.tradeHeader.partyTradeInformation(0).collateralPortfolio[portfolioNameScheme=http://www.bankx.com/collateral-portfolio-id].portfolioNameScheme,trade.tradeHeader.partyTradeInformation.collateralPortfolio[portfolioNameScheme=http://www.bankx.com/collateral-portfolio-id].portfolioNameScheme,0,,Element with value http://www.bankx.com/collateral-portfolio-id could not be mapped to a rosettaField
cdm-sample-files/events/Clearing-cleared-alpha-Trade-03.xml,Fail_MappedNone,trade.tradeHeader.partyTradeInformation(0).pricingContext(3),trade.tradeHeader.partyTradeInformation.pricingContext,0,,Element with value Allocation could not be mapped to a rosettaField
cdm-sample-files/events/Clearing-cleared-alpha-Trade-03.xml,Fail_MappedNone,trade.tradeHeader.partyTradeInformation(0).reportingRegime(2).name,trade.tradeHeader.partyTradeInformation.reportingRegime.name,0,,Element with value EMIR could not be mapped to a rosettaField
cdm-sample-files/events/Clearing-cleared-alpha-Trade-03.xml,Fail_MappedNone,trade.tradeHeader.partyTradeInformation(0).reportingRegime(2).reportingPurpose,trade.tradeHeader.partyTradeInformation.reportingRegime.reportingPurpose,0,,Element with value PrimaryEconomicTerms could not be mapped to a rosettaField
cdm-sample-files/events/Clearing-cleared-alpha-Trade-03.xml,Fail_MappedNone,tradingEvent.agreementDate,tradingEvent.agreementDate,0,,Element with value 2011-02-12 could not be mapped to a rosettaField
cdm-sample-files/events/Clearing-cleared-alpha-Trade-03.xml,Fail_MappedNone,trade.tradeHeader.partyTradeInformation(0).reportingRegime(3).partyEntityClassification(2).partyReference[href=party2].href,trade.tradeHeader.partyTradeInformation.reportingRegime.partyEntityClassification.partyReference[href=party2].href,0,,Element with value party2 could not be mapped to a rosettaField
cdm-sample-files/events/Clearing-cleared-alpha-Trade-03.xml,Fail_MappedNone,trade.tradeHeader.partyTradeInformation(0).executionVenueType,trade.tradeHeader.partyTradeInformation.executionVenueType,0,,Element with value SEF could not be mapped to a rosettaField
cdm-sample-files/events/Clearing-cleared-alpha-Trade-03.xml,Fail_MappedNone,trade.tradeHeader.partyTradeInformation(0).endUserException,trade.tradeHeader.partyTradeInformation.endUserException,0,,Element with value true could not be mapped to a rosettaField
cdm-sample-files/events/Clearing-cleared-alpha-Trade-03.xml,Fail_MappedNone,trade.tradeHeader.partyTradeInformation(1).reportingRegime(0).reportingRole,trade.tradeHeader.partyTradeInformation.reportingRegime.reportingRole,0,,Element with value ReportingParty could not be mapped to a rosettaField
cdm-sample-files/events/Clearing-cleared-alpha-Trade-03.xml,Fail_MappedNone,trade.tradeHeader.partyTradeInformation(0).reportingRegime(0).mandatorilyClearable,trade.tradeHeader.partyTradeInformation.reportingRegime.mandatorilyClearable,0,,Element with value false could not be mapped to a rosettaField
cdm-sample-files/events/Clearing-cleared-alpha-Trade-03.xml,Fail_MappedNone,party(4)[id=party2].organizationType,party[id=party2].organizationType,0,,Element with value non-SD/MSP could not be mapped to a rosettaField
cdm-sample-files/events/Clearing-cleared-alpha-Trade-03.xml,Fail_MappedMultiple,party(5)[id=party2_parent].partyId[partyIdScheme=http://www.fpml.org/coding-scheme/external/iso17442].partyIdScheme,party[id=party2_parent].partyId[partyIdScheme=http://www.fpml.org/coding-scheme/external/iso17442].partyIdScheme,2,ReportableEvent.originatingWorkflowStep.proposedEvent.instruction(0).before.value.trade.party(5).partyId(0).identifier.meta.scheme=[http://www.fpml.org/coding-scheme/external/iso17442] ReportableEvent.originatingWorkflowStep.proposedEvent.instruction(0).before.value.trade.party(5).partyId(0).identifierType=[LEI],Element mapped to multiple rosettaFields
cdm-sample-files/events/Clearing-cleared-alpha-Trade-03.xml,Fail_MappedNone,party(0)[id=party1].classification(1)[industryClassificationScheme=http://www.fpml.org/coding-scheme/hkma-rewrite-regulatory-corporate-sector],party[id=party1].classification[industryClassificationScheme=http://www.fpml.org/coding-scheme/hkma-rewrite-regulatory-corporate-sector],0,,Element with value UCIT could not be mapped to a rosettaField
cdm-sample-files/events/Clearing-cleared-alpha-Trade-03.xml,Fail_MappedNone,trade.tradeHeader.partyTradeInformation(0).reportingRegime(3).partyEntityClassification(0).entityClassification[entityClassificationScheme=http://www.fpml.org/coding-scheme/csa-dealer-status-entity-classification],trade.tradeHeader.partyTradeInformation.reportingRegime.partyEntityClassification.entityClassification[entityClassificationScheme=http://www.fpml.org/coding-scheme/csa-dealer-status-entity-classification],0,,Element with value Dealer could not be mapped to a rosettaField
cdm-sample-files/events/Clearing-cleared-alpha-Trade-03.xml,Fail_MappedNone,trade.tradeHeader.partyTradeInformation(0).relatedBusinessUnit(1).businessUnitReference[href=desk1].href,trade.tradeHeader.partyTradeInformation.relatedBusinessUnit.businessUnitReference[href=desk1].href,0,,Element with value desk1 could not be mapped to a rosettaField
cdm-sample-files/events/Clearing-cleared-alpha-Trade-03.xml,Fail_MappedNone,trade.tradeHeader.partyTradeInformation(0).collateralizationType,trade.tradeHeader.partyTradeInformation.collateralizationType,0,,Element with value Fully could not be mapped to a rosettaField
cdm-sample-files/events/Clearing-cleared-alpha-Trade-03.xml,Fail_MappedMultiple,party(10)[id=clearing-svc].partyId[partyIdScheme=http://www.fpml.org/coding-scheme/external/iso17442].partyIdScheme,party[id=clearing-svc].partyId[partyIdScheme=http://www.fpml.org/coding-scheme/external/iso17442].partyIdScheme,2,ReportableEvent.originatingWorkflowStep.proposedEvent.instruction(0).before.value.trade.party(10).partyId(0).identifierType=[LEI] ReportableEvent.originatingWorkflowStep.proposedEvent.instruction(0).before.value.trade.party(10).partyId(0).identifier.meta.scheme=[http://www.fpml.org/coding-scheme/external/iso17442],Element mapped to multiple rosettaFields
cdm-sample-files/events/Clearing-cleared-alpha-Trade-03.xml,Fail_MappedNone,trade.tradeHeader.partyTradeInformation(0).reportingRegime(1).partyEntityClassification(2).entityClassification[entityClassificationScheme=http://www.fpml.org/coding-scheme/sec-entity-classification].entityClassificationScheme,trade.tradeHeader.partyTradeInformation.reportingRegime.partyEntityClassification.entityClassification[entityClassificationScheme=http://www.fpml.org/coding-scheme/sec-entity-classification].entityClassificationScheme,0,,Element with value http://www.fpml.org/coding-scheme/sec-entity-classification could not be mapped to a rosettaField
cdm-sample-files/events/Clearing-cleared-alpha-Trade-03.xml,Fail_MappedNone,trade.tradeHeader.partyTradeInformation(0).pricingContext(2),trade.tradeHeader.partyTradeInformation.pricingContext,0,,Element with value ClearingForcedTrade could not be mapped to a rosettaField
cdm-sample-files/events/Clearing-cleared-alpha-Trade-03.xml,Fail_MappedNone,trade.tradeHeader.partyTradeInformation(1).reportingRegime(3).entityClassification[entityClassificationScheme=http://www.fpml.org/coding-scheme/cftc-entity-classification].entityClassificationScheme,trade.tradeHeader.partyTradeInformation.reportingRegime.entityClassification[entityClassificationScheme=http://www.fpml.org/coding-scheme/cftc-entity-classification].entityClassificationScheme,0,,Element with value http://www.fpml.org/coding-scheme/cftc-entity-classification could not be mapped to a rosettaField
cdm-sample-files/events/Clearing-cleared-alpha-Trade-03.xml,Fail_MappedNone,trade.tradeHeader.partyTradeInformation(1).reportingRegime(4).name,trade.tradeHeader.partyTradeInformation.reportingRegime.name,0,,Element with value HKTR could not be mapped to a rosettaField
cdm-sample-files/events/Clearing-cleared-alpha-Trade-03.xml,Fail_MappedNone,trade.tradeHeader.partyTradeInformation(0).reportingRegime(6).reportingRole,trade.tradeHeader.partyTradeInformation.reportingRegime.reportingRole,0,,Element with value ReportingParty could not be mapped to a rosettaField
cdm-sample-files/events/Clearing-cleared-alpha-Trade-03.xml,Fail_MappedNone,party(4)[id=party2].classification(1)[industryClassificationScheme=http://www.fpml.org/coding-scheme/hkma-rewrite-regulatory-corporate-sector].industryClassificationScheme,party[id=party2].classification[industryClassificationScheme=http://www.fpml.org/coding-scheme/hkma-rewrite-regulatory-corporate-sector].industryClassificationScheme,0,,Element with value http://www.fpml.org/coding-scheme/hkma-rewrite-regulatory-corporate-sector could not be mapped to a rosettaField
cdm-sample-files/events/Clearing-cleared-alpha-Trade-03.xml,Fail_MappedNone,party(0)[id=party1].classification(2)[industryClassificationScheme=http://www.fpml.org/coding-scheme/esma-emir-refit-regulatory-corporate-sector],party[id=party1].classification[industryClassificationScheme=http://www.fpml.org/coding-scheme/esma-emir-refit-regulatory-corporate-sector],0,,Element with value UCIT could not be mapped to a rosettaField
cdm-sample-files/events/Clearing-cleared-alpha-Trade-03.xml,Fail_MappedNone,trade.tradeHeader.partyTradeIdentifier(1).resultingTradeId(1).issuer[issuerIdScheme=http://www.fpml.org/coding-scheme/external/cftc/issuer-identifier],trade.tradeHeader.partyTradeIdentifier.resultingTradeId.issuer[issuerIdScheme=http://www.fpml.org/coding-scheme/external/cftc/issuer-identifier],0,,Element with value 1031234567 could not be mapped to a rosettaField
cdm-sample-files/events/Clearing-cleared-alpha-Trade-03.xml,Fail_MappedNone,trade.tradeHeader.partyTradeInformation(0).reportingRegime(1).partyEntityClassification(0).partyReference[href=party1].href,trade.tradeHeader.partyTradeInformation.reportingRegime.partyEntityClassification.partyReference[href=party1].href,0,,Element with value party1 could not be mapped to a rosettaField
cdm-sample-files/events/Clearing-cleared-alpha-Trade-03.xml,Fail_MappedNone,trade.tradeHeader.partyTradeInformation(0).reportingRegime(6).supervisorRegistration.supervisoryBody,trade.tradeHeader.partyTradeInformation.reportingRegime.supervisorRegistration.supervisoryBody,0,,Element with value CA.AB.ASC could not be mapped to a rosettaField
cdm-sample-files/events/Clearing-cleared-alpha-Trade-03.xml,Fail_MappedMultiple,party(11)[id=original_sdr].partyId[partyIdScheme=http://www.fpml.org/coding-scheme/external/iso17442].partyIdScheme,party[id=original_sdr].partyId[partyIdScheme=http://www.fpml.org/coding-scheme/external/iso17442].partyIdScheme,2,ReportableEvent.originatingWorkflowStep.proposedEvent.instruction(0).before.value.trade.party(11).partyId(0).identifier.meta.scheme=[http://www.fpml.org/coding-scheme/external/iso17442] ReportableEvent.originatingWorkflowStep.proposedEvent.instruction(0).before.value.trade.party(11).partyId(0).identifierType=[LEI],Element mapped to multiple rosettaFields
cdm-sample-files/events/Clearing-cleared-alpha-Trade-03.xml,Fail_MappedNone,trade.tradeHeader.partyTradeInformation(1).reportingRegime(3).entityClassification[entityClassificationScheme=http://www.fpml.org/coding-scheme/cftc-entity-classification],trade.tradeHeader.partyTradeInformation.reportingRegime.entityClassification[entityClassificationScheme=http://www.fpml.org/coding-scheme/cftc-entity-classification],0,,Element with value SBSD could not be mapped to a rosettaField
cdm-sample-files/events/Clearing-cleared-alpha-Trade-03.xml,Fail_MappedNone,trade.tradeHeader.partyTradeInformation(1).reportingRegime(0).exceedsClearingThreshold,trade.tradeHeader.partyTradeInformation.reportingRegime.exceedsClearingThreshold,0,,Element with value true could not be mapped to a rosettaField
cdm-sample-files/events/Clearing-cleared-alpha-Trade-03.xml,Fail_MappedNone,trade.tradeHeader.partyTradeInformation(1).reportingRegime(2).supervisorRegistration.supervisoryBody,trade.tradeHeader.partyTradeInformation.reportingRegime.supervisorRegistration.supervisoryBody,0,,Element with value JFSA could not be mapped to a rosettaField
cdm-sample-files/events/Clearing-cleared-alpha-Trade-03.xml,Fail_MappedNone,trade.tradeHeader.partyTradeInformation(0).reportingRegime(1).reportingPurpose(0),trade.tradeHeader.partyTradeInformation.reportingRegime.reportingPurpose,0,,Element with value RealTimePublic could not be mapped to a rosettaField
cdm-sample-files/events/Clearing-cleared-alpha-Trade-03.xml,Fail_MappedNone,trade.tradeHeader.partyTradeInformation(0).reportingRegime(3).name,trade.tradeHeader.partyTradeInformation.reportingRegime.name,0,,Element with value CA.Rule.91-507 could not be mapped to a rosettaField
cdm-sample-files/events/Clearing-cleared-alpha-Trade-03.xml,Fail_MappedNone,trade.tradeHeader.partyTradeInformation(0).reportingRegime(7).mandatorilyClearable,trade.tradeHeader.partyTradeInformation.reportingRegime.mandatorilyClearable,0,,Element with value false could not be mapped to a rosettaField
cdm-sample-files/events/Clearing-cleared-alpha-Trade-03.xml,Fail_MappedNone,trade.tradeHeader.partyTradeInformation(1).reportingRegime(3).reportingRole,trade.tradeHeader.partyTradeInformation.reportingRegime.reportingRole,0,,Element with value ReportingParty could not be mapped to a rosettaField
cdm-sample-files/events/Clearing-cleared-alpha-Trade-03.xml,Fail_MappedNone,trade.tradeHeader.partyTradeInformation(0).reportingRegime(1).partyEntityClassification(0).entityClassification[entityClassificationScheme=http://www.fpml.org/coding-scheme/sec-entity-classification].entityClassificationScheme,trade.tradeHeader.partyTradeInformation.reportingRegime.partyEntityClassification.entityClassification[entityClassificationScheme=http://www.fpml.org/coding-scheme/sec-entity-classification].entityClassificationScheme,0,,Element with value http://www.fpml.org/coding-scheme/sec-entity-classification could not be mapped to a rosettaField
cdm-sample-files/events/Clearing-cleared-alpha-Trade-03.xml,Fail_MappedNone,trade.tradeHeader.partyTradeInformation(0).reportingRegime(2).entityClassification[entityClassificationScheme=http://www.fpml.org/coding-scheme/esma-entity-classification],trade.tradeHeader.partyTradeInformation.reportingRegime.entityClassification[entityClassificationScheme=http://www.fpml.org/coding-scheme/esma-entity-classification],0,,Element with value Financial could not be mapped to a rosettaField
cdm-sample-files/events/Clearing-cleared-alpha-Trade-03.xml,Fail_MappedNone,trade.tradeHeader.partyTradeIdentifier(1).resultingTradeId(0).associatedPartyReference[href=party1].href,trade.tradeHeader.partyTradeIdentifier.resultingTradeId.associatedPartyReference[href=party1].href,0,,Element with value party1 could not be mapped to a rosettaField
cdm-sample-files/events/Clearing-cleared-alpha-Trade-03.xml,Fail_MappedNone,trade.tradeHeader.partyTradeInformation(0).reportingRegime(1).reportingPurpose(1),trade.tradeHeader.partyTradeInformation.reportingRegime.reportingPurpose,0,,Element with value PrimaryEconomicTerms could not be mapped to a rosettaField
cdm-sample-files/events/Clearing-cleared-alpha-Trade-03.xml,Fail_MappedNone,party(4)[id=party2].classification(2)[industryClassificationScheme=http://www.fpml.org/coding-scheme/esma-emir-refit-regulatory-corporate-sector].industryClassificationScheme,party[id=party2].classification[industryClassificationScheme=http://www.fpml.org/coding-scheme/esma-emir-refit-regulatory-corporate-sector].industryClassificationScheme,0,,Element with value http://www.fpml.org/coding-scheme/esma-emir-refit-regulatory-corporate-sector could not be mapped to a rosettaField
cdm-sample-files/events/Clearing-cleared-alpha-Trade-03.xml,Fail_MappedNone,trade.tradeHeader.partyTradeInformation(1).reportingRegime(1).mandatorilyClearable,trade.tradeHeader.partyTradeInformation.reportingRegime.mandatorilyClearable,0,,Element with value false could not be mapped to a rosettaField
cdm-sample-files/events/Clearing-cleared-alpha-Trade-03.xml,Fail_MappedNone,trade.tradeHeader.partyTradeIdentifier(1).resultingTradeId(2).issuer[issuerIdScheme=http://www.fpml.org/coding-scheme/external/cftc/issuer-identifier],trade.tradeHeader.partyTradeIdentifier.resultingTradeId.issuer[issuerIdScheme=http://www.fpml.org/coding-scheme/external/cftc/issuer-identifier],0,,Element with value 1031234567 could not be mapped to a rosettaField
cdm-sample-files/events/Clearing-cleared-alpha-Trade-03.xml,Fail_MappedNone,party(0)[id=party1].classification(0),party[id=party1].classification,0,,Element with value InvestmentFirm could not be mapped to a rosettaField
cdm-sample-files/events/Clearing-cleared-alpha-Trade-03.xml,Fail_MappedMultiple,party(0)[id=party1].partyId[partyIdScheme=http://www.fpml.org/coding-scheme/external/iso17442].partyIdScheme,party[id=party1].partyId[partyIdScheme=http://www.fpml.org/coding-scheme/external/iso17442].partyIdScheme,2,ReportableEvent.originatingWorkflowStep.proposedEvent.instruction(0).before.value.trade.party(0).partyId(0).identifierType=[LEI] ReportableEvent.originatingWorkflowStep.proposedEvent.instruction(0).before.value.trade.party(0).partyId(0).identifier.meta.scheme=[http://www.fpml.org/coding-scheme/external/iso17442],Element mapped to multiple rosettaFields
cdm-sample-files/events/Clearing-cleared-alpha-Trade-03.xml,Fail_MappedNone,trade.tradeHeader.partyTradeInformation(0).reportingRegime(1).reportingRole,trade.tradeHeader.partyTradeInformation.reportingRegime.reportingRole,0,,Element with value VoluntaryParty could not be mapped to a rosettaField
cdm-sample-files/events/Clearing-cleared-alpha-Trade-03.xml,Fail_MappedNone,party(4)[id=party2].region,party[id=party2].region,0,,Element with value NonEEA could not be mapped to a rosettaField
cdm-sample-files/events/Clearing-cleared-alpha-Trade-03.xml,Fail_MappedNone,trade.tradeHeader.partyTradeIdentifier(1).resultingTradeId(2).tradeId[tradeIdScheme=http://www.fpml.org/coding-scheme/external/unique-transaction-identifier],trade.tradeHeader.partyTradeIdentifier.resultingTradeId.tradeId[tradeIdScheme=http://www.fpml.org/coding-scheme/external/unique-transaction-identifier],0,,Element with value 12345678901234567890123456789014 could not be mapped to a rosettaField
cdm-sample-files/events/Clearing-cleared-alpha-Trade-03.xml,Fail_MappedNone,trade.tradeHeader.partyTradeInformation(0).reportingRegime(0).reportingPurpose(0),trade.tradeHeader.partyTradeInformation.reportingRegime.reportingPurpose,0,,Element with value RealTimePublic could not be mapped to a rosettaField
cdm-sample-files/events/Clearing-cleared-alpha-Trade-03.xml,Fail_MappedNone,trade.tradeHeader.partyTradeInformation(0).reportingRegime(4).name,trade.tradeHeader.partyTradeInformation.reportingRegime.name,0,,Element with value UKEMIR could not be mapped to a rosettaField
cdm-sample-files/events/Clearing-cleared-alpha-Trade-03.xml,Fail_MappedNone,trade.tradeHeader.partyTradeInformation(1).reportingRegime(4).entityClassification,trade.tradeHeader.partyTradeInformation.reportingRegime.entityClassification,0,,Element with value Financial could not be mapped to a rosettaField
cdm-sample-files/events/Clearing-cleared-alpha-Trade-03.xml,Fail_MappedNone,trade.tradeHeader.partyTradeInformation(0).largeSizeTrade,trade.tradeHeader.partyTradeInformation.largeSizeTrade,0,,Element with value false could not be mapped to a rosettaField
cdm-sample-files/events/Clearing-cleared-alpha-Trade-03.xml,Fail_MappedNone,trade.tradeHeader.partyTradeInformation(0).reportingRegime(1).partyEntityClassification(3).entityClassification[entityClassificationScheme=http://www.fpml.org/coding-scheme/sec-entity-classification],trade.tradeHeader.partyTradeInformation.reportingRegime.partyEntityClassification.entityClassification[entityClassificationScheme=http://www.fpml.org/coding-scheme/sec-entity-classification],0,,Element with value Participant could not be mapped to a rosettaField
cdm-sample-files/events/Clearing-cleared-alpha-Trade-03.xml,Fail_MappedNone,trade.tradeHeader.partyTradeInformation(0).reportingRegime(0).reportingPurpose(1),trade.tradeHeader.partyTradeInformation.reportingRegime.reportingPurpose,0,,Element with value PrimaryEconomicTerms could not be mapped to a rosettaField
cdm-sample-files/events/Clearing-cleared-alpha-Trade-03.xml,Fail_MappedNone,trade.tradeHeader.partyTradeInformation(0).endUserExceptionReason,trade.tradeHeader.partyTradeInformation.endUserExceptionReason,0,,Element with value Inter-Affiliate could not be mapped to a rosettaField
cdm-sample-files/events/Clearing-cleared-alpha-Trade-03.xml,Fail_MappedMultiple,party(1)[id=party1_parent].partyId[partyIdScheme=http://www.fpml.org/coding-scheme/external/iso17442].partyIdScheme,party[id=party1_parent].partyId[partyIdScheme=http://www.fpml.org/coding-scheme/external/iso17442].partyIdScheme,2,ReportableEvent.originatingWorkflowStep.proposedEvent.instruction(0).before.value.trade.party(1).partyId(0).identifier.meta.scheme=[http://www.fpml.org/coding-scheme/external/iso17442] ReportableEvent.originatingWorkflowStep.proposedEvent.instruction(0).before.value.trade.party(1).partyId(0).identifierType=[LEI],Element mapped to multiple rosettaFields
cdm-sample-files/events/Clearing-cleared-alpha-Trade-03.xml,Fail_MappedNone,trade.tradeHeader.partyTradeInformation(1).reportingRegime(2).reportingRole,trade.tradeHeader.partyTradeInformation.reportingRegime.reportingRole,0,,Element with value ReportingParty could not be mapped to a rosettaField
cdm-sample-files/events/Clearing-cleared-alpha-Trade-03.xml,Fail_MappedNone,trade.tradeHeader.partyTradeInformation(0).reportingRegime(6).mandatorilyClearable,trade.tradeHeader.partyTradeInformation.reportingRegime.mandatorilyClearable,0,,Element with value false could not be mapped to a rosettaField
cdm-sample-files/events/Clearing-cleared-alpha-Trade-03.xml,Fail_MappedMultiple,party(6)[id=party2_affiliate1].partyId[partyIdScheme=http://www.fpml.org/coding-scheme/external/iso17442].partyIdScheme,party[id=party2_affiliate1].partyId[partyIdScheme=http://www.fpml.org/coding-scheme/external/iso17442].partyIdScheme,2,ReportableEvent.originatingWorkflowStep.proposedEvent.instruction(0).before.value.trade.party(6).partyId(0).identifierType=[LEI] ReportableEvent.originatingWorkflowStep.proposedEvent.instruction(0).before.value.trade.party(6).partyId(0).identifier.meta.scheme=[http://www.fpml.org/coding-scheme/external/iso17442],Element mapped to multiple rosettaFields
cdm-sample-files/events/Clearing-cleared-alpha-Trade-03.xml,Fail_MappedNone,trade.tradeHeader.partyTradeInformation(0).reportingRegime(3).partyEntityClassification(3).entityClassification[entityClassificationScheme=http://www.fpml.org/coding-scheme/csa-local-party-status-entity-classification].entityClassificationScheme,trade.tradeHeader.partyTradeInformation.reportingRegime.partyEntityClassification.entityClassification[entityClassificationScheme=http://www.fpml.org/coding-scheme/csa-local-party-status-entity-classification].entityClassificationScheme,0,,Element with value http://www.fpml.org/coding-scheme/csa-local-party-status-entity-classification could not be mapped to a rosettaField
cdm-sample-files/events/Clearing-cleared-alpha-Trade-03.xml,Fail_MappedNone,trade.tradeHeader.productSummary.finalSettlementDate,trade.tradeHeader.productSummary.finalSettlementDate,0,,Element with value 2014-06-20 could not be mapped to a rosettaField
cdm-sample-files/events/Clearing-cleared-alpha-Trade-03.xml,Fail_MappedNone,trade.tradeHeader.partyTradeInformation(1).reportingRegime(1).supervisorRegistration.supervisoryBody,trade.tradeHeader.partyTradeInformation.reportingRegime.supervisorRegistration.supervisoryBody,0,,Element with value FCA could not be mapped to a rosettaField
cdm-sample-files/events/Clearing-cleared-alpha-Trade-03.xml,Fail_MappedNone,trade.tradeHeader.partyTradeIdentifier(1).resultingTradeId(2).tradeId[tradeIdScheme=http://www.fpml.org/coding-scheme/external/unique-transaction-identifier].tradeIdScheme,trade.tradeHeader.partyTradeIdentifier.resultingTradeId.tradeId[tradeIdScheme=http://www.fpml.org/coding-scheme/external/unique-transaction-identifier].tradeIdScheme,0,,Element with value http://www.fpml.org/coding-scheme/external/unique-transaction-identifier could not be mapped to a rosettaField
cdm-sample-files/events/Clearing-cleared-alpha-Trade-03.xml,Fail_MappedNone,trade.tradeHeader.partyTradeInformation(1).reportingRegime(1).reportingPurpose,trade.tradeHeader.partyTradeInformation.reportingRegime.reportingPurpose,0,,Element with value PrimaryEconomicTerms could not be mapped to a rosettaField
cdm-sample-files/events/Clearing-cleared-alpha-Trade-03.xml,Fail_MappedNone,sequenceNumber,sequenceNumber,0,,Element with value 1 could not be mapped to a rosettaField
cdm-sample-files/events/Clearing-cleared-alpha-Trade-03.xml,Fail_MappedNone,trade.tradeHeader.partyTradeInformation(0).reportingRegime(5).name,trade.tradeHeader.partyTradeInformation.reportingRegime.name,0,,Element with value JFSA could not be mapped to a rosettaField
cdm-sample-files/events/Clearing-cleared-alpha-Trade-03.xml,Fail_MappedNone,trade.tradeHeader.partyTradeInformation(0).reportingRegime(3).partyEntityClassification(1).partyReference[href=party2].href,trade.tradeHeader.partyTradeInformation.reportingRegime.partyEntityClassification.partyReference[href=party2].href,0,,Element with value party2 could not be mapped to a rosettaField
cdm-sample-files/events/Clearing-cleared-alpha-Trade-03.xml,Fail_MappedNone,trade.tradeHeader.partyTradeInformation(1).reportingRegime(0).mandatorilyClearable,trade.tradeHeader.partyTradeInformation.reportingRegime.mandatorilyClearable,0,,Element with value false could not be mapped to a rosettaField
cdm-sample-files/events/Clearing-cleared-alpha-Trade-03.xml,Fail_MappedNone,trade.tradeHeader.partyTradeInformation(0).reportingRegime(0).supervisorRegistration.supervisoryBody,trade.tradeHeader.partyTradeInformation.reportingRegime.supervisorRegistration.supervisoryBody,0,,Element with value CFTC could not be mapped to a rosettaField
cdm-sample-files/events/Clearing-cleared-alpha-Trade-03.xml,Fail_MappedNone,trade.tradeHeader.partyTradeIdentifier(1).resultingTradeId(0).issuer[issuerIdScheme=http://www.fpml.org/coding-scheme/external/cftc/issuer-identifier].issuerIdScheme,trade.tradeHeader.partyTradeIdentifier.resultingTradeId.issuer[issuerIdScheme=http://www.fpml.org/coding-scheme/external/cftc/issuer-identifier].issuerIdScheme,0,,Element with value http://www.fpml.org/coding-scheme/external/cftc/issuer-identifier could not be mapped to a rosettaField
cdm-sample-files/events/Clearing-cleared-alpha-Trade-03.xml,Fail_MappedNone,trade.tradeHeader.partyTradeInformation(0).reportingRegime(0).reportingRole,trade.tradeHeader.partyTradeInformation.reportingRegime.reportingRole,0,,Element with value ReportingParty could not be mapped to a rosettaField
cdm-sample-files/events/Clearing-cleared-beta-Trade-04.xml,Fail_MappedNone,party(7)[id=clearing-svc].classification(1)[industryClassificationScheme=http://www.fpml.org/coding-scheme/hkma-rewrite-regulatory-corporate-sector].industryClassificationScheme,party[id=clearing-svc].classification[industryClassificationScheme=http://www.fpml.org/coding-scheme/hkma-rewrite-regulatory-corporate-sector].industryClassificationScheme,0,,Element with value http://www.fpml.org/coding-scheme/hkma-rewrite-regulatory-corporate-sector could not be mapped to a rosettaField
cdm-sample-files/events/Clearing-cleared-beta-Trade-04.xml,Fail_MappedNone,trade.tradeHeader.partyTradeInformation(0).reportingRegime(2).supervisorRegistration.supervisoryBody,trade.tradeHeader.partyTradeInformation.reportingRegime.supervisorRegistration.supervisoryBody,0,,Element with value ESMA could not be mapped to a rosettaField
cdm-sample-files/events/Clearing-cleared-beta-Trade-04.xml,Fail_MappedMultiple,party(7)[id=clearing-svc].partyId[partyIdScheme=http://www.fpml.org/coding-scheme/external/iso17442].partyIdScheme,party[id=clearing-svc].partyId[partyIdScheme=http://www.fpml.org/coding-scheme/external/iso17442].partyIdScheme,2,ReportableEvent.originatingWorkflowStep.proposedEvent.instruction(0).before.value.trade.party(7).partyId(0).identifierType=[LEI] ReportableEvent.originatingWorkflowStep.proposedEvent.instruction(0).before.value.trade.party(7).partyId(0).identifier.meta.scheme=[http://www.fpml.org/coding-scheme/external/iso17442],Element mapped to multiple rosettaFields
cdm-sample-files/events/Clearing-cleared-beta-Trade-04.xml,Fail_MappedNone,trade.tradeHeader.productSummary.seniority,trade.tradeHeader.productSummary.seniority,0,,Element with value SeniorSec could not be mapped to a rosettaField
cdm-sample-files/events/Clearing-cleared-beta-Trade-04.xml,Fail_MappedNone,trade.tradeHeader.partyTradeInformation(1).reportingRegime(1).entityClassification[entityClassificationScheme=http://www.fpml.org/coding-scheme/esma-entity-classification],trade.tradeHeader.partyTradeInformation.reportingRegime.entityClassification[entityClassificationScheme=http://www.fpml.org/coding-scheme/esma-entity-classification],0,,Element with value Financial could not be mapped to a rosettaField
cdm-sample-files/events/Clearing-cleared-beta-Trade-04.xml,Fail_MappedNone,trade.tradeHeader.partyTradeInformation(0).compressedTrade,trade.tradeHeader.partyTradeInformation.compressedTrade,0,,Element with value true could not be mapped to a rosettaField
cdm-sample-files/events/Clearing-cleared-beta-Trade-04.xml,Fail_MappedNone,correlationId[correlationIdScheme=http://fpml.org/submitter_trade_id].correlationIdScheme,correlationId[correlationIdScheme=http://fpml.org/submitter_trade_id].correlationIdScheme,0,,Element with value http://fpml.org/submitter_trade_id could not be mapped to a rosettaField
cdm-sample-files/events/Clearing-cleared-beta-Trade-04.xml,Fail_MappedNone,trade.tradeHeader.partyTradeInformation(0).timestamps.nonpublicReportAccepted,trade.tradeHeader.partyTradeInformation.timestamps.nonpublicReportAccepted,0,,Element with value 2011-03-04T16:42:17Z could not be mapped to a rosettaField
cdm-sample-files/events/Clearing-cleared-beta-Trade-04.xml,Fail_MappedNone,trade.tradeHeader.partyTradeInformation(0).reportingRegime(1).partyEntityClassification(2).entityClassification[entityClassificationScheme=http://www.fpml.org/coding-scheme/sec-entity-classification],trade.tradeHeader.partyTradeInformation.reportingRegime.partyEntityClassification.entityClassification[entityClassificationScheme=http://www.fpml.org/coding-scheme/sec-entity-classification],0,,Element with value Participant could not be mapped to a rosettaField
cdm-sample-files/events/Clearing-cleared-beta-Trade-04.xml,Fail_MappedNone,trade.tradeHeader.partyTradeInformation(1).reportingRegime(0).reportingPurpose,trade.tradeHeader.partyTradeInformation.reportingRegime.reportingPurpose,0,,Element with value PrimaryEconomicTerms could not be mapped to a rosettaField
cdm-sample-files/events/Clearing-cleared-beta-Trade-04.xml,Fail_MappedNone,party(7)[id=clearing-svc].organizationType[organizationTypeScheme=http://www.fpml.org/coding-scheme/organization-type],party[id=clearing-svc].organizationType[organizationTypeScheme=http://www.fpml.org/coding-scheme/organization-type],0,,Element with value SD could not be mapped to a rosettaField
cdm-sample-files/events/Clearing-cleared-beta-Trade-04.xml,Fail_MappedNone,trade.tradeHeader.partyTradeInformation(0).reportingRegime(3).partyEntityClassification(0).partyReference[href=party1].href,trade.tradeHeader.partyTradeInformation.reportingRegime.partyEntityClassification.partyReference[href=party1].href,0,,Element with value party1 could not be mapped to a rosettaField
cdm-sample-files/events/Clearing-cleared-beta-Trade-04.xml,Fail_MappedNone,trade.tradeHeader.partyTradeInformation(0).offMarketPrice,trade.tradeHeader.partyTradeInformation.offMarketPrice,0,,Element with value false could not be mapped to a rosettaField
cdm-sample-files/events/Clearing-cleared-beta-Trade-04.xml,Fail_MappedNone,trade.tradeHeader.partyTradeInformation(0).reportingRegime(3).partyEntityClassification(1).entityClassification[entityClassificationScheme=http://www.fpml.org/coding-scheme/csa-local-party-status-entity-classification].entityClassificationScheme,trade.tradeHeader.partyTradeInformation.reportingRegime.partyEntityClassification.entityClassification[entityClassificationScheme=http://www.fpml.org/coding-scheme/csa-local-party-status-entity-classification].entityClassificationScheme,0,,Element with value http://www.fpml.org/coding-scheme/csa-local-party-status-entity-classification could not be mapped to a rosettaField
cdm-sample-files/events/Clearing-cleared-beta-Trade-04.xml,Fail_MappedNone,trade.tradeHeader.productSummary.settlementType,trade.tradeHeader.productSummary.settlementType,0,,Element with value Cash could not be mapped to a rosettaField
cdm-sample-files/events/Clearing-cleared-beta-Trade-04.xml,Fail_MappedNone,trade.tradeHeader.partyTradeInformation(1).reportingRegime(1).entityClassification[entityClassificationScheme=http://www.fpml.org/coding-scheme/esma-entity-classification].entityClassificationScheme,trade.tradeHeader.partyTradeInformation.reportingRegime.entityClassification[entityClassificationScheme=http://www.fpml.org/coding-scheme/esma-entity-classification].entityClassificationScheme,0,,Element with value http://www.fpml.org/coding-scheme/esma-entity-classification could not be mapped to a rosettaField
cdm-sample-files/events/Clearing-cleared-beta-Trade-04.xml,Fail_MappedNone,trade.tradeHeader.partyTradeInformation(0).relatedBusinessUnit(0).role,trade.tradeHeader.partyTradeInformation.relatedBusinessUnit.role,0,,Element with value RegisteredBranch could not be mapped to a rosettaField
cdm-sample-files/events/Clearing-cleared-beta-Trade-04.xml,Fail_MappedNone,party(0)[id=party1].country,party[id=party1].country,0,,Element with value GB could not be mapped to a rosettaField
cdm-sample-files/events/Clearing-cleared-beta-Trade-04.xml,Fail_MappedNone,trade.tradeHeader.partyTradeInformation(0).reportingRegime(6).name,trade.tradeHeader.partyTradeInformation.reportingRegime.name,0,,Element with value CSA could not be mapped to a rosettaField
cdm-sample-files/events/Clearing-cleared-beta-Trade-04.xml,Fail_MappedMultiple,trade.creditDefaultSwap.generalTerms.referenceInformation.referenceEntity[id=referenceEntity].entityId[entityIdScheme=http://www.fpml.org/spec/2003/entity-id-RED-1-0].entityIdScheme,trade.creditDefaultSwap.generalTerms.referenceInformation.referenceEntity[id=referenceEntity].entityId[entityIdScheme=http://www.fpml.org/spec/2003/entity-id-RED-1-0].entityIdScheme,3,ReportableEvent.originatingWorkflowStep.proposedEvent.instruction(0).before.value.trade.product.economicTerms.payout(0).CreditDefaultPayout.generalTerms.referenceInformation.referenceEntity.entityId(0).meta.scheme=[http://www.fpml.org/spec/2003/entity-id-RED-1-0] ReportableEvent.originatingWorkflowStep.proposedEvent.instruction(0).before.value.trade.product.economicTerms.payout(0).CreditDefaultPayout.generalTerms.referenceInformation.referenceEntity.entityIdentifier(0).identifierType=[REDID] ReportableEvent.originatingWorkflowStep.proposedEvent.instruction(0).before.value.trade.product.economicTerms.payout(0).CreditDefaultPayout.generalTerms.referenceInformation.referenceEntity.entityIdentifier(0).identifier.meta.scheme=[http://www.fpml.org/spec/2003/entity-id-RED-1-0],Element mapped to multiple rosettaFields
cdm-sample-files/events/Clearing-cleared-beta-Trade-04.xml,Fail_MappedNone,trade.tradeHeader.partyTradeIdentifier(1).originatingTradeId.issuer[issuerIdScheme=http://www.fpml.org/coding-scheme/external/cftc/issuer-identifier],trade.tradeHeader.partyTradeIdentifier.originatingTradeId.issuer[issuerIdScheme=http://www.fpml.org/coding-scheme/external/cftc/issuer-identifier],0,,Element with value 1031234567 could not be mapped to a rosettaField
cdm-sample-files/events/Clearing-cleared-beta-Trade-04.xml,Fail_MappedNone,trade.tradeHeader.partyTradeInformation(0).reportingRegime(3).reportingRole,trade.tradeHeader.partyTradeInformation.reportingRegime.reportingRole,0,,Element with value Principal could not be mapped to a rosettaField
cdm-sample-files/events/Clearing-cleared-beta-Trade-04.xml,Fail_MappedNone,trade.tradeHeader.partyTradeInformation(0).reportingRegime(1).partyEntityClassification(2).partyReference[href=party1].href,trade.tradeHeader.partyTradeInformation.reportingRegime.partyEntityClassification.partyReference[href=party1].href,0,,Element with value party1 could not be mapped to a rosettaField
cdm-sample-files/events/Clearing-cleared-beta-Trade-04.xml,Fail_MappedNone,trade.tradeHeader.partyTradeInformation(0).reportingRegime(4).entityClassification[entityClassificationScheme=http://www.fpml.org/coding-scheme/esma-entity-classification].entityClassificationScheme,trade.tradeHeader.partyTradeInformation.reportingRegime.entityClassification[entityClassificationScheme=http://www.fpml.org/coding-scheme/esma-entity-classification].entityClassificationScheme,0,,Element with value http://www.fpml.org/coding-scheme/esma-entity-classification could not be mapped to a rosettaField
cdm-sample-files/events/Clearing-cleared-beta-Trade-04.xml,Fail_MappedNone,trade.tradeHeader.partyTradeInformation(0).reportingRegime(3).partyEntityClassification(2).entityClassification[entityClassificationScheme=http://www.fpml.org/coding-scheme/csa-dealer-status-entity-classification].entityClassificationScheme,trade.tradeHeader.partyTradeInformation.reportingRegime.partyEntityClassification.entityClassification[entityClassificationScheme=http://www.fpml.org/coding-scheme/csa-dealer-status-entity-classification].entityClassificationScheme,0,,Element with value http://www.fpml.org/coding-scheme/csa-dealer-status-entity-classification could not be mapped to a rosettaField
cdm-sample-files/events/Clearing-cleared-beta-Trade-04.xml,Fail_MappedNone,trade.tradeHeader.partyTradeInformation(1).reportingRegime(1).exceedsClearingThreshold,trade.tradeHeader.partyTradeInformation.reportingRegime.exceedsClearingThreshold,0,,Element with value true could not be mapped to a rosettaField
cdm-sample-files/events/Clearing-cleared-beta-Trade-04.xml,Fail_MappedNone,trade.tradeHeader.partyTradeInformation(1).reportingRegime(0).entityClassification[entityClassificationScheme=http://www.fpml.org/coding-scheme/esma-entity-classification].entityClassificationScheme,trade.tradeHeader.partyTradeInformation.reportingRegime.entityClassification[entityClassificationScheme=http://www.fpml.org/coding-scheme/esma-entity-classification].entityClassificationScheme,0,,Element with value http://www.fpml.org/coding-scheme/esma-entity-classification could not be mapped to a rosettaField
cdm-sample-files/events/Clearing-cleared-beta-Trade-04.xml,Fail_MappedNone,trade.tradeHeader.partyTradeInformation(0).isDisputed,trade.tradeHeader.partyTradeInformation.isDisputed,0,,Element with value true could not be mapped to a rosettaField
cdm-sample-files/events/Clearing-cleared-beta-Trade-04.xml,Fail_MappedNone,trade.tradeHeader.partyTradeInformation(1).reportingRegime(3).supervisorRegistration.supervisoryBody,trade.tradeHeader.partyTradeInformation.reportingRegime.supervisorRegistration.supervisoryBody,0,,Element with value CA.AB.ASC could not be mapped to a rosettaField
cdm-sample-files/events/Clearing-cleared-beta-Trade-04.xml,Fail_MappedNone,trade.tradeHeader.partyTradeInformation(0).reportingRegime(1).partyEntityClassification(1).entityClassification[entityClassificationScheme=http://www.fpml.org/coding-scheme/sec-entity-classification],trade.tradeHeader.partyTradeInformation.reportingRegime.partyEntityClassification.entityClassification[entityClassificationScheme=http://www.fpml.org/coding-scheme/sec-entity-classification],0,,Element with value CA could not be mapped to a rosettaField
cdm-sample-files/events/Clearing-cleared-beta-Trade-04.xml,Fail_MappedNone,trade.tradeHeader.partyTradeInformation(0).reportingRegime(1).partyEntityClassification(3).partyReference[href=clearing-svc].href,trade.tradeHeader.partyTradeInformation.reportingRegime.partyEntityClassification.partyReference[href=clearing-svc].href,0,,Element with value clearing-svc could not be mapped to a rosettaField
cdm-sample-files/events/Clearing-cleared-beta-Trade-04.xml,Fail_MappedNone,trade.tradeHeader.partyTradeInformation(0).reportingRegime(7).supervisorRegistration.supervisoryBody,trade.tradeHeader.partyTradeInformation.reportingRegime.supervisorRegistration.supervisoryBody,0,,Element with value HKMA could not be mapped to a rosettaField
cdm-sample-files/events/Clearing-cleared-beta-Trade-04.xml,Fail_MappedNone,trade.tradeHeader.partyTradeInformation(1).reportingRegime(4).reportingRole,trade.tradeHeader.partyTradeInformation.reportingRegime.reportingRole,0,,Element with value ReportingParty could not be mapped to a rosettaField
cdm-sample-files/events/Clearing-cleared-beta-Trade-04.xml,Fail_MappedNone,trade.tradeHeader.partyTradeInformation(0).reportingRegime(4).mandatorilyClearable,trade.tradeHeader.partyTradeInformation.reportingRegime.mandatorilyClearable,0,,Element with value false could not be mapped to a rosettaField
cdm-sample-files/events/Clearing-cleared-beta-Trade-04.xml,Fail_MappedNone,trade.tradeHeader.partyTradeInformation(0).reportingRegime(1).supervisorRegistration.supervisoryBody,trade.tradeHeader.partyTradeInformation.reportingRegime.supervisorRegistration.supervisoryBody,0,,Element with value SEC could not be mapped to a rosettaField
cdm-sample-files/events/Clearing-cleared-beta-Trade-04.xml,Fail_MappedNone,party(0)[id=party1].organizationType,party[id=party1].organizationType,0,,Element with value SD could not be mapped to a rosettaField
cdm-sample-files/events/Clearing-cleared-beta-Trade-04.xml,Fail_MappedNone,trade.tradeHeader.partyTradeInformation(1).reportingRegime(0).name,trade.tradeHeader.partyTradeInformation.reportingRegime.name,0,,Element with value EMIR could not be mapped to a rosettaField
cdm-sample-files/events/Clearing-cleared-beta-Trade-04.xml,Fail_MappedNone,trade.tradeHeader.partyTradeInformation(0).relatedBusinessUnit(1).role,trade.tradeHeader.partyTradeInformation.relatedBusinessUnit.role,0,,Element with value TradingDesk could not be mapped to a rosettaField
cdm-sample-files/events/Clearing-cleared-beta-Trade-04.xml,Fail_MappedNone,trade.tradeHeader.partyTradeInformation(0).reportingRegime(7).name,trade.tradeHeader.partyTradeInformation.reportingRegime.name,0,,Element with value HKTR could not be mapped to a rosettaField
cdm-sample-files/events/Clearing-cleared-beta-Trade-04.xml,Fail_MappedMultiple,party(2)[id=party1_affiliate1].partyId[partyIdScheme=http://www.fpml.org/coding-scheme/external/iso17442].partyIdScheme,party[id=party1_affiliate1].partyId[partyIdScheme=http://www.fpml.org/coding-scheme/external/iso17442].partyIdScheme,2,ReportableEvent.originatingWorkflowStep.proposedEvent.instruction(0).before.value.trade.party(2).partyId(0).identifierType=[LEI] ReportableEvent.originatingWorkflowStep.proposedEvent.instruction(0).before.value.trade.party(2).partyId(0).identifier.meta.scheme=[http://www.fpml.org/coding-scheme/external/iso17442],Element mapped to multiple rosettaFields
cdm-sample-files/events/Clearing-cleared-beta-Trade-04.xml,Fail_MappedNone,trade.tradeHeader.partyTradeInformation(0).reportingRegime(2).reportingRole,trade.tradeHeader.partyTradeInformation.reportingRegime.reportingRole,0,,Element with value ReportingParty could not be mapped to a rosettaField
cdm-sample-files/events/Clearing-cleared-beta-Trade-04.xml,Fail_MappedNone,trade.tradeHeader.partyTradeInformation(0).isAccountingHedge,trade.tradeHeader.partyTradeInformation.isAccountingHedge,0,,Element with value true could not be mapped to a rosettaField
cdm-sample-files/events/Clearing-cleared-beta-Trade-04.xml,Fail_MappedNone,trade.tradeHeader.partyTradeInformation(0).reportingRegime(3).partyEntityClassification(0).entityClassification[entityClassificationScheme=http://www.fpml.org/coding-scheme/csa-dealer-status-entity-classification].entityClassificationScheme,trade.tradeHeader.partyTradeInformation.reportingRegime.partyEntityClassification.entityClassification[entityClassificationScheme=http://www.fpml.org/coding-scheme/csa-dealer-status-entity-classification].entityClassificationScheme,0,,Element with value http://www.fpml.org/coding-scheme/csa-dealer-status-entity-classification could not be mapped to a rosettaField
cdm-sample-files/events/Clearing-cleared-beta-Trade-04.xml,Fail_MappedNone,trade.tradeHeader.tradeSummary.isPrimeBrokerTrade,trade.tradeHeader.tradeSummary.isPrimeBrokerTrade,0,,Element with value false could not be mapped to a rosettaField
cdm-sample-files/events/Clearing-cleared-beta-Trade-04.xml,Fail_MappedNone,trade.tradeHeader.partyTradeInformation(0).pricingContext(1),trade.tradeHeader.partyTradeInformation.pricingContext,0,,Element with value HistoricTrade could not be mapped to a rosettaField
cdm-sample-files/events/Clearing-cleared-beta-Trade-04.xml,Fail_MappedNone,trade.tradeHeader.partyTradeInformation(0).reportingRegime(3).partyEntityClassification(3).entityClassification[entityClassificationScheme=http://www.fpml.org/coding-scheme/csa-local-party-status-entity-classification],trade.tradeHeader.partyTradeInformation.reportingRegime.partyEntityClassification.entityClassification[entityClassificationScheme=http://www.fpml.org/coding-scheme/csa-local-party-status-entity-classification],0,,Element with value NonLocalParty could not be mapped to a rosettaField
cdm-sample-files/events/Clearing-cleared-beta-Trade-04.xml,Fail_MappedNone,trade.tradeHeader.partyTradeInformation(0).reportingRegime(1).partyEntityClassification(0).entityClassification[entityClassificationScheme=http://www.fpml.org/coding-scheme/sec-entity-classification],trade.tradeHeader.partyTradeInformation.reportingRegime.partyEntityClassification.entityClassification[entityClassificationScheme=http://www.fpml.org/coding-scheme/sec-entity-classification],0,,Element with value SBSD could not be mapped to a rosettaField
cdm-sample-files/events/Clearing-cleared-beta-Trade-04.xml,Fail_MappedMultiple,party(3)[id=party1_affiliate2].partyId[partyIdScheme=http://www.fpml.org/coding-scheme/external/iso17442].partyIdScheme,party[id=party1_affiliate2].partyId[partyIdScheme=http://www.fpml.org/coding-scheme/external/iso17442].partyIdScheme,2,ReportableEvent.originatingWorkflowStep.proposedEvent.instruction(0).before.value.trade.party(3).partyId(0).identifierType=[LEI] ReportableEvent.originatingWorkflowStep.proposedEvent.instruction(0).before.value.trade.party(3).partyId(0).identifier.meta.scheme=[http://www.fpml.org/coding-scheme/external/iso17442],Element mapped to multiple rosettaFields
cdm-sample-files/events/Clearing-cleared-beta-Trade-04.xml,Fail_MappedNone,trade.tradeHeader.partyTradeInformation(0).timestamps.nonpublicReportUpdated,trade.tradeHeader.partyTradeInformation.timestamps.nonpublicReportUpdated,0,,Element with value 2011-03-04T16:42:17Z could not be mapped to a rosettaField
cdm-sample-files/events/Clearing-cleared-beta-Trade-04.xml,Fail_MappedNone,trade.tradeHeader.partyTradeInformation(0).reportingRegime(1).partyEntityClassification(1).partyReference[href=clearing-svc].href,trade.tradeHeader.partyTradeInformation.reportingRegime.partyEntityClassification.partyReference[href=clearing-svc].href,0,,Element with value clearing-svc could not be mapped to a rosettaField
cdm-sample-files/events/Clearing-cleared-beta-Trade-04.xml,Fail_MappedNone,trade.tradeHeader.partyTradeInformation(0).reportingRegime(3).mandatorilyClearable,trade.tradeHeader.partyTradeInformation.reportingRegime.mandatorilyClearable,0,,Element with value false could not be mapped to a rosettaField
cdm-sample-files/events/Clearing-cleared-beta-Trade-04.xml,Fail_MappedNone,trade.tradeHeader.partyTradeInformation(0).reportingRegime(6).entityClassification[entityClassificationScheme=http://www.fpml.org/coding-scheme/cftc-entity-classification].entityClassificationScheme,trade.tradeHeader.partyTradeInformation.reportingRegime.entityClassification[entityClassificationScheme=http://www.fpml.org/coding-scheme/cftc-entity-classification].entityClassificationScheme,0,,Element with value http://www.fpml.org/coding-scheme/cftc-entity-classification could not be mapped to a rosettaField
cdm-sample-files/events/Clearing-cleared-beta-Trade-04.xml,Fail_MappedMultiple,party(8)[id=original_sdr].partyId[partyIdScheme=http://www.fpml.org/coding-scheme/external/iso17442].partyIdScheme,party[id=original_sdr].partyId[partyIdScheme=http://www.fpml.org/coding-scheme/external/iso17442].partyIdScheme,2,ReportableEvent.originatingWorkflowStep.proposedEvent.instruction(0).before.value.trade.party(8).partyId(0).identifierType=[LEI] ReportableEvent.originatingWorkflowStep.proposedEvent.instruction(0).before.value.trade.party(8).partyId(0).identifier.meta.scheme=[http://www.fpml.org/coding-scheme/external/iso17442],Element mapped to multiple rosettaFields
cdm-sample-files/events/Clearing-cleared-beta-Trade-04.xml,Fail_MappedNone,trade.tradeHeader.partyTradeInformation(0).reportingRegime(2).exceedsClearingThreshold,trade.tradeHeader.partyTradeInformation.reportingRegime.exceedsClearingThreshold,0,,Element with value true could not be mapped to a rosettaField
cdm-sample-files/events/Clearing-cleared-beta-Trade-04.xml,Fail_MappedNone,trade.tradeHeader.partyTradeInformation(1).reportingRegime(1).name,trade.tradeHeader.partyTradeInformation.reportingRegime.name,0,,Element with value UKEMIR could not be mapped to a rosettaField
cdm-sample-files/events/Clearing-cleared-beta-Trade-04.xml,Fail_MappedNone,trade.tradeHeader.partyTradeInformation(0).pricingContext(0),trade.tradeHeader.partyTradeInformation.pricingContext,0,,Element with value CrossBorder could not be mapped to a rosettaField
cdm-sample-files/events/Clearing-cleared-beta-Trade-04.xml,Fail_MappedNone,trade.tradeHeader.partyTradeInformation(0).reportingRegime(6).entityClassification[entityClassificationScheme=http://www.fpml.org/coding-scheme/cftc-entity-classification],trade.tradeHeader.partyTradeInformation.reportingRegime.entityClassification[entityClassificationScheme=http://www.fpml.org/coding-scheme/cftc-entity-classification],0,,Element with value SBSD could not be mapped to a rosettaField
cdm-sample-files/events/Clearing-cleared-beta-Trade-04.xml,Fail_MappedNone,onBehalfOf.partyReference[href=party1].href,onBehalfOf.partyReference[href=party1].href,0,,Element with value party1 could not be mapped to a rosettaField
cdm-sample-files/events/Clearing-cleared-beta-Trade-04.xml,Fail_MappedNone,trade.tradeHeader.partyTradeInformation(0).reportingRegime(5).reportingRole,trade.tradeHeader.partyTradeInformation.reportingRegime.reportingRole,0,,Element with value ReportingParty could not be mapped to a rosettaField
cdm-sample-files/events/Clearing-cleared-beta-Trade-04.xml,Fail_MappedMultiple,trade.creditDefaultSwap.generalTerms.referenceInformation.referenceEntity[id=referenceEntity].entityId[entityIdScheme=http://www.fpml.org/spec/2003/entity-id-RED-1-0],trade.creditDefaultSwap.generalTerms.referenceInformation.referenceEntity[id=referenceEntity].entityId[entityIdScheme=http://www.fpml.org/spec/2003/entity-id-RED-1-0],2,ReportableEvent.originatingWorkflowStep.proposedEvent.instruction(0).before.value.trade.product.economicTerms.payout(0).CreditDefaultPayout.generalTerms.referenceInformation.referenceEntity.entityIdentifier(0).identifier.value=[8G836J] ReportableEvent.originatingWorkflowStep.proposedEvent.instruction(0).before.value.trade.product.economicTerms.payout(0).CreditDefaultPayout.generalTerms.referenceInformation.referenceEntity.entityId(0).value=[8G836J],Element mapped to multiple rosettaFields
cdm-sample-files/events/Clearing-cleared-beta-Trade-04.xml,Fail_MappedNone,party(0)[id=party1].region,party[id=party1].region,0,,Element with value EEA could not be mapped to a rosettaField
cdm-sample-files/events/Clearing-cleared-beta-Trade-04.xml,Fail_MappedNone,trade.tradeHeader.partyTradeInformation(0).reportingRegime(1).partyEntityClassification(3).entityClassification[entityClassificationScheme=http://www.fpml.org/coding-scheme/sec-entity-classification].entityClassificationScheme,trade.tradeHeader.partyTradeInformation.reportingRegime.partyEntityClassification.entityClassification[entityClassificationScheme=http://www.fpml.org/coding-scheme/sec-entity-classification].entityClassificationScheme,0,,Element with value http://www.fpml.org/coding-scheme/sec-entity-classification could not be mapped to a rosettaField
cdm-sample-files/events/Clearing-cleared-beta-Trade-04.xml,Fail_MappedNone,trade.tradeHeader.partyTradeInformation(0).reportingRegime(4).reportingPurpose,trade.tradeHeader.partyTradeInformation.reportingRegime.reportingPurpose,0,,Element with value PrimaryEconomicTerms could not be mapped to a rosettaField
cdm-sample-files/events/Clearing-cleared-beta-Trade-04.xml,Fail_MappedNone,trade.tradeHeader.partyTradeInformation(0).reportingRegime(0).name,trade.tradeHeader.partyTradeInformation.reportingRegime.name,0,,Element with value DoddFrankAct could not be mapped to a rosettaField
cdm-sample-files/events/Clearing-cleared-beta-Trade-04.xml,Fail_MappedNone,trade.tradeHeader.partyTradeInformation(1).reportingRegime(0).entityClassification[entityClassificationScheme=http://www.fpml.org/coding-scheme/esma-entity-classification],trade.tradeHeader.partyTradeInformation.reportingRegime.entityClassification[entityClassificationScheme=http://www.fpml.org/coding-scheme/esma-entity-classification],0,,Element with value Financial could not be mapped to a rosettaField
cdm-sample-files/events/Clearing-cleared-beta-Trade-04.xml,Fail_MappedNone,trade.tradeHeader.partyTradeIdentifier(1).originatingTradeId.tradeId[tradeIdScheme=http://www.fpml.org/coding-scheme/external/unique-transaction-identifier],trade.tradeHeader.partyTradeIdentifier.originatingTradeId.tradeId[tradeIdScheme=http://www.fpml.org/coding-scheme/external/unique-transaction-identifier],0,,Element with value 12345678901234567890123456789011 could not be mapped to a rosettaField
cdm-sample-files/events/Clearing-cleared-beta-Trade-04.xml,Fail_MappedNone,trade.tradeHeader.partyTradeInformation(0).reportingRegime(7).entityClassification,trade.tradeHeader.partyTradeInformation.reportingRegime.entityClassification,0,,Element with value Financial could not be mapped to a rosettaField
cdm-sample-files/events/Clearing-cleared-beta-Trade-04.xml,Fail_MappedNone,trade.tradeHeader.partyTradeInformation(0).reportingRegime(3).partyEntityClassification(2).entityClassification[entityClassificationScheme=http://www.fpml.org/coding-scheme/csa-dealer-status-entity-classification],trade.tradeHeader.partyTradeInformation.reportingRegime.partyEntityClassification.entityClassification[entityClassificationScheme=http://www.fpml.org/coding-scheme/csa-dealer-status-entity-classification],0,,Element with value NonDealer could not be mapped to a rosettaField
cdm-sample-files/events/Clearing-cleared-beta-Trade-04.xml,Fail_MappedNone,trade.tradeHeader.partyTradeInformation(0).reportingRegime(2).mandatorilyClearable,trade.tradeHeader.partyTradeInformation.reportingRegime.mandatorilyClearable,0,,Element with value false could not be mapped to a rosettaField
cdm-sample-files/events/Clearing-cleared-beta-Trade-04.xml,Fail_MappedNone,trade.tradeHeader.partyTradeInformation(0).reportingRegime(3).supervisorRegistration.supervisoryBody,trade.tradeHeader.partyTradeInformation.reportingRegime.supervisorRegistration.supervisoryBody,0,,Element with value CA.ON.OSC could not be mapped to a rosettaField
cdm-sample-files/events/Clearing-cleared-beta-Trade-04.xml,Fail_MappedNone,trade.tradeHeader.partyTradeInformation(0).executionType,trade.tradeHeader.partyTradeInformation.executionType,0,,Element with value Electronic could not be mapped to a rosettaField
cdm-sample-files/events/Clearing-cleared-beta-Trade-04.xml,Fail_MappedNone,trade.tradeHeader.partyTradeIdentifier(1).originatingTradeId.tradeId[tradeIdScheme=http://www.fpml.org/coding-scheme/external/unique-transaction-identifier].tradeIdScheme,trade.tradeHeader.partyTradeIdentifier.originatingTradeId.tradeId[tradeIdScheme=http://www.fpml.org/coding-scheme/external/unique-transaction-identifier].tradeIdScheme,0,,Element with value http://www.fpml.org/coding-scheme/external/unique-transaction-identifier could not be mapped to a rosettaField
cdm-sample-files/events/Clearing-cleared-beta-Trade-04.xml,Fail_MappedNone,trade.tradeHeader.partyTradeInformation(0).reportingRole,trade.tradeHeader.partyTradeInformation.reportingRole,0,,Element with value Principal could not be mapped to a rosettaField
cdm-sample-files/events/Clearing-cleared-beta-Trade-04.xml,Fail_MappedNone,trade.tradeHeader.partyTradeInformation(1).reportingRegime(2).name,trade.tradeHeader.partyTradeInformation.reportingRegime.name,0,,Element with value JFSA could not be mapped to a rosettaField
cdm-sample-files/events/Clearing-cleared-beta-Trade-04.xml,Fail_MappedNone,correlationId[correlationIdScheme=http://fpml.org/submitter_trade_id],correlationId[correlationIdScheme=http://fpml.org/submitter_trade_id],0,,Element with value TW19235 could not be mapped to a rosettaField
cdm-sample-files/events/Clearing-cleared-beta-Trade-04.xml,Fail_MappedNone,trade.tradeHeader.partyTradeInformation(1).reportingRegime(4).supervisorRegistration.supervisoryBody,trade.tradeHeader.partyTradeInformation.reportingRegime.supervisorRegistration.supervisoryBody,0,,Element with value HKMA could not be mapped to a rosettaField
cdm-sample-files/events/Clearing-cleared-beta-Trade-04.xml,Fail_MappedNone,trade.tradeHeader.partyTradeInformation(0).reportingRegime(4).reportingRole,trade.tradeHeader.partyTradeInformation.reportingRegime.reportingRole,0,,Element with value ReportingParty could not be mapped to a rosettaField
cdm-sample-files/events/Clearing-cleared-beta-Trade-04.xml,Fail_MappedNone,trade.tradeHeader.partyTradeInformation(0).relatedBusinessUnit(0).businessUnitReference[href=branch1].href,trade.tradeHeader.partyTradeInformation.relatedBusinessUnit.businessUnitReference[href=branch1].href,0,,Element with value branch1 could not be mapped to a rosettaField
cdm-sample-files/events/Clearing-cleared-beta-Trade-04.xml,Fail_MappedNone,party(0)[id=party1].classification(1)[industryClassificationScheme=http://www.fpml.org/coding-scheme/hkma-rewrite-regulatory-corporate-sector].industryClassificationScheme,party[id=party1].classification[industryClassificationScheme=http://www.fpml.org/coding-scheme/hkma-rewrite-regulatory-corporate-sector].industryClassificationScheme,0,,Element with value http://www.fpml.org/coding-scheme/hkma-rewrite-regulatory-corporate-sector could not be mapped to a rosettaField
cdm-sample-files/events/Clearing-cleared-beta-Trade-04.xml,Fail_MappedNone,trade.tradeHeader.partyTradeInformation(1).reportingRegime(4).mandatorilyClearable,trade.tradeHeader.partyTradeInformation.reportingRegime.mandatorilyClearable,0,,Element with value false could not be mapped to a rosettaField
cdm-sample-files/events/Clearing-cleared-beta-Trade-04.xml,Fail_MappedNone,trade.tradeHeader.partyTradeInformation(0).reportingRegime(1).partyEntityClassification(1).entityClassification[entityClassificationScheme=http://www.fpml.org/coding-scheme/sec-entity-classification].entityClassificationScheme,trade.tradeHeader.partyTradeInformation.reportingRegime.partyEntityClassification.entityClassification[entityClassificationScheme=http://www.fpml.org/coding-scheme/sec-entity-classification].entityClassificationScheme,0,,Element with value http://www.fpml.org/coding-scheme/sec-entity-classification could not be mapped to a rosettaField
cdm-sample-files/events/Clearing-cleared-beta-Trade-04.xml,Fail_MappedNone,trade.tradeHeader.partyTradeInformation(0).reportingRegime(1).name,trade.tradeHeader.partyTradeInformation.reportingRegime.name,0,,Element with value DoddFrankAct could not be mapped to a rosettaField
cdm-sample-files/events/Clearing-cleared-beta-Trade-04.xml,Fail_MappedNone,trade.tradeHeader.partyTradeInformation(0).reportingRegime(3).reportingPurpose,trade.tradeHeader.partyTradeInformation.reportingRegime.reportingPurpose,0,,Element with value PrimaryEconomicTerms could not be mapped to a rosettaField
cdm-sample-files/events/Clearing-cleared-beta-Trade-04.xml,Fail_MappedNone,party(7)[id=clearing-svc].classification(1)[industryClassificationScheme=http://www.fpml.org/coding-scheme/hkma-rewrite-regulatory-corporate-sector],party[id=clearing-svc].classification[industryClassificationScheme=http://www.fpml.org/coding-scheme/hkma-rewrite-regulatory-corporate-sector],0,,Element with value INVF could not be mapped to a rosettaField
cdm-sample-files/events/Clearing-cleared-beta-Trade-04.xml,Fail_MappedNone,trade.tradeHeader.tradeSummary.isPackageTrade,trade.tradeHeader.tradeSummary.isPackageTrade,0,,Element with value true could not be mapped to a rosettaField
cdm-sample-files/events/Clearing-cleared-beta-Trade-04.xml,Fail_MappedNone,trade.tradeHeader.partyTradeInformation(0).reportingRegime(1).mandatorilyClearable,trade.tradeHeader.partyTradeInformation.reportingRegime.mandatorilyClearable,0,,Element with value false could not be mapped to a rosettaField
cdm-sample-files/events/Clearing-cleared-beta-Trade-04.xml,Fail_MappedNone,trade.tradeHeader.partyTradeInformation(0).reportingRegime(3).partyEntityClassification(1).entityClassification[entityClassificationScheme=http://www.fpml.org/coding-scheme/csa-local-party-status-entity-classification],trade.tradeHeader.partyTradeInformation.reportingRegime.partyEntityClassification.entityClassification[entityClassificationScheme=http://www.fpml.org/coding-scheme/csa-local-party-status-entity-classification],0,,Element with value LocalParty could not be mapped to a rosettaField
cdm-sample-files/events/Clearing-cleared-beta-Trade-04.xml,Fail_MappedNone,trade.tradeHeader.partyTradeInformation(0).reportingRegime(2).entityClassification[entityClassificationScheme=http://www.fpml.org/coding-scheme/esma-entity-classification].entityClassificationScheme,trade.tradeHeader.partyTradeInformation.reportingRegime.entityClassification[entityClassificationScheme=http://www.fpml.org/coding-scheme/esma-entity-classification].entityClassificationScheme,0,,Element with value http://www.fpml.org/coding-scheme/esma-entity-classification could not be mapped to a rosettaField
cdm-sample-files/events/Clearing-cleared-beta-Trade-04.xml,Fail_MappedNone,trade.tradeHeader.partyTradeInformation(1).reportingRegime(1).reportingRole,trade.tradeHeader.partyTradeInformation.reportingRegime.reportingRole,0,,Element with value ReportingParty could not be mapped to a rosettaField
cdm-sample-files/events/Clearing-cleared-beta-Trade-04.xml,Fail_MappedNone,trade.tradeHeader.partyTradeInformation(0).reportingRegime(5).supervisorRegistration.supervisoryBody,trade.tradeHeader.partyTradeInformation.reportingRegime.supervisorRegistration.supervisoryBody,0,,Element with value JFSA could not be mapped to a rosettaField
cdm-sample-files/events/Clearing-cleared-beta-Trade-04.xml,Fail_MappedNone,trade.tradeHeader.partyTradeInformation(0).reportingRegime(4).exceedsClearingThreshold,trade.tradeHeader.partyTradeInformation.reportingRegime.exceedsClearingThreshold,0,,Element with value true could not be mapped to a rosettaField
cdm-sample-files/events/Clearing-cleared-beta-Trade-04.xml,Fail_MappedNone,trade.tradeHeader.partyTradeInformation(0).pricingContext(4),trade.tradeHeader.partyTradeInformation.pricingContext,0,,Element with value PriceReportingExemptOther could not be mapped to a rosettaField
cdm-sample-files/events/Clearing-cleared-beta-Trade-04.xml,Fail_MappedNone,trade.tradeHeader.partyTradeInformation(1).reportingRegime(3).name,trade.tradeHeader.partyTradeInformation.reportingRegime.name,0,,Element with value CSA could not be mapped to a rosettaField
cdm-sample-files/events/Clearing-cleared-beta-Trade-04.xml,Fail_MappedNone,trade.tradeHeader.partyTradeInformation(0).reportingRegime(1).preEnactmentTrade,trade.tradeHeader.partyTradeInformation.reportingRegime.preEnactmentTrade,0,,Element with value true could not be mapped to a rosettaField
cdm-sample-files/events/Clearing-cleared-beta-Trade-04.xml,Fail_MappedNone,trade.tradeHeader.partyTradeInformation(0).reportingRegime(4).entityClassification[entityClassificationScheme=http://www.fpml.org/coding-scheme/esma-entity-classification],trade.tradeHeader.partyTradeInformation.reportingRegime.entityClassification[entityClassificationScheme=http://www.fpml.org/coding-scheme/esma-entity-classification],0,,Element with value Financial could not be mapped to a rosettaField
cdm-sample-files/events/Clearing-cleared-beta-Trade-04.xml,Fail_MappedNone,trade.tradeHeader.partyTradeInformation(0).timestamps.nonpubliclyReported,trade.tradeHeader.partyTradeInformation.timestamps.nonpubliclyReported,0,,Element with value 2011-03-04T16:42:17Z could not be mapped to a rosettaField
cdm-sample-files/events/Clearing-cleared-beta-Trade-04.xml,Fail_MappedNone,trade.tradeHeader.partyTradeInformation(0).reportingRegime(7).reportingRole,trade.tradeHeader.partyTradeInformation.reportingRegime.reportingRole,0,,Element with value ReportingParty could not be mapped to a rosettaField
cdm-sample-files/events/Clearing-cleared-beta-Trade-04.xml,Fail_MappedNone,trade.tradeHeader.partyTradeInformation(0).reportingRegime(3).partyEntityClassification(3).partyReference[href=clearing-svc].href,trade.tradeHeader.partyTradeInformation.reportingRegime.partyEntityClassification.partyReference[href=clearing-svc].href,0,,Element with value clearing-svc could not be mapped to a rosettaField
cdm-sample-files/events/Clearing-cleared-beta-Trade-04.xml,Fail_MappedNone,trade.tradeHeader.partyTradeInformation(1).reportingRegime(3).mandatorilyClearable,trade.tradeHeader.partyTradeInformation.reportingRegime.mandatorilyClearable,0,,Element with value false could not be mapped to a rosettaField
cdm-sample-files/events/Clearing-cleared-beta-Trade-04.xml,Fail_MappedNone,party(0)[id=party1].classification(2)[industryClassificationScheme=http://www.fpml.org/coding-scheme/esma-emir-refit-regulatory-corporate-sector].industryClassificationScheme,party[id=party1].classification[industryClassificationScheme=http://www.fpml.org/coding-scheme/esma-emir-refit-regulatory-corporate-sector].industryClassificationScheme,0,,Element with value http://www.fpml.org/coding-scheme/esma-emir-refit-regulatory-corporate-sector could not be mapped to a rosettaField
cdm-sample-files/events/Clearing-cleared-beta-Trade-04.xml,Fail_MappedMultiple,party(4)[id=broker1].partyId[partyIdScheme=http://www.fpml.org/coding-scheme/external/iso17442].partyIdScheme,party[id=broker1].partyId[partyIdScheme=http://www.fpml.org/coding-scheme/external/iso17442].partyIdScheme,2,ReportableEvent.originatingWorkflowStep.proposedEvent.instruction(0).before.value.trade.party(4).partyId(0).identifier.meta.scheme=[http://www.fpml.org/coding-scheme/external/iso17442] ReportableEvent.originatingWorkflowStep.proposedEvent.instruction(0).before.value.trade.party(4).partyId(0).identifierType=[LEI],Element mapped to multiple rosettaFields
cdm-sample-files/events/Clearing-cleared-beta-Trade-04.xml,Fail_MappedNone,trade.tradeHeader.partyTradeInformation(0).reportingRegime(4).supervisorRegistration.supervisoryBody,trade.tradeHeader.partyTradeInformation.reportingRegime.supervisorRegistration.supervisoryBody,0,,Element with value FCA could not be mapped to a rosettaField
cdm-sample-files/events/Clearing-cleared-beta-Trade-04.xml,Fail_MappedNone,trade.tradeHeader.partyTradeInformation(1).reportingRegime(0).supervisorRegistration.supervisoryBody,trade.tradeHeader.partyTradeInformation.reportingRegime.supervisorRegistration.supervisoryBody,0,,Element with value ESMA could not be mapped to a rosettaField
cdm-sample-files/events/Clearing-cleared-beta-Trade-04.xml,Fail_MappedNone,trade.tradeHeader.partyTradeInformation(0).collateralPortfolio[portfolioNameScheme=http://www.bankx.com/collateral-portfolio-id].portfolioNameScheme,trade.tradeHeader.partyTradeInformation.collateralPortfolio[portfolioNameScheme=http://www.bankx.com/collateral-portfolio-id].portfolioNameScheme,0,,Element with value http://www.bankx.com/collateral-portfolio-id could not be mapped to a rosettaField
cdm-sample-files/events/Clearing-cleared-beta-Trade-04.xml,Fail_MappedNone,trade.tradeHeader.partyTradeInformation(0).pricingContext(3),trade.tradeHeader.partyTradeInformation.pricingContext,0,,Element with value Allocation could not be mapped to a rosettaField
cdm-sample-files/events/Clearing-cleared-beta-Trade-04.xml,Fail_MappedNone,trade.tradeHeader.partyTradeInformation(0).reportingRegime(2).name,trade.tradeHeader.partyTradeInformation.reportingRegime.name,0,,Element with value EMIR could not be mapped to a rosettaField
cdm-sample-files/events/Clearing-cleared-beta-Trade-04.xml,Fail_MappedNone,trade.tradeHeader.partyTradeInformation(0).reportingRegime(2).reportingPurpose,trade.tradeHeader.partyTradeInformation.reportingRegime.reportingPurpose,0,,Element with value PrimaryEconomicTerms could not be mapped to a rosettaField
cdm-sample-files/events/Clearing-cleared-beta-Trade-04.xml,Fail_MappedNone,trade.tradeHeader.partyTradeInformation(0).reportingRegime(3).partyEntityClassification(2).partyReference[href=party1].href,trade.tradeHeader.partyTradeInformation.reportingRegime.partyEntityClassification.partyReference[href=party1].href,0,,Element with value party1 could not be mapped to a rosettaField
cdm-sample-files/events/Clearing-cleared-beta-Trade-04.xml,Fail_MappedNone,trade.tradeHeader.partyTradeInformation(0).executionVenueType,trade.tradeHeader.partyTradeInformation.executionVenueType,0,,Element with value SEF could not be mapped to a rosettaField
cdm-sample-files/events/Clearing-cleared-beta-Trade-04.xml,Fail_MappedNone,trade.tradeHeader.partyTradeInformation(0).endUserException,trade.tradeHeader.partyTradeInformation.endUserException,0,,Element with value true could not be mapped to a rosettaField
cdm-sample-files/events/Clearing-cleared-beta-Trade-04.xml,Fail_MappedNone,trade.tradeHeader.partyTradeInformation(1).reportingRegime(0).reportingRole,trade.tradeHeader.partyTradeInformation.reportingRegime.reportingRole,0,,Element with value ReportingParty could not be mapped to a rosettaField
cdm-sample-files/events/Clearing-cleared-beta-Trade-04.xml,Fail_MappedNone,trade.tradeHeader.partyTradeInformation(0).reportingRegime(0).mandatorilyClearable,trade.tradeHeader.partyTradeInformation.reportingRegime.mandatorilyClearable,0,,Element with value false could not be mapped to a rosettaField
cdm-sample-files/events/Clearing-cleared-beta-Trade-04.xml,Fail_MappedMultiple,party(5)[id=executing_agent].partyId[partyIdScheme=http://www.fpml.org/coding-scheme/external/iso17442].partyIdScheme,party[id=executing_agent].partyId[partyIdScheme=http://www.fpml.org/coding-scheme/external/iso17442].partyIdScheme,2,ReportableEvent.originatingWorkflowStep.proposedEvent.instruction(0).before.value.trade.party(5).partyId(0).identifier.meta.scheme=[http://www.fpml.org/coding-scheme/external/iso17442] ReportableEvent.originatingWorkflowStep.proposedEvent.instruction(0).before.value.trade.party(5).partyId(0).identifierType=[LEI],Element mapped to multiple rosettaFields
cdm-sample-files/events/Clearing-cleared-beta-Trade-04.xml,Fail_MappedNone,party(0)[id=party1].classification(1)[industryClassificationScheme=http://www.fpml.org/coding-scheme/hkma-rewrite-regulatory-corporate-sector],party[id=party1].classification[industryClassificationScheme=http://www.fpml.org/coding-scheme/hkma-rewrite-regulatory-corporate-sector],0,,Element with value CDTI could not be mapped to a rosettaField
cdm-sample-files/events/Clearing-cleared-beta-Trade-04.xml,Fail_MappedNone,trade.tradeHeader.partyTradeInformation(0).reportingRegime(3).partyEntityClassification(0).entityClassification[entityClassificationScheme=http://www.fpml.org/coding-scheme/csa-dealer-status-entity-classification],trade.tradeHeader.partyTradeInformation.reportingRegime.partyEntityClassification.entityClassification[entityClassificationScheme=http://www.fpml.org/coding-scheme/csa-dealer-status-entity-classification],0,,Element with value Dealer could not be mapped to a rosettaField
cdm-sample-files/events/Clearing-cleared-beta-Trade-04.xml,Fail_MappedNone,trade.tradeHeader.partyTradeInformation(0).relatedBusinessUnit(1).businessUnitReference[href=desk1].href,trade.tradeHeader.partyTradeInformation.relatedBusinessUnit.businessUnitReference[href=desk1].href,0,,Element with value desk1 could not be mapped to a rosettaField
cdm-sample-files/events/Clearing-cleared-beta-Trade-04.xml,Fail_MappedNone,trade.tradeHeader.partyTradeInformation(0).collateralizationType,trade.tradeHeader.partyTradeInformation.collateralizationType,0,,Element with value Fully could not be mapped to a rosettaField
cdm-sample-files/events/Clearing-cleared-beta-Trade-04.xml,Fail_MappedNone,party(7)[id=clearing-svc].organizationType[organizationTypeScheme=http://www.fpml.org/coding-scheme/organization-type].organizationTypeScheme,party[id=clearing-svc].organizationType[organizationTypeScheme=http://www.fpml.org/coding-scheme/organization-type].organizationTypeScheme,0,,Element with value http://www.fpml.org/coding-scheme/organization-type could not be mapped to a rosettaField
cdm-sample-files/events/Clearing-cleared-beta-Trade-04.xml,Fail_MappedNone,trade.tradeHeader.partyTradeInformation(0).reportingRegime(1).partyEntityClassification(2).entityClassification[entityClassificationScheme=http://www.fpml.org/coding-scheme/sec-entity-classification].entityClassificationScheme,trade.tradeHeader.partyTradeInformation.reportingRegime.partyEntityClassification.entityClassification[entityClassificationScheme=http://www.fpml.org/coding-scheme/sec-entity-classification].entityClassificationScheme,0,,Element with value http://www.fpml.org/coding-scheme/sec-entity-classification could not be mapped to a rosettaField
cdm-sample-files/events/Clearing-cleared-beta-Trade-04.xml,Fail_MappedNone,trade.tradeHeader.partyTradeInformation(0).pricingContext(2),trade.tradeHeader.partyTradeInformation.pricingContext,0,,Element with value ClearingForcedTrade could not be mapped to a rosettaField
cdm-sample-files/events/Clearing-cleared-beta-Trade-04.xml,Fail_MappedNone,trade.tradeHeader.partyTradeInformation(1).reportingRegime(3).entityClassification[entityClassificationScheme=http://www.fpml.org/coding-scheme/cftc-entity-classification].entityClassificationScheme,trade.tradeHeader.partyTradeInformation.reportingRegime.entityClassification[entityClassificationScheme=http://www.fpml.org/coding-scheme/cftc-entity-classification].entityClassificationScheme,0,,Element with value http://www.fpml.org/coding-scheme/cftc-entity-classification could not be mapped to a rosettaField
cdm-sample-files/events/Clearing-cleared-beta-Trade-04.xml,Fail_MappedNone,trade.tradeHeader.partyTradeInformation(1).reportingRegime(4).name,trade.tradeHeader.partyTradeInformation.reportingRegime.name,0,,Element with value HKTR could not be mapped to a rosettaField
cdm-sample-files/events/Clearing-cleared-beta-Trade-04.xml,Fail_MappedNone,trade.tradeHeader.partyTradeInformation(0).reportingRegime(6).reportingRole,trade.tradeHeader.partyTradeInformation.reportingRegime.reportingRole,0,,Element with value ReportingParty could not be mapped to a rosettaField
cdm-sample-files/events/Clearing-cleared-beta-Trade-04.xml,Fail_MappedNone,party(7)[id=clearing-svc].classification(0)[industryClassificationScheme=http://www.fpml.org/coding-scheme/esma-emir-refit-regulatory-corporate-sector],party[id=clearing-svc].classification[industryClassificationScheme=http://www.fpml.org/coding-scheme/esma-emir-refit-regulatory-corporate-sector],0,,Element with value INVF could not be mapped to a rosettaField
cdm-sample-files/events/Clearing-cleared-beta-Trade-04.xml,Fail_MappedNone,party(0)[id=party1].classification(2)[industryClassificationScheme=http://www.fpml.org/coding-scheme/esma-emir-refit-regulatory-corporate-sector],party[id=party1].classification[industryClassificationScheme=http://www.fpml.org/coding-scheme/esma-emir-refit-regulatory-corporate-sector],0,,Element with value CDTI could not be mapped to a rosettaField
cdm-sample-files/events/Clearing-cleared-beta-Trade-04.xml,Fail_MappedNone,trade.tradeHeader.partyTradeInformation(0).reportingRegime(1).partyEntityClassification(0).partyReference[href=party1].href,trade.tradeHeader.partyTradeInformation.reportingRegime.partyEntityClassification.partyReference[href=party1].href,0,,Element with value party1 could not be mapped to a rosettaField
cdm-sample-files/events/Clearing-cleared-beta-Trade-04.xml,Fail_MappedNone,trade.tradeHeader.partyTradeInformation(0).reportingRegime(6).supervisorRegistration.supervisoryBody,trade.tradeHeader.partyTradeInformation.reportingRegime.supervisorRegistration.supervisoryBody,0,,Element with value CA.AB.ASC could not be mapped to a rosettaField
cdm-sample-files/events/Clearing-cleared-beta-Trade-04.xml,Fail_MappedNone,trade.tradeHeader.partyTradeInformation(1).reportingRegime(3).entityClassification[entityClassificationScheme=http://www.fpml.org/coding-scheme/cftc-entity-classification],trade.tradeHeader.partyTradeInformation.reportingRegime.entityClassification[entityClassificationScheme=http://www.fpml.org/coding-scheme/cftc-entity-classification],0,,Element with value SBSD could not be mapped to a rosettaField
cdm-sample-files/events/Clearing-cleared-beta-Trade-04.xml,Fail_MappedNone,trade.tradeHeader.partyTradeInformation(1).reportingRegime(0).exceedsClearingThreshold,trade.tradeHeader.partyTradeInformation.reportingRegime.exceedsClearingThreshold,0,,Element with value true could not be mapped to a rosettaField
cdm-sample-files/events/Clearing-cleared-beta-Trade-04.xml,Fail_MappedNone,trade.tradeHeader.partyTradeInformation(1).reportingRegime(2).supervisorRegistration.supervisoryBody,trade.tradeHeader.partyTradeInformation.reportingRegime.supervisorRegistration.supervisoryBody,0,,Element with value JFSA could not be mapped to a rosettaField
cdm-sample-files/events/Clearing-cleared-beta-Trade-04.xml,Fail_MappedNone,trade.tradeHeader.partyTradeInformation(0).reportingRegime(1).reportingPurpose(0),trade.tradeHeader.partyTradeInformation.reportingRegime.reportingPurpose,0,,Element with value RealTimePublic could not be mapped to a rosettaField
cdm-sample-files/events/Clearing-cleared-beta-Trade-04.xml,Fail_MappedNone,trade.tradeHeader.partyTradeInformation(0).reportingRegime(3).name,trade.tradeHeader.partyTradeInformation.reportingRegime.name,0,,Element with value CA.Rule.91-507 could not be mapped to a rosettaField
cdm-sample-files/events/Clearing-cleared-beta-Trade-04.xml,Fail_MappedNone,trade.tradeHeader.partyTradeInformation(0).reportingRegime(7).mandatorilyClearable,trade.tradeHeader.partyTradeInformation.reportingRegime.mandatorilyClearable,0,,Element with value false could not be mapped to a rosettaField
cdm-sample-files/events/Clearing-cleared-beta-Trade-04.xml,Fail_MappedNone,trade.tradeHeader.partyTradeInformation(1).reportingRegime(3).reportingRole,trade.tradeHeader.partyTradeInformation.reportingRegime.reportingRole,0,,Element with value ReportingParty could not be mapped to a rosettaField
cdm-sample-files/events/Clearing-cleared-beta-Trade-04.xml,Fail_MappedNone,trade.tradeHeader.partyTradeInformation(0).reportingRegime(1).partyEntityClassification(0).entityClassification[entityClassificationScheme=http://www.fpml.org/coding-scheme/sec-entity-classification].entityClassificationScheme,trade.tradeHeader.partyTradeInformation.reportingRegime.partyEntityClassification.entityClassification[entityClassificationScheme=http://www.fpml.org/coding-scheme/sec-entity-classification].entityClassificationScheme,0,,Element with value http://www.fpml.org/coding-scheme/sec-entity-classification could not be mapped to a rosettaField
cdm-sample-files/events/Clearing-cleared-beta-Trade-04.xml,Fail_MappedNone,trade.tradeHeader.partyTradeInformation(0).reportingRegime(2).entityClassification[entityClassificationScheme=http://www.fpml.org/coding-scheme/esma-entity-classification],trade.tradeHeader.partyTradeInformation.reportingRegime.entityClassification[entityClassificationScheme=http://www.fpml.org/coding-scheme/esma-entity-classification],0,,Element with value Financial could not be mapped to a rosettaField
cdm-sample-files/events/Clearing-cleared-beta-Trade-04.xml,Fail_MappedNone,trade.tradeHeader.partyTradeInformation(0).reportingRegime(1).reportingPurpose(1),trade.tradeHeader.partyTradeInformation.reportingRegime.reportingPurpose,0,,Element with value PrimaryEconomicTerms could not be mapped to a rosettaField
cdm-sample-files/events/Clearing-cleared-beta-Trade-04.xml,Fail_MappedNone,trade.tradeHeader.partyTradeInformation(1).reportingRegime(1).mandatorilyClearable,trade.tradeHeader.partyTradeInformation.reportingRegime.mandatorilyClearable,0,,Element with value false could not be mapped to a rosettaField
cdm-sample-files/events/Clearing-cleared-beta-Trade-04.xml,Fail_MappedNone,party(0)[id=party1].classification(0),party[id=party1].classification,0,,Element with value InvestmentFirm could not be mapped to a rosettaField
cdm-sample-files/events/Clearing-cleared-beta-Trade-04.xml,Fail_MappedNone,trade.tradeHeader.partyTradeIdentifier(1).originatingTradeId.issuer[issuerIdScheme=http://www.fpml.org/coding-scheme/external/cftc/issuer-identifier].issuerIdScheme,trade.tradeHeader.partyTradeIdentifier.originatingTradeId.issuer[issuerIdScheme=http://www.fpml.org/coding-scheme/external/cftc/issuer-identifier].issuerIdScheme,0,,Element with value http://www.fpml.org/coding-scheme/external/cftc/issuer-identifier could not be mapped to a rosettaField
cdm-sample-files/events/Clearing-cleared-beta-Trade-04.xml,Fail_MappedMultiple,party(0)[id=party1].partyId[partyIdScheme=http://www.fpml.org/coding-scheme/external/iso17442].partyIdScheme,party[id=party1].partyId[partyIdScheme=http://www.fpml.org/coding-scheme/external/iso17442].partyIdScheme,2,ReportableEvent.originatingWorkflowStep.proposedEvent.instruction(0).before.value.trade.party(0).partyId(0).identifierType=[LEI] ReportableEvent.originatingWorkflowStep.proposedEvent.instruction(0).before.value.trade.party(0).partyId(0).identifier.meta.scheme=[http://www.fpml.org/coding-scheme/external/iso17442],Element mapped to multiple rosettaFields
cdm-sample-files/events/Clearing-cleared-beta-Trade-04.xml,Fail_MappedNone,trade.tradeHeader.partyTradeInformation(0).reportingRegime(1).reportingRole,trade.tradeHeader.partyTradeInformation.reportingRegime.reportingRole,0,,Element with value VoluntaryParty could not be mapped to a rosettaField
cdm-sample-files/events/Clearing-cleared-beta-Trade-04.xml,Fail_MappedNone,party(7)[id=clearing-svc].classification(0)[industryClassificationScheme=http://www.fpml.org/coding-scheme/esma-emir-refit-regulatory-corporate-sector].industryClassificationScheme,party[id=clearing-svc].classification[industryClassificationScheme=http://www.fpml.org/coding-scheme/esma-emir-refit-regulatory-corporate-sector].industryClassificationScheme,0,,Element with value http://www.fpml.org/coding-scheme/esma-emir-refit-regulatory-corporate-sector could not be mapped to a rosettaField
cdm-sample-files/events/Clearing-cleared-beta-Trade-04.xml,Fail_MappedNone,trade.tradeHeader.partyTradeInformation(0).reportingRegime(0).reportingPurpose(0),trade.tradeHeader.partyTradeInformation.reportingRegime.reportingPurpose,0,,Element with value RealTimePublic could not be mapped to a rosettaField
cdm-sample-files/events/Clearing-cleared-beta-Trade-04.xml,Fail_MappedNone,trade.tradeHeader.partyTradeInformation(0).reportingRegime(4).name,trade.tradeHeader.partyTradeInformation.reportingRegime.name,0,,Element with value UKEMIR could not be mapped to a rosettaField
cdm-sample-files/events/Clearing-cleared-beta-Trade-04.xml,Fail_MappedNone,trade.tradeHeader.partyTradeInformation(1).reportingRegime(4).entityClassification,trade.tradeHeader.partyTradeInformation.reportingRegime.entityClassification,0,,Element with value Financial could not be mapped to a rosettaField
cdm-sample-files/events/Clearing-cleared-beta-Trade-04.xml,Fail_MappedNone,trade.tradeHeader.partyTradeInformation(0).largeSizeTrade,trade.tradeHeader.partyTradeInformation.largeSizeTrade,0,,Element with value false could not be mapped to a rosettaField
cdm-sample-files/events/Clearing-cleared-beta-Trade-04.xml,Fail_MappedNone,trade.tradeHeader.partyTradeInformation(0).reportingRegime(1).partyEntityClassification(3).entityClassification[entityClassificationScheme=http://www.fpml.org/coding-scheme/sec-entity-classification],trade.tradeHeader.partyTradeInformation.reportingRegime.partyEntityClassification.entityClassification[entityClassificationScheme=http://www.fpml.org/coding-scheme/sec-entity-classification],0,,Element with value Participant could not be mapped to a rosettaField
cdm-sample-files/events/Clearing-cleared-beta-Trade-04.xml,Fail_MappedNone,trade.tradeHeader.partyTradeInformation(0).reportingRegime(0).reportingPurpose(1),trade.tradeHeader.partyTradeInformation.reportingRegime.reportingPurpose,0,,Element with value PrimaryEconomicTerms could not be mapped to a rosettaField
cdm-sample-files/events/Clearing-cleared-beta-Trade-04.xml,Fail_MappedNone,trade.tradeHeader.partyTradeInformation(0).endUserExceptionReason,trade.tradeHeader.partyTradeInformation.endUserExceptionReason,0,,Element with value Inter-Affiliate could not be mapped to a rosettaField
cdm-sample-files/events/Clearing-cleared-beta-Trade-04.xml,Fail_MappedMultiple,party(1)[id=party1_parent].partyId[partyIdScheme=http://www.fpml.org/coding-scheme/external/iso17442].partyIdScheme,party[id=party1_parent].partyId[partyIdScheme=http://www.fpml.org/coding-scheme/external/iso17442].partyIdScheme,2,ReportableEvent.originatingWorkflowStep.proposedEvent.instruction(0).before.value.trade.party(1).partyId(0).identifier.meta.scheme=[http://www.fpml.org/coding-scheme/external/iso17442] ReportableEvent.originatingWorkflowStep.proposedEvent.instruction(0).before.value.trade.party(1).partyId(0).identifierType=[LEI],Element mapped to multiple rosettaFields
cdm-sample-files/events/Clearing-cleared-beta-Trade-04.xml,Fail_MappedNone,trade.tradeHeader.partyTradeInformation(1).reportingRegime(2).reportingRole,trade.tradeHeader.partyTradeInformation.reportingRegime.reportingRole,0,,Element with value ReportingParty could not be mapped to a rosettaField
cdm-sample-files/events/Clearing-cleared-beta-Trade-04.xml,Fail_MappedNone,trade.tradeHeader.partyTradeInformation(0).reportingRegime(6).mandatorilyClearable,trade.tradeHeader.partyTradeInformation.reportingRegime.mandatorilyClearable,0,,Element with value false could not be mapped to a rosettaField
cdm-sample-files/events/Clearing-cleared-beta-Trade-04.xml,Fail_MappedMultiple,party(6)[id=venue].partyId[partyIdScheme=http://www.fpml.org/coding-scheme/external/iso17442].partyIdScheme,party[id=venue].partyId[partyIdScheme=http://www.fpml.org/coding-scheme/external/iso17442].partyIdScheme,2,ReportableEvent.originatingWorkflowStep.proposedEvent.instruction(0).before.value.trade.party(6).partyId(0).identifierType=[LEI] ReportableEvent.originatingWorkflowStep.proposedEvent.instruction(0).before.value.trade.party(6).partyId(0).identifier.meta.scheme=[http://www.fpml.org/coding-scheme/external/iso17442],Element mapped to multiple rosettaFields
cdm-sample-files/events/Clearing-cleared-beta-Trade-04.xml,Fail_MappedNone,trade.tradeHeader.partyTradeInformation(0).reportingRegime(3).partyEntityClassification(3).entityClassification[entityClassificationScheme=http://www.fpml.org/coding-scheme/csa-local-party-status-entity-classification].entityClassificationScheme,trade.tradeHeader.partyTradeInformation.reportingRegime.partyEntityClassification.entityClassification[entityClassificationScheme=http://www.fpml.org/coding-scheme/csa-local-party-status-entity-classification].entityClassificationScheme,0,,Element with value http://www.fpml.org/coding-scheme/csa-local-party-status-entity-classification could not be mapped to a rosettaField
cdm-sample-files/events/Clearing-cleared-beta-Trade-04.xml,Fail_MappedNone,trade.tradeHeader.productSummary.finalSettlementDate,trade.tradeHeader.productSummary.finalSettlementDate,0,,Element with value 2014-06-20 could not be mapped to a rosettaField
cdm-sample-files/events/Clearing-cleared-beta-Trade-04.xml,Fail_MappedNone,trade.tradeHeader.partyTradeInformation(1).reportingRegime(1).supervisorRegistration.supervisoryBody,trade.tradeHeader.partyTradeInformation.reportingRegime.supervisorRegistration.supervisoryBody,0,,Element with value FCA could not be mapped to a rosettaField
cdm-sample-files/events/Clearing-cleared-beta-Trade-04.xml,Fail_MappedNone,trade.tradeHeader.partyTradeInformation(1).reportingRegime(1).reportingPurpose,trade.tradeHeader.partyTradeInformation.reportingRegime.reportingPurpose,0,,Element with value PrimaryEconomicTerms could not be mapped to a rosettaField
cdm-sample-files/events/Clearing-cleared-beta-Trade-04.xml,Fail_MappedNone,sequenceNumber,sequenceNumber,0,,Element with value 1 could not be mapped to a rosettaField
cdm-sample-files/events/Clearing-cleared-beta-Trade-04.xml,Fail_MappedNone,trade.tradeHeader.partyTradeInformation(0).reportingRegime(5).name,trade.tradeHeader.partyTradeInformation.reportingRegime.name,0,,Element with value JFSA could not be mapped to a rosettaField
cdm-sample-files/events/Clearing-cleared-beta-Trade-04.xml,Fail_MappedNone,trade.tradeHeader.partyTradeInformation(0).reportingRegime(3).partyEntityClassification(1).partyReference[href=clearing-svc].href,trade.tradeHeader.partyTradeInformation.reportingRegime.partyEntityClassification.partyReference[href=clearing-svc].href,0,,Element with value clearing-svc could not be mapped to a rosettaField
cdm-sample-files/events/Clearing-cleared-beta-Trade-04.xml,Fail_MappedNone,trade.tradeHeader.partyTradeInformation(1).reportingRegime(0).mandatorilyClearable,trade.tradeHeader.partyTradeInformation.reportingRegime.mandatorilyClearable,0,,Element with value false could not be mapped to a rosettaField
cdm-sample-files/events/Clearing-cleared-beta-Trade-04.xml,Fail_MappedNone,trade.tradeHeader.partyTradeInformation(0).reportingRegime(0).supervisorRegistration.supervisoryBody,trade.tradeHeader.partyTradeInformation.reportingRegime.supervisorRegistration.supervisoryBody,0,,Element with value CFTC could not be mapped to a rosettaField
cdm-sample-files/events/Clearing-cleared-beta-Trade-04.xml,Fail_MappedNone,trade.tradeHeader.partyTradeInformation(0).reportingRegime(0).reportingRole,trade.tradeHeader.partyTradeInformation.reportingRegime.reportingRole,0,,Element with value ReportingParty could not be mapped to a rosettaField
cdm-sample-files/events/Clearing-new-alpha-Trade-02.xml,Fail_MappedNone,trade.tradeHeader.partyTradeInformation(0).reportingRegime(2).supervisorRegistration.supervisoryBody,trade.tradeHeader.partyTradeInformation.reportingRegime.supervisorRegistration.supervisoryBody,0,,Element with value ESMA could not be mapped to a rosettaField
cdm-sample-files/events/Clearing-new-alpha-Trade-02.xml,Fail_MappedMultiple,party(7)[id=broker1].partyId[partyIdScheme=http://www.fpml.org/coding-scheme/external/iso17442].partyIdScheme,party[id=broker1].partyId[partyIdScheme=http://www.fpml.org/coding-scheme/external/iso17442].partyIdScheme,2,ReportableEvent.originatingWorkflowStep.proposedEvent.instruction(0).before.value.trade.party(7).partyId(0).identifierType=[LEI] ReportableEvent.originatingWorkflowStep.proposedEvent.instruction(0).before.value.trade.party(7).partyId(0).identifier.meta.scheme=[http://www.fpml.org/coding-scheme/external/iso17442],Element mapped to multiple rosettaFields
cdm-sample-files/events/Clearing-new-alpha-Trade-02.xml,Fail_MappedNone,trade.tradeHeader.productSummary.seniority,trade.tradeHeader.productSummary.seniority,0,,Element with value SeniorSec could not be mapped to a rosettaField
cdm-sample-files/events/Clearing-new-alpha-Trade-02.xml,Fail_MappedNone,trade.tradeHeader.partyTradeInformation(1).reportingRegime(1).entityClassification[entityClassificationScheme=http://www.fpml.org/coding-scheme/esma-entity-classification],trade.tradeHeader.partyTradeInformation.reportingRegime.entityClassification[entityClassificationScheme=http://www.fpml.org/coding-scheme/esma-entity-classification],0,,Element with value Financial could not be mapped to a rosettaField
cdm-sample-files/events/Clearing-new-alpha-Trade-02.xml,Fail_MappedNone,trade.tradeHeader.partyTradeInformation(0).compressedTrade,trade.tradeHeader.partyTradeInformation.compressedTrade,0,,Element with value true could not be mapped to a rosettaField
cdm-sample-files/events/Clearing-new-alpha-Trade-02.xml,Fail_MappedNone,correlationId[correlationIdScheme=http://fpml.org/submitter_trade_id].correlationIdScheme,correlationId[correlationIdScheme=http://fpml.org/submitter_trade_id].correlationIdScheme,0,,Element with value http://fpml.org/submitter_trade_id could not be mapped to a rosettaField
cdm-sample-files/events/Clearing-new-alpha-Trade-02.xml,Fail_MappedNone,trade.tradeHeader.partyTradeInformation(0).timestamps.nonpublicReportAccepted,trade.tradeHeader.partyTradeInformation.timestamps.nonpublicReportAccepted,0,,Element with value 2011-02-12T12:21:17Z could not be mapped to a rosettaField
cdm-sample-files/events/Clearing-new-alpha-Trade-02.xml,Fail_MappedNone,trade.tradeHeader.partyTradeInformation(0).reportingRegime(1).partyEntityClassification(2).entityClassification[entityClassificationScheme=http://www.fpml.org/coding-scheme/sec-entity-classification],trade.tradeHeader.partyTradeInformation.reportingRegime.partyEntityClassification.entityClassification[entityClassificationScheme=http://www.fpml.org/coding-scheme/sec-entity-classification],0,,Element with value Participant could not be mapped to a rosettaField
cdm-sample-files/events/Clearing-new-alpha-Trade-02.xml,Fail_MappedNone,trade.tradeHeader.partyTradeInformation(1).reportingRegime(0).reportingPurpose,trade.tradeHeader.partyTradeInformation.reportingRegime.reportingPurpose,0,,Element with value PrimaryEconomicTerms could not be mapped to a rosettaField
cdm-sample-files/events/Clearing-new-alpha-Trade-02.xml,Fail_MappedNone,trade.tradeHeader.partyTradeInformation(0).reportingRegime(3).partyEntityClassification(0).partyReference[href=party1].href,trade.tradeHeader.partyTradeInformation.reportingRegime.partyEntityClassification.partyReference[href=party1].href,0,,Element with value party1 could not be mapped to a rosettaField
cdm-sample-files/events/Clearing-new-alpha-Trade-02.xml,Fail_MappedNone,trade.tradeHeader.partyTradeInformation(0).offMarketPrice,trade.tradeHeader.partyTradeInformation.offMarketPrice,0,,Element with value false could not be mapped to a rosettaField
cdm-sample-files/events/Clearing-new-alpha-Trade-02.xml,Fail_MappedNone,trade.tradeHeader.partyTradeInformation(0).reportingRegime(3).partyEntityClassification(1).entityClassification[entityClassificationScheme=http://www.fpml.org/coding-scheme/csa-local-party-status-entity-classification].entityClassificationScheme,trade.tradeHeader.partyTradeInformation.reportingRegime.partyEntityClassification.entityClassification[entityClassificationScheme=http://www.fpml.org/coding-scheme/csa-local-party-status-entity-classification].entityClassificationScheme,0,,Element with value http://www.fpml.org/coding-scheme/csa-local-party-status-entity-classification could not be mapped to a rosettaField
cdm-sample-files/events/Clearing-new-alpha-Trade-02.xml,Fail_MappedNone,trade.tradeHeader.productSummary.settlementType,trade.tradeHeader.productSummary.settlementType,0,,Element with value Cash could not be mapped to a rosettaField
cdm-sample-files/events/Clearing-new-alpha-Trade-02.xml,Fail_MappedNone,trade.tradeHeader.partyTradeInformation(1).reportingRegime(1).entityClassification[entityClassificationScheme=http://www.fpml.org/coding-scheme/esma-entity-classification].entityClassificationScheme,trade.tradeHeader.partyTradeInformation.reportingRegime.entityClassification[entityClassificationScheme=http://www.fpml.org/coding-scheme/esma-entity-classification].entityClassificationScheme,0,,Element with value http://www.fpml.org/coding-scheme/esma-entity-classification could not be mapped to a rosettaField
cdm-sample-files/events/Clearing-new-alpha-Trade-02.xml,Fail_MappedNone,trade.tradeHeader.partyTradeInformation(0).relatedBusinessUnit(0).role,trade.tradeHeader.partyTradeInformation.relatedBusinessUnit.role,0,,Element with value RegisteredBranch could not be mapped to a rosettaField
cdm-sample-files/events/Clearing-new-alpha-Trade-02.xml,Fail_MappedNone,party(0)[id=party1].country,party[id=party1].country,0,,Element with value GB could not be mapped to a rosettaField
cdm-sample-files/events/Clearing-new-alpha-Trade-02.xml,Fail_MappedNone,trade.tradeHeader.partyTradeInformation(0).reportingRegime(6).name,trade.tradeHeader.partyTradeInformation.reportingRegime.name,0,,Element with value CSA could not be mapped to a rosettaField
cdm-sample-files/events/Clearing-new-alpha-Trade-02.xml,Fail_MappedMultiple,trade.creditDefaultSwap.generalTerms.referenceInformation.referenceEntity[id=referenceEntity].entityId[entityIdScheme=http://www.fpml.org/spec/2003/entity-id-RED-1-0].entityIdScheme,trade.creditDefaultSwap.generalTerms.referenceInformation.referenceEntity[id=referenceEntity].entityId[entityIdScheme=http://www.fpml.org/spec/2003/entity-id-RED-1-0].entityIdScheme,3,ReportableEvent.originatingWorkflowStep.proposedEvent.instruction(0).before.value.trade.product.economicTerms.payout(0).CreditDefaultPayout.generalTerms.referenceInformation.referenceEntity.entityId(0).meta.scheme=[http://www.fpml.org/spec/2003/entity-id-RED-1-0] ReportableEvent.originatingWorkflowStep.proposedEvent.instruction(0).before.value.trade.product.economicTerms.payout(0).CreditDefaultPayout.generalTerms.referenceInformation.referenceEntity.entityIdentifier(0).identifierType=[REDID] ReportableEvent.originatingWorkflowStep.proposedEvent.instruction(0).before.value.trade.product.economicTerms.payout(0).CreditDefaultPayout.generalTerms.referenceInformation.referenceEntity.entityIdentifier(0).identifier.meta.scheme=[http://www.fpml.org/spec/2003/entity-id-RED-1-0],Element mapped to multiple rosettaFields
cdm-sample-files/events/Clearing-new-alpha-Trade-02.xml,Fail_MappedNone,trade.tradeHeader.partyTradeInformation(0).reportingRegime(3).reportingRole,trade.tradeHeader.partyTradeInformation.reportingRegime.reportingRole,0,,Element with value Principal could not be mapped to a rosettaField
cdm-sample-files/events/Clearing-new-alpha-Trade-02.xml,Fail_MappedNone,trade.tradeHeader.partyTradeInformation(0).reportingRegime(1).partyEntityClassification(2).partyReference[href=party1].href,trade.tradeHeader.partyTradeInformation.reportingRegime.partyEntityClassification.partyReference[href=party1].href,0,,Element with value party1 could not be mapped to a rosettaField
cdm-sample-files/events/Clearing-new-alpha-Trade-02.xml,Fail_MappedNone,trade.tradeHeader.partyTradeInformation(0).reportingRegime(4).entityClassification[entityClassificationScheme=http://www.fpml.org/coding-scheme/esma-entity-classification].entityClassificationScheme,trade.tradeHeader.partyTradeInformation.reportingRegime.entityClassification[entityClassificationScheme=http://www.fpml.org/coding-scheme/esma-entity-classification].entityClassificationScheme,0,,Element with value http://www.fpml.org/coding-scheme/esma-entity-classification could not be mapped to a rosettaField
cdm-sample-files/events/Clearing-new-alpha-Trade-02.xml,Fail_MappedNone,trade.tradeHeader.partyTradeInformation(0).reportingRegime(3).partyEntityClassification(2).entityClassification[entityClassificationScheme=http://www.fpml.org/coding-scheme/csa-dealer-status-entity-classification].entityClassificationScheme,trade.tradeHeader.partyTradeInformation.reportingRegime.partyEntityClassification.entityClassification[entityClassificationScheme=http://www.fpml.org/coding-scheme/csa-dealer-status-entity-classification].entityClassificationScheme,0,,Element with value http://www.fpml.org/coding-scheme/csa-dealer-status-entity-classification could not be mapped to a rosettaField
cdm-sample-files/events/Clearing-new-alpha-Trade-02.xml,Fail_MappedNone,trade.tradeHeader.partyTradeInformation(1).reportingRegime(1).exceedsClearingThreshold,trade.tradeHeader.partyTradeInformation.reportingRegime.exceedsClearingThreshold,0,,Element with value true could not be mapped to a rosettaField
cdm-sample-files/events/Clearing-new-alpha-Trade-02.xml,Fail_MappedNone,trade.tradeHeader.partyTradeInformation(1).reportingRegime(0).entityClassification[entityClassificationScheme=http://www.fpml.org/coding-scheme/esma-entity-classification].entityClassificationScheme,trade.tradeHeader.partyTradeInformation.reportingRegime.entityClassification[entityClassificationScheme=http://www.fpml.org/coding-scheme/esma-entity-classification].entityClassificationScheme,0,,Element with value http://www.fpml.org/coding-scheme/esma-entity-classification could not be mapped to a rosettaField
cdm-sample-files/events/Clearing-new-alpha-Trade-02.xml,Fail_MappedNone,party(4)[id=party2].classification(1)[industryClassificationScheme=http://www.fpml.org/coding-scheme/hkma-rewrite-regulatory-corporate-sector],party[id=party2].classification[industryClassificationScheme=http://www.fpml.org/coding-scheme/hkma-rewrite-regulatory-corporate-sector],0,,Element with value ORPI could not be mapped to a rosettaField
cdm-sample-files/events/Clearing-new-alpha-Trade-02.xml,Fail_MappedNone,trade.tradeHeader.partyTradeInformation(0).isDisputed,trade.tradeHeader.partyTradeInformation.isDisputed,0,,Element with value true could not be mapped to a rosettaField
cdm-sample-files/events/Clearing-new-alpha-Trade-02.xml,Fail_MappedNone,trade.tradeHeader.partyTradeInformation(1).reportingRegime(3).supervisorRegistration.supervisoryBody,trade.tradeHeader.partyTradeInformation.reportingRegime.supervisorRegistration.supervisoryBody,0,,Element with value CA.AB.ASC could not be mapped to a rosettaField
cdm-sample-files/events/Clearing-new-alpha-Trade-02.xml,Fail_MappedNone,trade.tradeHeader.partyTradeInformation(0).reportingRegime(1).partyEntityClassification(1).entityClassification[entityClassificationScheme=http://www.fpml.org/coding-scheme/sec-entity-classification],trade.tradeHeader.partyTradeInformation.reportingRegime.partyEntityClassification.entityClassification[entityClassificationScheme=http://www.fpml.org/coding-scheme/sec-entity-classification],0,,Element with value MSBSP could not be mapped to a rosettaField
cdm-sample-files/events/Clearing-new-alpha-Trade-02.xml,Fail_MappedNone,trade.tradeHeader.partyTradeInformation(0).reportingRegime(1).partyEntityClassification(3).partyReference[href=party2].href,trade.tradeHeader.partyTradeInformation.reportingRegime.partyEntityClassification.partyReference[href=party2].href,0,,Element with value party2 could not be mapped to a rosettaField
cdm-sample-files/events/Clearing-new-alpha-Trade-02.xml,Fail_MappedNone,trade.tradeHeader.partyTradeInformation(0).reportingRegime(7).supervisorRegistration.supervisoryBody,trade.tradeHeader.partyTradeInformation.reportingRegime.supervisorRegistration.supervisoryBody,0,,Element with value HKMA could not be mapped to a rosettaField
cdm-sample-files/events/Clearing-new-alpha-Trade-02.xml,Fail_MappedNone,trade.tradeHeader.partyTradeInformation(1).reportingRegime(4).reportingRole,trade.tradeHeader.partyTradeInformation.reportingRegime.reportingRole,0,,Element with value ReportingParty could not be mapped to a rosettaField
cdm-sample-files/events/Clearing-new-alpha-Trade-02.xml,Fail_MappedNone,trade.tradeHeader.partyTradeInformation(0).reportingRegime(4).mandatorilyClearable,trade.tradeHeader.partyTradeInformation.reportingRegime.mandatorilyClearable,0,,Element with value false could not be mapped to a rosettaField
cdm-sample-files/events/Clearing-new-alpha-Trade-02.xml,Fail_MappedNone,trade.tradeHeader.partyTradeInformation(0).reportingRegime(1).supervisorRegistration.supervisoryBody,trade.tradeHeader.partyTradeInformation.reportingRegime.supervisorRegistration.supervisoryBody,0,,Element with value SEC could not be mapped to a rosettaField
cdm-sample-files/events/Clearing-new-alpha-Trade-02.xml,Fail_MappedNone,party(0)[id=party1].organizationType,party[id=party1].organizationType,0,,Element with value SD could not be mapped to a rosettaField
cdm-sample-files/events/Clearing-new-alpha-Trade-02.xml,Fail_MappedNone,trade.tradeHeader.partyTradeInformation(1).reportingRegime(0).name,trade.tradeHeader.partyTradeInformation.reportingRegime.name,0,,Element with value EMIR could not be mapped to a rosettaField
cdm-sample-files/events/Clearing-new-alpha-Trade-02.xml,Fail_MappedNone,trade.tradeHeader.partyTradeInformation(0).relatedBusinessUnit(1).role,trade.tradeHeader.partyTradeInformation.relatedBusinessUnit.role,0,,Element with value TradingDesk could not be mapped to a rosettaField
cdm-sample-files/events/Clearing-new-alpha-Trade-02.xml,Fail_MappedNone,trade.tradeHeader.partyTradeInformation(0).reportingRegime(7).name,trade.tradeHeader.partyTradeInformation.reportingRegime.name,0,,Element with value HKTR could not be mapped to a rosettaField
cdm-sample-files/events/Clearing-new-alpha-Trade-02.xml,Fail_MappedMultiple,party(2)[id=party1_affiliate1].partyId[partyIdScheme=http://www.fpml.org/coding-scheme/external/iso17442].partyIdScheme,party[id=party1_affiliate1].partyId[partyIdScheme=http://www.fpml.org/coding-scheme/external/iso17442].partyIdScheme,2,ReportableEvent.originatingWorkflowStep.proposedEvent.instruction(0).before.value.trade.party(2).partyId(0).identifierType=[LEI] ReportableEvent.originatingWorkflowStep.proposedEvent.instruction(0).before.value.trade.party(2).partyId(0).identifier.meta.scheme=[http://www.fpml.org/coding-scheme/external/iso17442],Element mapped to multiple rosettaFields
cdm-sample-files/events/Clearing-new-alpha-Trade-02.xml,Fail_MappedNone,trade.tradeHeader.partyTradeInformation(0).reportingRegime(2).reportingRole,trade.tradeHeader.partyTradeInformation.reportingRegime.reportingRole,0,,Element with value ReportingParty could not be mapped to a rosettaField
cdm-sample-files/events/Clearing-new-alpha-Trade-02.xml,Fail_MappedNone,party(4)[id=party2].classification(2)[industryClassificationScheme=http://www.fpml.org/coding-scheme/esma-emir-refit-regulatory-corporate-sector],party[id=party2].classification[industryClassificationScheme=http://www.fpml.org/coding-scheme/esma-emir-refit-regulatory-corporate-sector],0,,Element with value ORPI could not be mapped to a rosettaField
cdm-sample-files/events/Clearing-new-alpha-Trade-02.xml,Fail_MappedNone,trade.tradeHeader.partyTradeInformation(0).isAccountingHedge,trade.tradeHeader.partyTradeInformation.isAccountingHedge,0,,Element with value true could not be mapped to a rosettaField
cdm-sample-files/events/Clearing-new-alpha-Trade-02.xml,Fail_MappedNone,trade.tradeHeader.partyTradeInformation(0).reportingRegime(3).partyEntityClassification(0).entityClassification[entityClassificationScheme=http://www.fpml.org/coding-scheme/csa-dealer-status-entity-classification].entityClassificationScheme,trade.tradeHeader.partyTradeInformation.reportingRegime.partyEntityClassification.entityClassification[entityClassificationScheme=http://www.fpml.org/coding-scheme/csa-dealer-status-entity-classification].entityClassificationScheme,0,,Element with value http://www.fpml.org/coding-scheme/csa-dealer-status-entity-classification could not be mapped to a rosettaField
cdm-sample-files/events/Clearing-new-alpha-Trade-02.xml,Fail_MappedNone,trade.tradeHeader.tradeSummary.isPrimeBrokerTrade,trade.tradeHeader.tradeSummary.isPrimeBrokerTrade,0,,Element with value false could not be mapped to a rosettaField
cdm-sample-files/events/Clearing-new-alpha-Trade-02.xml,Fail_MappedNone,trade.tradeHeader.partyTradeInformation(0).pricingContext(1),trade.tradeHeader.partyTradeInformation.pricingContext,0,,Element with value HistoricTrade could not be mapped to a rosettaField
cdm-sample-files/events/Clearing-new-alpha-Trade-02.xml,Fail_MappedNone,trade.tradeHeader.partyTradeInformation(0).reportingRegime(3).partyEntityClassification(3).entityClassification[entityClassificationScheme=http://www.fpml.org/coding-scheme/csa-local-party-status-entity-classification],trade.tradeHeader.partyTradeInformation.reportingRegime.partyEntityClassification.entityClassification[entityClassificationScheme=http://www.fpml.org/coding-scheme/csa-local-party-status-entity-classification],0,,Element with value NonLocalParty could not be mapped to a rosettaField
cdm-sample-files/events/Clearing-new-alpha-Trade-02.xml,Fail_MappedNone,trade.tradeHeader.partyTradeInformation(0).reportingRegime(1).partyEntityClassification(0).entityClassification[entityClassificationScheme=http://www.fpml.org/coding-scheme/sec-entity-classification],trade.tradeHeader.partyTradeInformation.reportingRegime.partyEntityClassification.entityClassification[entityClassificationScheme=http://www.fpml.org/coding-scheme/sec-entity-classification],0,,Element with value SBSD could not be mapped to a rosettaField
cdm-sample-files/events/Clearing-new-alpha-Trade-02.xml,Fail_MappedMultiple,party(3)[id=party1_affiliate2].partyId[partyIdScheme=http://www.fpml.org/coding-scheme/external/iso17442].partyIdScheme,party[id=party1_affiliate2].partyId[partyIdScheme=http://www.fpml.org/coding-scheme/external/iso17442].partyIdScheme,2,ReportableEvent.originatingWorkflowStep.proposedEvent.instruction(0).before.value.trade.party(3).partyId(0).identifierType=[LEI] ReportableEvent.originatingWorkflowStep.proposedEvent.instruction(0).before.value.trade.party(3).partyId(0).identifier.meta.scheme=[http://www.fpml.org/coding-scheme/external/iso17442],Element mapped to multiple rosettaFields
cdm-sample-files/events/Clearing-new-alpha-Trade-02.xml,Fail_MappedNone,trade.tradeHeader.partyTradeInformation(0).timestamps.nonpublicReportUpdated,trade.tradeHeader.partyTradeInformation.timestamps.nonpublicReportUpdated,0,,Element with value 2011-02-12T12:21:17Z could not be mapped to a rosettaField
cdm-sample-files/events/Clearing-new-alpha-Trade-02.xml,Fail_MappedNone,trade.tradeHeader.partyTradeInformation(0).reportingRegime(1).partyEntityClassification(1).partyReference[href=party2].href,trade.tradeHeader.partyTradeInformation.reportingRegime.partyEntityClassification.partyReference[href=party2].href,0,,Element with value party2 could not be mapped to a rosettaField
cdm-sample-files/events/Clearing-new-alpha-Trade-02.xml,Fail_MappedNone,trade.tradeHeader.partyTradeInformation(0).reportingRegime(3).mandatorilyClearable,trade.tradeHeader.partyTradeInformation.reportingRegime.mandatorilyClearable,0,,Element with value false could not be mapped to a rosettaField
cdm-sample-files/events/Clearing-new-alpha-Trade-02.xml,Fail_MappedNone,trade.tradeHeader.partyTradeInformation(0).reportingRegime(6).entityClassification[entityClassificationScheme=http://www.fpml.org/coding-scheme/cftc-entity-classification].entityClassificationScheme,trade.tradeHeader.partyTradeInformation.reportingRegime.entityClassification[entityClassificationScheme=http://www.fpml.org/coding-scheme/cftc-entity-classification].entityClassificationScheme,0,,Element with value http://www.fpml.org/coding-scheme/cftc-entity-classification could not be mapped to a rosettaField
cdm-sample-files/events/Clearing-new-alpha-Trade-02.xml,Fail_MappedMultiple,party(8)[id=executing_agent].partyId[partyIdScheme=http://www.fpml.org/coding-scheme/external/iso17442].partyIdScheme,party[id=executing_agent].partyId[partyIdScheme=http://www.fpml.org/coding-scheme/external/iso17442].partyIdScheme,2,ReportableEvent.originatingWorkflowStep.proposedEvent.instruction(0).before.value.trade.party(8).partyId(0).identifierType=[LEI] ReportableEvent.originatingWorkflowStep.proposedEvent.instruction(0).before.value.trade.party(8).partyId(0).identifier.meta.scheme=[http://www.fpml.org/coding-scheme/external/iso17442],Element mapped to multiple rosettaFields
cdm-sample-files/events/Clearing-new-alpha-Trade-02.xml,Fail_MappedNone,trade.tradeHeader.partyTradeInformation(0).reportingRegime(2).exceedsClearingThreshold,trade.tradeHeader.partyTradeInformation.reportingRegime.exceedsClearingThreshold,0,,Element with value true could not be mapped to a rosettaField
cdm-sample-files/events/Clearing-new-alpha-Trade-02.xml,Fail_MappedNone,trade.tradeHeader.partyTradeInformation(1).reportingRegime(1).name,trade.tradeHeader.partyTradeInformation.reportingRegime.name,0,,Element with value UKEMIR could not be mapped to a rosettaField
cdm-sample-files/events/Clearing-new-alpha-Trade-02.xml,Fail_MappedNone,trade.tradeHeader.partyTradeInformation(0).pricingContext(0),trade.tradeHeader.partyTradeInformation.pricingContext,0,,Element with value CrossBorder could not be mapped to a rosettaField
cdm-sample-files/events/Clearing-new-alpha-Trade-02.xml,Fail_MappedNone,trade.tradeHeader.partyTradeInformation(0).reportingRegime(6).entityClassification[entityClassificationScheme=http://www.fpml.org/coding-scheme/cftc-entity-classification],trade.tradeHeader.partyTradeInformation.reportingRegime.entityClassification[entityClassificationScheme=http://www.fpml.org/coding-scheme/cftc-entity-classification],0,,Element with value SBSD could not be mapped to a rosettaField
cdm-sample-files/events/Clearing-new-alpha-Trade-02.xml,Fail_MappedNone,onBehalfOf.partyReference[href=party1].href,onBehalfOf.partyReference[href=party1].href,0,,Element with value party1 could not be mapped to a rosettaField
cdm-sample-files/events/Clearing-new-alpha-Trade-02.xml,Fail_MappedNone,party(4)[id=party2].classification(0),party[id=party2].classification,0,,Element with value NonFinancial could not be mapped to a rosettaField
cdm-sample-files/events/Clearing-new-alpha-Trade-02.xml,Fail_MappedNone,trade.tradeHeader.partyTradeInformation(0).reportingRegime(5).reportingRole,trade.tradeHeader.partyTradeInformation.reportingRegime.reportingRole,0,,Element with value ReportingParty could not be mapped to a rosettaField
cdm-sample-files/events/Clearing-new-alpha-Trade-02.xml,Fail_MappedMultiple,trade.creditDefaultSwap.generalTerms.referenceInformation.referenceEntity[id=referenceEntity].entityId[entityIdScheme=http://www.fpml.org/spec/2003/entity-id-RED-1-0],trade.creditDefaultSwap.generalTerms.referenceInformation.referenceEntity[id=referenceEntity].entityId[entityIdScheme=http://www.fpml.org/spec/2003/entity-id-RED-1-0],2,ReportableEvent.originatingWorkflowStep.proposedEvent.instruction(0).before.value.trade.product.economicTerms.payout(0).CreditDefaultPayout.generalTerms.referenceInformation.referenceEntity.entityIdentifier(0).identifier.value=[8G836J] ReportableEvent.originatingWorkflowStep.proposedEvent.instruction(0).before.value.trade.product.economicTerms.payout(0).CreditDefaultPayout.generalTerms.referenceInformation.referenceEntity.entityId(0).value=[8G836J],Element mapped to multiple rosettaFields
cdm-sample-files/events/Clearing-new-alpha-Trade-02.xml,Fail_MappedMultiple,party(9)[id=venue].partyId[partyIdScheme=http://www.fpml.org/coding-scheme/external/iso17442].partyIdScheme,party[id=venue].partyId[partyIdScheme=http://www.fpml.org/coding-scheme/external/iso17442].partyIdScheme,2,ReportableEvent.originatingWorkflowStep.proposedEvent.instruction(0).before.value.trade.party(9).partyId(0).identifier.meta.scheme=[http://www.fpml.org/coding-scheme/external/iso17442] ReportableEvent.originatingWorkflowStep.proposedEvent.instruction(0).before.value.trade.party(9).partyId(0).identifierType=[LEI],Element mapped to multiple rosettaFields
cdm-sample-files/events/Clearing-new-alpha-Trade-02.xml,Fail_MappedNone,party(0)[id=party1].region,party[id=party1].region,0,,Element with value EEA could not be mapped to a rosettaField
cdm-sample-files/events/Clearing-new-alpha-Trade-02.xml,Fail_MappedNone,trade.tradeHeader.partyTradeInformation(0).reportingRegime(1).partyEntityClassification(3).entityClassification[entityClassificationScheme=http://www.fpml.org/coding-scheme/sec-entity-classification].entityClassificationScheme,trade.tradeHeader.partyTradeInformation.reportingRegime.partyEntityClassification.entityClassification[entityClassificationScheme=http://www.fpml.org/coding-scheme/sec-entity-classification].entityClassificationScheme,0,,Element with value http://www.fpml.org/coding-scheme/sec-entity-classification could not be mapped to a rosettaField
cdm-sample-files/events/Clearing-new-alpha-Trade-02.xml,Fail_MappedNone,trade.tradeHeader.partyTradeInformation(0).reportingRegime(4).reportingPurpose,trade.tradeHeader.partyTradeInformation.reportingRegime.reportingPurpose,0,,Element with value PrimaryEconomicTerms could not be mapped to a rosettaField
cdm-sample-files/events/Clearing-new-alpha-Trade-02.xml,Fail_MappedNone,trade.tradeHeader.partyTradeInformation(0).reportingRegime(0).name,trade.tradeHeader.partyTradeInformation.reportingRegime.name,0,,Element with value DoddFrankAct could not be mapped to a rosettaField
cdm-sample-files/events/Clearing-new-alpha-Trade-02.xml,Fail_MappedNone,trade.tradeHeader.partyTradeInformation(1).reportingRegime(0).entityClassification[entityClassificationScheme=http://www.fpml.org/coding-scheme/esma-entity-classification],trade.tradeHeader.partyTradeInformation.reportingRegime.entityClassification[entityClassificationScheme=http://www.fpml.org/coding-scheme/esma-entity-classification],0,,Element with value Financial could not be mapped to a rosettaField
cdm-sample-files/events/Clearing-new-alpha-Trade-02.xml,Fail_MappedNone,trade.tradeHeader.partyTradeInformation(0).reportingRegime(7).entityClassification,trade.tradeHeader.partyTradeInformation.reportingRegime.entityClassification,0,,Element with value Financial could not be mapped to a rosettaField
cdm-sample-files/events/Clearing-new-alpha-Trade-02.xml,Fail_MappedNone,trade.tradeHeader.partyTradeInformation(0).reportingRegime(3).partyEntityClassification(2).entityClassification[entityClassificationScheme=http://www.fpml.org/coding-scheme/csa-dealer-status-entity-classification],trade.tradeHeader.partyTradeInformation.reportingRegime.partyEntityClassification.entityClassification[entityClassificationScheme=http://www.fpml.org/coding-scheme/csa-dealer-status-entity-classification],0,,Element with value NonDealer could not be mapped to a rosettaField
cdm-sample-files/events/Clearing-new-alpha-Trade-02.xml,Fail_MappedNone,trade.tradeHeader.partyTradeInformation(0).reportingRegime(2).mandatorilyClearable,trade.tradeHeader.partyTradeInformation.reportingRegime.mandatorilyClearable,0,,Element with value false could not be mapped to a rosettaField
cdm-sample-files/events/Clearing-new-alpha-Trade-02.xml,Fail_MappedNone,trade.tradeHeader.partyTradeInformation(0).reportingRegime(3).supervisorRegistration.supervisoryBody,trade.tradeHeader.partyTradeInformation.reportingRegime.supervisorRegistration.supervisoryBody,0,,Element with value CA.ON.OSC could not be mapped to a rosettaField
cdm-sample-files/events/Clearing-new-alpha-Trade-02.xml,Fail_MappedNone,trade.tradeHeader.partyTradeInformation(0).executionType,trade.tradeHeader.partyTradeInformation.executionType,0,,Element with value Electronic could not be mapped to a rosettaField
cdm-sample-files/events/Clearing-new-alpha-Trade-02.xml,Fail_MappedNone,trade.tradeHeader.partyTradeInformation(0).reportingRole,trade.tradeHeader.partyTradeInformation.reportingRole,0,,Element with value Principal could not be mapped to a rosettaField
cdm-sample-files/events/Clearing-new-alpha-Trade-02.xml,Fail_MappedNone,trade.tradeHeader.partyTradeInformation(1).reportingRegime(2).name,trade.tradeHeader.partyTradeInformation.reportingRegime.name,0,,Element with value JFSA could not be mapped to a rosettaField
cdm-sample-files/events/Clearing-new-alpha-Trade-02.xml,Fail_MappedNone,correlationId[correlationIdScheme=http://fpml.org/submitter_trade_id],correlationId[correlationIdScheme=http://fpml.org/submitter_trade_id],0,,Element with value TW19235 could not be mapped to a rosettaField
cdm-sample-files/events/Clearing-new-alpha-Trade-02.xml,Fail_MappedNone,trade.tradeHeader.partyTradeInformation(1).reportingRegime(4).supervisorRegistration.supervisoryBody,trade.tradeHeader.partyTradeInformation.reportingRegime.supervisorRegistration.supervisoryBody,0,,Element with value HKMA could not be mapped to a rosettaField
cdm-sample-files/events/Clearing-new-alpha-Trade-02.xml,Fail_MappedNone,trade.tradeHeader.partyTradeInformation(0).reportingRegime(4).reportingRole,trade.tradeHeader.partyTradeInformation.reportingRegime.reportingRole,0,,Element with value ReportingParty could not be mapped to a rosettaField
cdm-sample-files/events/Clearing-new-alpha-Trade-02.xml,Fail_MappedNone,trade.tradeHeader.partyTradeInformation(0).relatedBusinessUnit(0).businessUnitReference[href=branch1].href,trade.tradeHeader.partyTradeInformation.relatedBusinessUnit.businessUnitReference[href=branch1].href,0,,Element with value branch1 could not be mapped to a rosettaField
cdm-sample-files/events/Clearing-new-alpha-Trade-02.xml,Fail_MappedNone,party(0)[id=party1].classification(1)[industryClassificationScheme=http://www.fpml.org/coding-scheme/hkma-rewrite-regulatory-corporate-sector].industryClassificationScheme,party[id=party1].classification[industryClassificationScheme=http://www.fpml.org/coding-scheme/hkma-rewrite-regulatory-corporate-sector].industryClassificationScheme,0,,Element with value http://www.fpml.org/coding-scheme/hkma-rewrite-regulatory-corporate-sector could not be mapped to a rosettaField
cdm-sample-files/events/Clearing-new-alpha-Trade-02.xml,Fail_MappedNone,trade.tradeHeader.partyTradeInformation(1).reportingRegime(4).mandatorilyClearable,trade.tradeHeader.partyTradeInformation.reportingRegime.mandatorilyClearable,0,,Element with value false could not be mapped to a rosettaField
cdm-sample-files/events/Clearing-new-alpha-Trade-02.xml,Fail_MappedNone,trade.tradeHeader.partyTradeInformation(0).reportingRegime(1).partyEntityClassification(1).entityClassification[entityClassificationScheme=http://www.fpml.org/coding-scheme/sec-entity-classification].entityClassificationScheme,trade.tradeHeader.partyTradeInformation.reportingRegime.partyEntityClassification.entityClassification[entityClassificationScheme=http://www.fpml.org/coding-scheme/sec-entity-classification].entityClassificationScheme,0,,Element with value http://www.fpml.org/coding-scheme/sec-entity-classification could not be mapped to a rosettaField
cdm-sample-files/events/Clearing-new-alpha-Trade-02.xml,Fail_MappedNone,trade.tradeHeader.partyTradeInformation(0).reportingRegime(1).name,trade.tradeHeader.partyTradeInformation.reportingRegime.name,0,,Element with value DoddFrankAct could not be mapped to a rosettaField
cdm-sample-files/events/Clearing-new-alpha-Trade-02.xml,Fail_MappedNone,trade.tradeHeader.partyTradeInformation(0).reportingRegime(3).reportingPurpose,trade.tradeHeader.partyTradeInformation.reportingRegime.reportingPurpose,0,,Element with value PrimaryEconomicTerms could not be mapped to a rosettaField
cdm-sample-files/events/Clearing-new-alpha-Trade-02.xml,Fail_MappedNone,trade.tradeHeader.tradeSummary.isPackageTrade,trade.tradeHeader.tradeSummary.isPackageTrade,0,,Element with value true could not be mapped to a rosettaField
cdm-sample-files/events/Clearing-new-alpha-Trade-02.xml,Fail_MappedNone,trade.tradeHeader.partyTradeInformation(0).reportingRegime(1).mandatorilyClearable,trade.tradeHeader.partyTradeInformation.reportingRegime.mandatorilyClearable,0,,Element with value false could not be mapped to a rosettaField
cdm-sample-files/events/Clearing-new-alpha-Trade-02.xml,Fail_MappedNone,trade.tradeHeader.partyTradeInformation(0).reportingRegime(3).partyEntityClassification(1).entityClassification[entityClassificationScheme=http://www.fpml.org/coding-scheme/csa-local-party-status-entity-classification],trade.tradeHeader.partyTradeInformation.reportingRegime.partyEntityClassification.entityClassification[entityClassificationScheme=http://www.fpml.org/coding-scheme/csa-local-party-status-entity-classification],0,,Element with value LocalParty could not be mapped to a rosettaField
cdm-sample-files/events/Clearing-new-alpha-Trade-02.xml,Fail_MappedNone,trade.tradeHeader.partyTradeInformation(0).reportingRegime(2).entityClassification[entityClassificationScheme=http://www.fpml.org/coding-scheme/esma-entity-classification].entityClassificationScheme,trade.tradeHeader.partyTradeInformation.reportingRegime.entityClassification[entityClassificationScheme=http://www.fpml.org/coding-scheme/esma-entity-classification].entityClassificationScheme,0,,Element with value http://www.fpml.org/coding-scheme/esma-entity-classification could not be mapped to a rosettaField
cdm-sample-files/events/Clearing-new-alpha-Trade-02.xml,Fail_MappedNone,trade.tradeHeader.partyTradeInformation(1).reportingRegime(1).reportingRole,trade.tradeHeader.partyTradeInformation.reportingRegime.reportingRole,0,,Element with value ReportingParty could not be mapped to a rosettaField
cdm-sample-files/events/Clearing-new-alpha-Trade-02.xml,Fail_MappedNone,trade.tradeHeader.partyTradeInformation(0).reportingRegime(5).supervisorRegistration.supervisoryBody,trade.tradeHeader.partyTradeInformation.reportingRegime.supervisorRegistration.supervisoryBody,0,,Element with value JFSA could not be mapped to a rosettaField
cdm-sample-files/events/Clearing-new-alpha-Trade-02.xml,Fail_MappedNone,trade.tradeHeader.partyTradeInformation(0).reportingRegime(4).exceedsClearingThreshold,trade.tradeHeader.partyTradeInformation.reportingRegime.exceedsClearingThreshold,0,,Element with value true could not be mapped to a rosettaField
cdm-sample-files/events/Clearing-new-alpha-Trade-02.xml,Fail_MappedNone,trade.tradeHeader.partyTradeInformation(0).pricingContext(4),trade.tradeHeader.partyTradeInformation.pricingContext,0,,Element with value PriceReportingExemptOther could not be mapped to a rosettaField
cdm-sample-files/events/Clearing-new-alpha-Trade-02.xml,Fail_MappedNone,trade.tradeHeader.partyTradeInformation(1).reportingRegime(3).name,trade.tradeHeader.partyTradeInformation.reportingRegime.name,0,,Element with value CSA could not be mapped to a rosettaField
cdm-sample-files/events/Clearing-new-alpha-Trade-02.xml,Fail_MappedNone,trade.tradeHeader.partyTradeInformation(0).reportingRegime(1).preEnactmentTrade,trade.tradeHeader.partyTradeInformation.reportingRegime.preEnactmentTrade,0,,Element with value true could not be mapped to a rosettaField
cdm-sample-files/events/Clearing-new-alpha-Trade-02.xml,Fail_MappedNone,trade.tradeHeader.partyTradeInformation(0).reportingRegime(4).entityClassification[entityClassificationScheme=http://www.fpml.org/coding-scheme/esma-entity-classification],trade.tradeHeader.partyTradeInformation.reportingRegime.entityClassification[entityClassificationScheme=http://www.fpml.org/coding-scheme/esma-entity-classification],0,,Element with value Financial could not be mapped to a rosettaField
cdm-sample-files/events/Clearing-new-alpha-Trade-02.xml,Fail_MappedNone,trade.tradeHeader.partyTradeInformation(0).timestamps.nonpubliclyReported,trade.tradeHeader.partyTradeInformation.timestamps.nonpubliclyReported,0,,Element with value 2011-02-12T12:21:17Z could not be mapped to a rosettaField
cdm-sample-files/events/Clearing-new-alpha-Trade-02.xml,Fail_MappedNone,trade.tradeHeader.partyTradeInformation(0).reportingRegime(7).reportingRole,trade.tradeHeader.partyTradeInformation.reportingRegime.reportingRole,0,,Element with value ReportingParty could not be mapped to a rosettaField
cdm-sample-files/events/Clearing-new-alpha-Trade-02.xml,Fail_MappedNone,trade.tradeHeader.partyTradeInformation(0).reportingRegime(3).partyEntityClassification(3).partyReference[href=party2].href,trade.tradeHeader.partyTradeInformation.reportingRegime.partyEntityClassification.partyReference[href=party2].href,0,,Element with value party2 could not be mapped to a rosettaField
cdm-sample-files/events/Clearing-new-alpha-Trade-02.xml,Fail_MappedNone,trade.tradeHeader.partyTradeInformation(1).reportingRegime(3).mandatorilyClearable,trade.tradeHeader.partyTradeInformation.reportingRegime.mandatorilyClearable,0,,Element with value false could not be mapped to a rosettaField
cdm-sample-files/events/Clearing-new-alpha-Trade-02.xml,Fail_MappedNone,party(4)[id=party2].country,party[id=party2].country,0,,Element with value US could not be mapped to a rosettaField
cdm-sample-files/events/Clearing-new-alpha-Trade-02.xml,Fail_MappedNone,party(0)[id=party1].classification(2)[industryClassificationScheme=http://www.fpml.org/coding-scheme/esma-emir-refit-regulatory-corporate-sector].industryClassificationScheme,party[id=party1].classification[industryClassificationScheme=http://www.fpml.org/coding-scheme/esma-emir-refit-regulatory-corporate-sector].industryClassificationScheme,0,,Element with value http://www.fpml.org/coding-scheme/esma-emir-refit-regulatory-corporate-sector could not be mapped to a rosettaField
cdm-sample-files/events/Clearing-new-alpha-Trade-02.xml,Fail_MappedMultiple,party(4)[id=party2].partyId[partyIdScheme=http://www.fpml.org/coding-scheme/external/iso17442].partyIdScheme,party[id=party2].partyId[partyIdScheme=http://www.fpml.org/coding-scheme/external/iso17442].partyIdScheme,2,ReportableEvent.originatingWorkflowStep.proposedEvent.instruction(0).before.value.trade.party(4).partyId(0).identifier.meta.scheme=[http://www.fpml.org/coding-scheme/external/iso17442] ReportableEvent.originatingWorkflowStep.proposedEvent.instruction(0).before.value.trade.party(4).partyId(0).identifierType=[LEI],Element mapped to multiple rosettaFields
cdm-sample-files/events/Clearing-new-alpha-Trade-02.xml,Fail_MappedNone,trade.tradeHeader.partyTradeInformation(0).reportingRegime(4).supervisorRegistration.supervisoryBody,trade.tradeHeader.partyTradeInformation.reportingRegime.supervisorRegistration.supervisoryBody,0,,Element with value FCA could not be mapped to a rosettaField
cdm-sample-files/events/Clearing-new-alpha-Trade-02.xml,Fail_MappedNone,trade.tradeHeader.partyTradeInformation(1).reportingRegime(0).supervisorRegistration.supervisoryBody,trade.tradeHeader.partyTradeInformation.reportingRegime.supervisorRegistration.supervisoryBody,0,,Element with value ESMA could not be mapped to a rosettaField
cdm-sample-files/events/Clearing-new-alpha-Trade-02.xml,Fail_MappedNone,trade.tradeHeader.partyTradeInformation(0).collateralPortfolio[portfolioNameScheme=http://www.bankx.com/collateral-portfolio-id].portfolioNameScheme,trade.tradeHeader.partyTradeInformation.collateralPortfolio[portfolioNameScheme=http://www.bankx.com/collateral-portfolio-id].portfolioNameScheme,0,,Element with value http://www.bankx.com/collateral-portfolio-id could not be mapped to a rosettaField
cdm-sample-files/events/Clearing-new-alpha-Trade-02.xml,Fail_MappedNone,trade.tradeHeader.partyTradeInformation(0).pricingContext(3),trade.tradeHeader.partyTradeInformation.pricingContext,0,,Element with value Allocation could not be mapped to a rosettaField
cdm-sample-files/events/Clearing-new-alpha-Trade-02.xml,Fail_MappedNone,trade.tradeHeader.partyTradeInformation(0).reportingRegime(2).name,trade.tradeHeader.partyTradeInformation.reportingRegime.name,0,,Element with value EMIR could not be mapped to a rosettaField
cdm-sample-files/events/Clearing-new-alpha-Trade-02.xml,Fail_MappedNone,trade.tradeHeader.partyTradeInformation(0).reportingRegime(2).reportingPurpose,trade.tradeHeader.partyTradeInformation.reportingRegime.reportingPurpose,0,,Element with value PrimaryEconomicTerms could not be mapped to a rosettaField
cdm-sample-files/events/Clearing-new-alpha-Trade-02.xml,Fail_MappedNone,trade.tradeHeader.partyTradeInformation(0).reportingRegime(3).partyEntityClassification(2).partyReference[href=party2].href,trade.tradeHeader.partyTradeInformation.reportingRegime.partyEntityClassification.partyReference[href=party2].href,0,,Element with value party2 could not be mapped to a rosettaField
cdm-sample-files/events/Clearing-new-alpha-Trade-02.xml,Fail_MappedNone,trade.tradeHeader.partyTradeInformation(0).executionVenueType,trade.tradeHeader.partyTradeInformation.executionVenueType,0,,Element with value SEF could not be mapped to a rosettaField
cdm-sample-files/events/Clearing-new-alpha-Trade-02.xml,Fail_MappedNone,trade.tradeHeader.partyTradeInformation(0).endUserException,trade.tradeHeader.partyTradeInformation.endUserException,0,,Element with value true could not be mapped to a rosettaField
cdm-sample-files/events/Clearing-new-alpha-Trade-02.xml,Fail_MappedNone,trade.tradeHeader.partyTradeInformation(1).reportingRegime(0).reportingRole,trade.tradeHeader.partyTradeInformation.reportingRegime.reportingRole,0,,Element with value ReportingParty could not be mapped to a rosettaField
cdm-sample-files/events/Clearing-new-alpha-Trade-02.xml,Fail_MappedNone,trade.tradeHeader.partyTradeInformation(0).reportingRegime(0).mandatorilyClearable,trade.tradeHeader.partyTradeInformation.reportingRegime.mandatorilyClearable,0,,Element with value false could not be mapped to a rosettaField
cdm-sample-files/events/Clearing-new-alpha-Trade-02.xml,Fail_MappedNone,party(4)[id=party2].organizationType,party[id=party2].organizationType,0,,Element with value non-SD/MSP could not be mapped to a rosettaField
cdm-sample-files/events/Clearing-new-alpha-Trade-02.xml,Fail_MappedMultiple,party(5)[id=party2_parent].partyId[partyIdScheme=http://www.fpml.org/coding-scheme/external/iso17442].partyIdScheme,party[id=party2_parent].partyId[partyIdScheme=http://www.fpml.org/coding-scheme/external/iso17442].partyIdScheme,2,ReportableEvent.originatingWorkflowStep.proposedEvent.instruction(0).before.value.trade.party(5).partyId(0).identifier.meta.scheme=[http://www.fpml.org/coding-scheme/external/iso17442] ReportableEvent.originatingWorkflowStep.proposedEvent.instruction(0).before.value.trade.party(5).partyId(0).identifierType=[LEI],Element mapped to multiple rosettaFields
cdm-sample-files/events/Clearing-new-alpha-Trade-02.xml,Fail_MappedNone,party(0)[id=party1].classification(1)[industryClassificationScheme=http://www.fpml.org/coding-scheme/hkma-rewrite-regulatory-corporate-sector],party[id=party1].classification[industryClassificationScheme=http://www.fpml.org/coding-scheme/hkma-rewrite-regulatory-corporate-sector],0,,Element with value INVF could not be mapped to a rosettaField
cdm-sample-files/events/Clearing-new-alpha-Trade-02.xml,Fail_MappedNone,trade.tradeHeader.partyTradeInformation(0).reportingRegime(3).partyEntityClassification(0).entityClassification[entityClassificationScheme=http://www.fpml.org/coding-scheme/csa-dealer-status-entity-classification],trade.tradeHeader.partyTradeInformation.reportingRegime.partyEntityClassification.entityClassification[entityClassificationScheme=http://www.fpml.org/coding-scheme/csa-dealer-status-entity-classification],0,,Element with value Dealer could not be mapped to a rosettaField
cdm-sample-files/events/Clearing-new-alpha-Trade-02.xml,Fail_MappedNone,trade.tradeHeader.partyTradeInformation(0).relatedBusinessUnit(1).businessUnitReference[href=desk1].href,trade.tradeHeader.partyTradeInformation.relatedBusinessUnit.businessUnitReference[href=desk1].href,0,,Element with value desk1 could not be mapped to a rosettaField
cdm-sample-files/events/Clearing-new-alpha-Trade-02.xml,Fail_MappedNone,trade.tradeHeader.partyTradeInformation(0).collateralizationType,trade.tradeHeader.partyTradeInformation.collateralizationType,0,,Element with value Fully could not be mapped to a rosettaField
cdm-sample-files/events/Clearing-new-alpha-Trade-02.xml,Fail_MappedMultiple,party(10)[id=clearing-svc].partyId[partyIdScheme=http://www.fpml.org/coding-scheme/external/iso17442].partyIdScheme,party[id=clearing-svc].partyId[partyIdScheme=http://www.fpml.org/coding-scheme/external/iso17442].partyIdScheme,2,ReportableEvent.originatingWorkflowStep.proposedEvent.instruction(0).before.value.trade.party(10).partyId(0).identifierType=[LEI] ReportableEvent.originatingWorkflowStep.proposedEvent.instruction(0).before.value.trade.party(10).partyId(0).identifier.meta.scheme=[http://www.fpml.org/coding-scheme/external/iso17442],Element mapped to multiple rosettaFields
cdm-sample-files/events/Clearing-new-alpha-Trade-02.xml,Fail_MappedNone,trade.tradeHeader.partyTradeInformation(0).reportingRegime(1).partyEntityClassification(2).entityClassification[entityClassificationScheme=http://www.fpml.org/coding-scheme/sec-entity-classification].entityClassificationScheme,trade.tradeHeader.partyTradeInformation.reportingRegime.partyEntityClassification.entityClassification[entityClassificationScheme=http://www.fpml.org/coding-scheme/sec-entity-classification].entityClassificationScheme,0,,Element with value http://www.fpml.org/coding-scheme/sec-entity-classification could not be mapped to a rosettaField
cdm-sample-files/events/Clearing-new-alpha-Trade-02.xml,Fail_MappedNone,trade.tradeHeader.partyTradeInformation(0).pricingContext(2),trade.tradeHeader.partyTradeInformation.pricingContext,0,,Element with value ClearingForcedTrade could not be mapped to a rosettaField
cdm-sample-files/events/Clearing-new-alpha-Trade-02.xml,Fail_MappedNone,trade.tradeHeader.partyTradeInformation(1).reportingRegime(3).entityClassification[entityClassificationScheme=http://www.fpml.org/coding-scheme/cftc-entity-classification].entityClassificationScheme,trade.tradeHeader.partyTradeInformation.reportingRegime.entityClassification[entityClassificationScheme=http://www.fpml.org/coding-scheme/cftc-entity-classification].entityClassificationScheme,0,,Element with value http://www.fpml.org/coding-scheme/cftc-entity-classification could not be mapped to a rosettaField
cdm-sample-files/events/Clearing-new-alpha-Trade-02.xml,Fail_MappedNone,trade.tradeHeader.partyTradeInformation(1).reportingRegime(4).name,trade.tradeHeader.partyTradeInformation.reportingRegime.name,0,,Element with value HKTR could not be mapped to a rosettaField
cdm-sample-files/events/Clearing-new-alpha-Trade-02.xml,Fail_MappedNone,trade.tradeHeader.partyTradeInformation(0).reportingRegime(6).reportingRole,trade.tradeHeader.partyTradeInformation.reportingRegime.reportingRole,0,,Element with value ReportingParty could not be mapped to a rosettaField
cdm-sample-files/events/Clearing-new-alpha-Trade-02.xml,Fail_MappedNone,party(4)[id=party2].classification(1)[industryClassificationScheme=http://www.fpml.org/coding-scheme/hkma-rewrite-regulatory-corporate-sector].industryClassificationScheme,party[id=party2].classification[industryClassificationScheme=http://www.fpml.org/coding-scheme/hkma-rewrite-regulatory-corporate-sector].industryClassificationScheme,0,,Element with value http://www.fpml.org/coding-scheme/hkma-rewrite-regulatory-corporate-sector could not be mapped to a rosettaField
cdm-sample-files/events/Clearing-new-alpha-Trade-02.xml,Fail_MappedNone,party(0)[id=party1].classification(2)[industryClassificationScheme=http://www.fpml.org/coding-scheme/esma-emir-refit-regulatory-corporate-sector],party[id=party1].classification[industryClassificationScheme=http://www.fpml.org/coding-scheme/esma-emir-refit-regulatory-corporate-sector],0,,Element with value INVF could not be mapped to a rosettaField
cdm-sample-files/events/Clearing-new-alpha-Trade-02.xml,Fail_MappedNone,trade.tradeHeader.partyTradeInformation(0).reportingRegime(1).partyEntityClassification(0).partyReference[href=party1].href,trade.tradeHeader.partyTradeInformation.reportingRegime.partyEntityClassification.partyReference[href=party1].href,0,,Element with value party1 could not be mapped to a rosettaField
cdm-sample-files/events/Clearing-new-alpha-Trade-02.xml,Fail_MappedNone,trade.tradeHeader.partyTradeInformation(0).reportingRegime(6).supervisorRegistration.supervisoryBody,trade.tradeHeader.partyTradeInformation.reportingRegime.supervisorRegistration.supervisoryBody,0,,Element with value CA.AB.ASC could not be mapped to a rosettaField
cdm-sample-files/events/Clearing-new-alpha-Trade-02.xml,Fail_MappedMultiple,party(11)[id=original_sdr].partyId[partyIdScheme=http://www.fpml.org/coding-scheme/external/iso17442].partyIdScheme,party[id=original_sdr].partyId[partyIdScheme=http://www.fpml.org/coding-scheme/external/iso17442].partyIdScheme,2,ReportableEvent.originatingWorkflowStep.proposedEvent.instruction(0).before.value.trade.party(11).partyId(0).identifier.meta.scheme=[http://www.fpml.org/coding-scheme/external/iso17442] ReportableEvent.originatingWorkflowStep.proposedEvent.instruction(0).before.value.trade.party(11).partyId(0).identifierType=[LEI],Element mapped to multiple rosettaFields
cdm-sample-files/events/Clearing-new-alpha-Trade-02.xml,Fail_MappedNone,trade.tradeHeader.partyTradeInformation(1).reportingRegime(3).entityClassification[entityClassificationScheme=http://www.fpml.org/coding-scheme/cftc-entity-classification],trade.tradeHeader.partyTradeInformation.reportingRegime.entityClassification[entityClassificationScheme=http://www.fpml.org/coding-scheme/cftc-entity-classification],0,,Element with value SBSD could not be mapped to a rosettaField
cdm-sample-files/events/Clearing-new-alpha-Trade-02.xml,Fail_MappedNone,trade.tradeHeader.partyTradeInformation(1).reportingRegime(0).exceedsClearingThreshold,trade.tradeHeader.partyTradeInformation.reportingRegime.exceedsClearingThreshold,0,,Element with value true could not be mapped to a rosettaField
cdm-sample-files/events/Clearing-new-alpha-Trade-02.xml,Fail_MappedNone,trade.tradeHeader.partyTradeInformation(1).reportingRegime(2).supervisorRegistration.supervisoryBody,trade.tradeHeader.partyTradeInformation.reportingRegime.supervisorRegistration.supervisoryBody,0,,Element with value JFSA could not be mapped to a rosettaField
cdm-sample-files/events/Clearing-new-alpha-Trade-02.xml,Fail_MappedNone,trade.tradeHeader.partyTradeInformation(0).reportingRegime(1).reportingPurpose(0),trade.tradeHeader.partyTradeInformation.reportingRegime.reportingPurpose,0,,Element with value RealTimePublic could not be mapped to a rosettaField
cdm-sample-files/events/Clearing-new-alpha-Trade-02.xml,Fail_MappedNone,trade.tradeHeader.partyTradeInformation(0).reportingRegime(3).name,trade.tradeHeader.partyTradeInformation.reportingRegime.name,0,,Element with value CA.Rule.91-507 could not be mapped to a rosettaField
cdm-sample-files/events/Clearing-new-alpha-Trade-02.xml,Fail_MappedNone,trade.tradeHeader.partyTradeInformation(0).reportingRegime(7).mandatorilyClearable,trade.tradeHeader.partyTradeInformation.reportingRegime.mandatorilyClearable,0,,Element with value false could not be mapped to a rosettaField
cdm-sample-files/events/Clearing-new-alpha-Trade-02.xml,Fail_MappedNone,trade.tradeHeader.partyTradeInformation(1).reportingRegime(3).reportingRole,trade.tradeHeader.partyTradeInformation.reportingRegime.reportingRole,0,,Element with value ReportingParty could not be mapped to a rosettaField
cdm-sample-files/events/Clearing-new-alpha-Trade-02.xml,Fail_MappedNone,trade.tradeHeader.partyTradeInformation(0).reportingRegime(1).partyEntityClassification(0).entityClassification[entityClassificationScheme=http://www.fpml.org/coding-scheme/sec-entity-classification].entityClassificationScheme,trade.tradeHeader.partyTradeInformation.reportingRegime.partyEntityClassification.entityClassification[entityClassificationScheme=http://www.fpml.org/coding-scheme/sec-entity-classification].entityClassificationScheme,0,,Element with value http://www.fpml.org/coding-scheme/sec-entity-classification could not be mapped to a rosettaField
cdm-sample-files/events/Clearing-new-alpha-Trade-02.xml,Fail_MappedNone,trade.tradeHeader.partyTradeInformation(0).reportingRegime(2).entityClassification[entityClassificationScheme=http://www.fpml.org/coding-scheme/esma-entity-classification],trade.tradeHeader.partyTradeInformation.reportingRegime.entityClassification[entityClassificationScheme=http://www.fpml.org/coding-scheme/esma-entity-classification],0,,Element with value Financial could not be mapped to a rosettaField
cdm-sample-files/events/Clearing-new-alpha-Trade-02.xml,Fail_MappedNone,trade.tradeHeader.partyTradeInformation(0).reportingRegime(1).reportingPurpose(1),trade.tradeHeader.partyTradeInformation.reportingRegime.reportingPurpose,0,,Element with value PrimaryEconomicTerms could not be mapped to a rosettaField
cdm-sample-files/events/Clearing-new-alpha-Trade-02.xml,Fail_MappedNone,party(4)[id=party2].classification(2)[industryClassificationScheme=http://www.fpml.org/coding-scheme/esma-emir-refit-regulatory-corporate-sector].industryClassificationScheme,party[id=party2].classification[industryClassificationScheme=http://www.fpml.org/coding-scheme/esma-emir-refit-regulatory-corporate-sector].industryClassificationScheme,0,,Element with value http://www.fpml.org/coding-scheme/esma-emir-refit-regulatory-corporate-sector could not be mapped to a rosettaField
cdm-sample-files/events/Clearing-new-alpha-Trade-02.xml,Fail_MappedNone,trade.tradeHeader.partyTradeInformation(1).reportingRegime(1).mandatorilyClearable,trade.tradeHeader.partyTradeInformation.reportingRegime.mandatorilyClearable,0,,Element with value false could not be mapped to a rosettaField
cdm-sample-files/events/Clearing-new-alpha-Trade-02.xml,Fail_MappedNone,party(0)[id=party1].classification(0),party[id=party1].classification,0,,Element with value InvestmentFirm could not be mapped to a rosettaField
cdm-sample-files/events/Clearing-new-alpha-Trade-02.xml,Fail_MappedMultiple,party(0)[id=party1].partyId[partyIdScheme=http://www.fpml.org/coding-scheme/external/iso17442].partyIdScheme,party[id=party1].partyId[partyIdScheme=http://www.fpml.org/coding-scheme/external/iso17442].partyIdScheme,2,ReportableEvent.originatingWorkflowStep.proposedEvent.instruction(0).before.value.trade.party(0).partyId(0).identifierType=[LEI] ReportableEvent.originatingWorkflowStep.proposedEvent.instruction(0).before.value.trade.party(0).partyId(0).identifier.meta.scheme=[http://www.fpml.org/coding-scheme/external/iso17442],Element mapped to multiple rosettaFields
cdm-sample-files/events/Clearing-new-alpha-Trade-02.xml,Fail_MappedNone,trade.tradeHeader.partyTradeInformation(0).reportingRegime(1).reportingRole,trade.tradeHeader.partyTradeInformation.reportingRegime.reportingRole,0,,Element with value VoluntaryParty could not be mapped to a rosettaField
cdm-sample-files/events/Clearing-new-alpha-Trade-02.xml,Fail_MappedNone,party(4)[id=party2].region,party[id=party2].region,0,,Element with value NonEEA could not be mapped to a rosettaField
cdm-sample-files/events/Clearing-new-alpha-Trade-02.xml,Fail_MappedNone,trade.tradeHeader.partyTradeInformation(0).reportingRegime(0).reportingPurpose(0),trade.tradeHeader.partyTradeInformation.reportingRegime.reportingPurpose,0,,Element with value RealTimePublic could not be mapped to a rosettaField
cdm-sample-files/events/Clearing-new-alpha-Trade-02.xml,Fail_MappedNone,trade.tradeHeader.partyTradeInformation(0).reportingRegime(4).name,trade.tradeHeader.partyTradeInformation.reportingRegime.name,0,,Element with value UKEMIR could not be mapped to a rosettaField
cdm-sample-files/events/Clearing-new-alpha-Trade-02.xml,Fail_MappedNone,trade.tradeHeader.partyTradeInformation(1).reportingRegime(4).entityClassification,trade.tradeHeader.partyTradeInformation.reportingRegime.entityClassification,0,,Element with value Financial could not be mapped to a rosettaField
cdm-sample-files/events/Clearing-new-alpha-Trade-02.xml,Fail_MappedNone,trade.tradeHeader.partyTradeInformation(0).largeSizeTrade,trade.tradeHeader.partyTradeInformation.largeSizeTrade,0,,Element with value false could not be mapped to a rosettaField
cdm-sample-files/events/Clearing-new-alpha-Trade-02.xml,Fail_MappedNone,trade.tradeHeader.partyTradeInformation(0).reportingRegime(1).partyEntityClassification(3).entityClassification[entityClassificationScheme=http://www.fpml.org/coding-scheme/sec-entity-classification],trade.tradeHeader.partyTradeInformation.reportingRegime.partyEntityClassification.entityClassification[entityClassificationScheme=http://www.fpml.org/coding-scheme/sec-entity-classification],0,,Element with value Participant could not be mapped to a rosettaField
cdm-sample-files/events/Clearing-new-alpha-Trade-02.xml,Fail_MappedNone,trade.tradeHeader.partyTradeInformation(0).reportingRegime(0).reportingPurpose(1),trade.tradeHeader.partyTradeInformation.reportingRegime.reportingPurpose,0,,Element with value PrimaryEconomicTerms could not be mapped to a rosettaField
cdm-sample-files/events/Clearing-new-alpha-Trade-02.xml,Fail_MappedNone,trade.tradeHeader.partyTradeInformation(0).endUserExceptionReason,trade.tradeHeader.partyTradeInformation.endUserExceptionReason,0,,Element with value Inter-Affiliate could not be mapped to a rosettaField
cdm-sample-files/events/Clearing-new-alpha-Trade-02.xml,Fail_MappedMultiple,party(1)[id=party1_parent].partyId[partyIdScheme=http://www.fpml.org/coding-scheme/external/iso17442].partyIdScheme,party[id=party1_parent].partyId[partyIdScheme=http://www.fpml.org/coding-scheme/external/iso17442].partyIdScheme,2,ReportableEvent.originatingWorkflowStep.proposedEvent.instruction(0).before.value.trade.party(1).partyId(0).identifier.meta.scheme=[http://www.fpml.org/coding-scheme/external/iso17442] ReportableEvent.originatingWorkflowStep.proposedEvent.instruction(0).before.value.trade.party(1).partyId(0).identifierType=[LEI],Element mapped to multiple rosettaFields
cdm-sample-files/events/Clearing-new-alpha-Trade-02.xml,Fail_MappedNone,trade.tradeHeader.partyTradeInformation(1).reportingRegime(2).reportingRole,trade.tradeHeader.partyTradeInformation.reportingRegime.reportingRole,0,,Element with value ReportingParty could not be mapped to a rosettaField
cdm-sample-files/events/Clearing-new-alpha-Trade-02.xml,Fail_MappedNone,trade.tradeHeader.partyTradeInformation(0).reportingRegime(6).mandatorilyClearable,trade.tradeHeader.partyTradeInformation.reportingRegime.mandatorilyClearable,0,,Element with value false could not be mapped to a rosettaField
cdm-sample-files/events/Clearing-new-alpha-Trade-02.xml,Fail_MappedMultiple,party(6)[id=party2_affiliate1].partyId[partyIdScheme=http://www.fpml.org/coding-scheme/external/iso17442].partyIdScheme,party[id=party2_affiliate1].partyId[partyIdScheme=http://www.fpml.org/coding-scheme/external/iso17442].partyIdScheme,2,ReportableEvent.originatingWorkflowStep.proposedEvent.instruction(0).before.value.trade.party(6).partyId(0).identifierType=[LEI] ReportableEvent.originatingWorkflowStep.proposedEvent.instruction(0).before.value.trade.party(6).partyId(0).identifier.meta.scheme=[http://www.fpml.org/coding-scheme/external/iso17442],Element mapped to multiple rosettaFields
cdm-sample-files/events/Clearing-new-alpha-Trade-02.xml,Fail_MappedNone,trade.tradeHeader.partyTradeInformation(0).reportingRegime(3).partyEntityClassification(3).entityClassification[entityClassificationScheme=http://www.fpml.org/coding-scheme/csa-local-party-status-entity-classification].entityClassificationScheme,trade.tradeHeader.partyTradeInformation.reportingRegime.partyEntityClassification.entityClassification[entityClassificationScheme=http://www.fpml.org/coding-scheme/csa-local-party-status-entity-classification].entityClassificationScheme,0,,Element with value http://www.fpml.org/coding-scheme/csa-local-party-status-entity-classification could not be mapped to a rosettaField
cdm-sample-files/events/Clearing-new-alpha-Trade-02.xml,Fail_MappedNone,trade.tradeHeader.productSummary.finalSettlementDate,trade.tradeHeader.productSummary.finalSettlementDate,0,,Element with value 2014-06-20 could not be mapped to a rosettaField
cdm-sample-files/events/Clearing-new-alpha-Trade-02.xml,Fail_MappedNone,trade.tradeHeader.partyTradeInformation(1).reportingRegime(1).supervisorRegistration.supervisoryBody,trade.tradeHeader.partyTradeInformation.reportingRegime.supervisorRegistration.supervisoryBody,0,,Element with value FCA could not be mapped to a rosettaField
cdm-sample-files/events/Clearing-new-alpha-Trade-02.xml,Fail_MappedNone,trade.tradeHeader.partyTradeInformation(1).reportingRegime(1).reportingPurpose,trade.tradeHeader.partyTradeInformation.reportingRegime.reportingPurpose,0,,Element with value PrimaryEconomicTerms could not be mapped to a rosettaField
cdm-sample-files/events/Clearing-new-alpha-Trade-02.xml,Fail_MappedNone,sequenceNumber,sequenceNumber,0,,Element with value 1 could not be mapped to a rosettaField
cdm-sample-files/events/Clearing-new-alpha-Trade-02.xml,Fail_MappedNone,trade.tradeHeader.partyTradeInformation(0).reportingRegime(5).name,trade.tradeHeader.partyTradeInformation.reportingRegime.name,0,,Element with value JFSA could not be mapped to a rosettaField
cdm-sample-files/events/Clearing-new-alpha-Trade-02.xml,Fail_MappedNone,trade.tradeHeader.partyTradeInformation(0).reportingRegime(3).partyEntityClassification(1).partyReference[href=party2].href,trade.tradeHeader.partyTradeInformation.reportingRegime.partyEntityClassification.partyReference[href=party2].href,0,,Element with value party2 could not be mapped to a rosettaField
cdm-sample-files/events/Clearing-new-alpha-Trade-02.xml,Fail_MappedNone,trade.tradeHeader.partyTradeInformation(1).reportingRegime(0).mandatorilyClearable,trade.tradeHeader.partyTradeInformation.reportingRegime.mandatorilyClearable,0,,Element with value false could not be mapped to a rosettaField
cdm-sample-files/events/Clearing-new-alpha-Trade-02.xml,Fail_MappedNone,trade.tradeHeader.partyTradeInformation(0).reportingRegime(0).supervisorRegistration.supervisoryBody,trade.tradeHeader.partyTradeInformation.reportingRegime.supervisorRegistration.supervisoryBody,0,,Element with value CFTC could not be mapped to a rosettaField
cdm-sample-files/events/Clearing-new-alpha-Trade-02.xml,Fail_MappedNone,trade.tradeHeader.partyTradeInformation(0).reportingRegime(0).reportingRole,trade.tradeHeader.partyTradeInformation.reportingRegime.reportingRole,0,,Element with value ReportingParty could not be mapped to a rosettaField
cdm-sample-files/events/New-Trade-01.xml,Fail_MappedNone,trade.tradeHeader.partyTradeIdentifier(1).resultingTradeId(1).tradeId[tradeIdScheme=http://www.fpml.org/coding-scheme/external/unique-transaction-identifier].tradeIdScheme,trade.tradeHeader.partyTradeIdentifier.resultingTradeId.tradeId[tradeIdScheme=http://www.fpml.org/coding-scheme/external/unique-transaction-identifier].tradeIdScheme,0,,Element with value http://www.fpml.org/coding-scheme/external/unique-transaction-identifier could not be mapped to a rosettaField
cdm-sample-files/events/New-Trade-01.xml,Fail_MappedNone,trade.tradeHeader.partyTradeInformation(0).reportingRegime(1).partyEntityClassification(2).entityClassification[entityClassificationScheme=http://www.fpml.org/coding-scheme/sec-entity-classification],trade.tradeHeader.partyTradeInformation.reportingRegime.partyEntityClassification.entityClassification[entityClassificationScheme=http://www.fpml.org/coding-scheme/sec-entity-classification],0,,Element with value Participant could not be mapped to a rosettaField
cdm-sample-files/events/New-Trade-01.xml,Fail_MappedNone,trade.tradeHeader.partyTradeInformation(0).reportingRegime(3).partyEntityClassification(0).partyReference[href=party1].href,trade.tradeHeader.partyTradeInformation.reportingRegime.partyEntityClassification.partyReference[href=party1].href,0,,Element with value party1 could not be mapped to a rosettaField
cdm-sample-files/events/New-Trade-01.xml,Fail_MappedNone,trade.tradeHeader.partyTradeInformation(0).reportingRegime(3).partyEntityClassification(1).entityClassification[entityClassificationScheme=http://www.fpml.org/coding-scheme/csa-local-party-status-entity-classification].entityClassificationScheme,trade.tradeHeader.partyTradeInformation.reportingRegime.partyEntityClassification.entityClassification[entityClassificationScheme=http://www.fpml.org/coding-scheme/csa-local-party-status-entity-classification].entityClassificationScheme,0,,Element with value http://www.fpml.org/coding-scheme/csa-local-party-status-entity-classification could not be mapped to a rosettaField
cdm-sample-files/events/New-Trade-01.xml,Fail_MappedNone,trade.tradeHeader.partyTradeInformation(0).relatedBusinessUnit(0).role,trade.tradeHeader.partyTradeInformation.relatedBusinessUnit.role,0,,Element with value RegisteredBranch could not be mapped to a rosettaField
cdm-sample-files/events/New-Trade-01.xml,Fail_MappedNone,party(0)[id=party1].country,party[id=party1].country,0,,Element with value GB could not be mapped to a rosettaField
cdm-sample-files/events/New-Trade-01.xml,Fail_MappedNone,trade.tradeHeader.partyTradeInformation(0).reportingRegime(6).name,trade.tradeHeader.partyTradeInformation.reportingRegime.name,0,,Element with value CSA could not be mapped to a rosettaField
cdm-sample-files/events/New-Trade-01.xml,Fail_MappedMultiple,trade.creditDefaultSwap.generalTerms.referenceInformation.referenceEntity[id=referenceEntity].entityId[entityIdScheme=http://www.fpml.org/spec/2003/entity-id-RED-1-0].entityIdScheme,trade.creditDefaultSwap.generalTerms.referenceInformation.referenceEntity[id=referenceEntity].entityId[entityIdScheme=http://www.fpml.org/spec/2003/entity-id-RED-1-0].entityIdScheme,3,ReportableEvent.originatingWorkflowStep.proposedEvent.instruction(0).before.value.trade.product.economicTerms.payout(0).CreditDefaultPayout.generalTerms.referenceInformation.referenceEntity.entityId(0).meta.scheme=[http://www.fpml.org/spec/2003/entity-id-RED-1-0] ReportableEvent.originatingWorkflowStep.proposedEvent.instruction(0).before.value.trade.product.economicTerms.payout(0).CreditDefaultPayout.generalTerms.referenceInformation.referenceEntity.entityIdentifier(0).identifierType=[REDID] ReportableEvent.originatingWorkflowStep.proposedEvent.instruction(0).before.value.trade.product.economicTerms.payout(0).CreditDefaultPayout.generalTerms.referenceInformation.referenceEntity.entityIdentifier(0).identifier.meta.scheme=[http://www.fpml.org/spec/2003/entity-id-RED-1-0],Element mapped to multiple rosettaFields
cdm-sample-files/events/New-Trade-01.xml,Fail_MappedNone,trade.tradeHeader.partyTradeInformation(0).reportingRegime(4).entityClassification[entityClassificationScheme=http://www.fpml.org/coding-scheme/esma-entity-classification].entityClassificationScheme,trade.tradeHeader.partyTradeInformation.reportingRegime.entityClassification[entityClassificationScheme=http://www.fpml.org/coding-scheme/esma-entity-classification].entityClassificationScheme,0,,Element with value http://www.fpml.org/coding-scheme/esma-entity-classification could not be mapped to a rosettaField
cdm-sample-files/events/New-Trade-01.xml,Fail_MappedNone,trade.tradeHeader.partyTradeInformation(0).reportingRegime(3).partyEntityClassification(2).entityClassification[entityClassificationScheme=http://www.fpml.org/coding-scheme/csa-dealer-status-entity-classification].entityClassificationScheme,trade.tradeHeader.partyTradeInformation.reportingRegime.partyEntityClassification.entityClassification[entityClassificationScheme=http://www.fpml.org/coding-scheme/csa-dealer-status-entity-classification].entityClassificationScheme,0,,Element with value http://www.fpml.org/coding-scheme/csa-dealer-status-entity-classification could not be mapped to a rosettaField
cdm-sample-files/events/New-Trade-01.xml,Fail_MappedNone,trade.tradeHeader.partyTradeInformation(0).reportingRegime(1).partyEntityClassification(1).entityClassification[entityClassificationScheme=http://www.fpml.org/coding-scheme/sec-entity-classification],trade.tradeHeader.partyTradeInformation.reportingRegime.partyEntityClassification.entityClassification[entityClassificationScheme=http://www.fpml.org/coding-scheme/sec-entity-classification],0,,Element with value MSBSP could not be mapped to a rosettaField
cdm-sample-files/events/New-Trade-01.xml,Fail_MappedNone,trade.tradeHeader.partyTradeInformation(0).reportingRegime(7).supervisorRegistration.supervisoryBody,trade.tradeHeader.partyTradeInformation.reportingRegime.supervisorRegistration.supervisoryBody,0,,Element with value HKMA could not be mapped to a rosettaField
cdm-sample-files/events/New-Trade-01.xml,Fail_MappedNone,trade.tradeHeader.partyTradeInformation(0).reportingRegime(4).mandatorilyClearable,trade.tradeHeader.partyTradeInformation.reportingRegime.mandatorilyClearable,0,,Element with value false could not be mapped to a rosettaField
cdm-sample-files/events/New-Trade-01.xml,Fail_MappedNone,trade.tradeHeader.partyTradeInformation(0).relatedBusinessUnit(1).role,trade.tradeHeader.partyTradeInformation.relatedBusinessUnit.role,0,,Element with value TradingDesk could not be mapped to a rosettaField
cdm-sample-files/events/New-Trade-01.xml,Fail_MappedNone,trade.tradeHeader.partyTradeInformation(0).reportingRegime(7).name,trade.tradeHeader.partyTradeInformation.reportingRegime.name,0,,Element with value HKTR could not be mapped to a rosettaField
cdm-sample-files/events/New-Trade-01.xml,Fail_MappedMultiple,party(2)[id=party1_affiliate1].partyId[partyIdScheme=http://www.fpml.org/coding-scheme/external/iso17442].partyIdScheme,party[id=party1_affiliate1].partyId[partyIdScheme=http://www.fpml.org/coding-scheme/external/iso17442].partyIdScheme,2,ReportableEvent.originatingWorkflowStep.proposedEvent.instruction(0).before.value.trade.party(2).partyId(0).identifierType=[LEI] ReportableEvent.originatingWorkflowStep.proposedEvent.instruction(0).before.value.trade.party(2).partyId(0).identifier.meta.scheme=[http://www.fpml.org/coding-scheme/external/iso17442],Element mapped to multiple rosettaFields
cdm-sample-files/events/New-Trade-01.xml,Fail_MappedNone,trade.tradeHeader.partyTradeInformation(0).reportingRegime(3).partyEntityClassification(0).entityClassification[entityClassificationScheme=http://www.fpml.org/coding-scheme/csa-dealer-status-entity-classification].entityClassificationScheme,trade.tradeHeader.partyTradeInformation.reportingRegime.partyEntityClassification.entityClassification[entityClassificationScheme=http://www.fpml.org/coding-scheme/csa-dealer-status-entity-classification].entityClassificationScheme,0,,Element with value http://www.fpml.org/coding-scheme/csa-dealer-status-entity-classification could not be mapped to a rosettaField
cdm-sample-files/events/New-Trade-01.xml,Fail_MappedNone,trade.tradeHeader.partyTradeInformation(0).pricingContext(1),trade.tradeHeader.partyTradeInformation.pricingContext,0,,Element with value HistoricTrade could not be mapped to a rosettaField
cdm-sample-files/events/New-Trade-01.xml,Fail_MappedNone,trade.tradeHeader.partyTradeInformation(0).reportingRegime(3).partyEntityClassification(3).entityClassification[entityClassificationScheme=http://www.fpml.org/coding-scheme/csa-local-party-status-entity-classification],trade.tradeHeader.partyTradeInformation.reportingRegime.partyEntityClassification.entityClassification[entityClassificationScheme=http://www.fpml.org/coding-scheme/csa-local-party-status-entity-classification],0,,Element with value NonLocalParty could not be mapped to a rosettaField
cdm-sample-files/events/New-Trade-01.xml,Fail_MappedNone,trade.tradeHeader.partyTradeInformation(0).reportingRegime(1).partyEntityClassification(0).entityClassification[entityClassificationScheme=http://www.fpml.org/coding-scheme/sec-entity-classification],trade.tradeHeader.partyTradeInformation.reportingRegime.partyEntityClassification.entityClassification[entityClassificationScheme=http://www.fpml.org/coding-scheme/sec-entity-classification],0,,Element with value SBSD could not be mapped to a rosettaField
cdm-sample-files/events/New-Trade-01.xml,Fail_MappedMultiple,party(3)[id=party1_affiliate2].partyId[partyIdScheme=http://www.fpml.org/coding-scheme/external/iso17442].partyIdScheme,party[id=party1_affiliate2].partyId[partyIdScheme=http://www.fpml.org/coding-scheme/external/iso17442].partyIdScheme,2,ReportableEvent.originatingWorkflowStep.proposedEvent.instruction(0).before.value.trade.party(3).partyId(0).identifierType=[LEI] ReportableEvent.originatingWorkflowStep.proposedEvent.instruction(0).before.value.trade.party(3).partyId(0).identifier.meta.scheme=[http://www.fpml.org/coding-scheme/external/iso17442],Element mapped to multiple rosettaFields
cdm-sample-files/events/New-Trade-01.xml,Fail_MappedNone,trade.tradeHeader.partyTradeInformation(0).reportingRegime(3).mandatorilyClearable,trade.tradeHeader.partyTradeInformation.reportingRegime.mandatorilyClearable,0,,Element with value false could not be mapped to a rosettaField
cdm-sample-files/events/New-Trade-01.xml,Fail_MappedNone,trade.tradeHeader.partyTradeInformation(0).reportingRegime(6).entityClassification[entityClassificationScheme=http://www.fpml.org/coding-scheme/cftc-entity-classification].entityClassificationScheme,trade.tradeHeader.partyTradeInformation.reportingRegime.entityClassification[entityClassificationScheme=http://www.fpml.org/coding-scheme/cftc-entity-classification].entityClassificationScheme,0,,Element with value http://www.fpml.org/coding-scheme/cftc-entity-classification could not be mapped to a rosettaField
cdm-sample-files/events/New-Trade-01.xml,Fail_MappedNone,trade.tradeHeader.partyTradeIdentifier(1).resultingTradeId(0).tradeId[tradeIdScheme=http://www.fpml.org/coding-scheme/external/unique-transaction-identifier].tradeIdScheme,trade.tradeHeader.partyTradeIdentifier.resultingTradeId.tradeId[tradeIdScheme=http://www.fpml.org/coding-scheme/external/unique-transaction-identifier].tradeIdScheme,0,,Element with value http://www.fpml.org/coding-scheme/external/unique-transaction-identifier could not be mapped to a rosettaField
cdm-sample-files/events/New-Trade-01.xml,Fail_MappedNone,trade.tradeHeader.partyTradeInformation(0).pricingContext(0),trade.tradeHeader.partyTradeInformation.pricingContext,0,,Element with value CrossBorder could not be mapped to a rosettaField
cdm-sample-files/events/New-Trade-01.xml,Fail_MappedNone,trade.tradeHeader.partyTradeInformation(0).reportingRegime(6).entityClassification[entityClassificationScheme=http://www.fpml.org/coding-scheme/cftc-entity-classification],trade.tradeHeader.partyTradeInformation.reportingRegime.entityClassification[entityClassificationScheme=http://www.fpml.org/coding-scheme/cftc-entity-classification],0,,Element with value SBSD could not be mapped to a rosettaField
cdm-sample-files/events/New-Trade-01.xml,Fail_MappedNone,onBehalfOf.partyReference[href=party1].href,onBehalfOf.partyReference[href=party1].href,0,,Element with value party1 could not be mapped to a rosettaField
cdm-sample-files/events/New-Trade-01.xml,Fail_MappedNone,party(0)[id=party1].region,party[id=party1].region,0,,Element with value EEA could not be mapped to a rosettaField
cdm-sample-files/events/New-Trade-01.xml,Fail_MappedNone,trade.tradeHeader.partyTradeInformation(0).reportingRegime(4).reportingPurpose,trade.tradeHeader.partyTradeInformation.reportingRegime.reportingPurpose,0,,Element with value PrimaryEconomicTerms could not be mapped to a rosettaField
cdm-sample-files/events/New-Trade-01.xml,Fail_MappedNone,trade.tradeHeader.partyTradeInformation(0).reportingRegime(7).entityClassification,trade.tradeHeader.partyTradeInformation.reportingRegime.entityClassification,0,,Element with value Financial could not be mapped to a rosettaField
cdm-sample-files/events/New-Trade-01.xml,Fail_MappedNone,trade.tradeHeader.partyTradeInformation(0).reportingRegime(3).partyEntityClassification(2).entityClassification[entityClassificationScheme=http://www.fpml.org/coding-scheme/csa-dealer-status-entity-classification],trade.tradeHeader.partyTradeInformation.reportingRegime.partyEntityClassification.entityClassification[entityClassificationScheme=http://www.fpml.org/coding-scheme/csa-dealer-status-entity-classification],0,,Element with value NonDealer could not be mapped to a rosettaField
cdm-sample-files/events/New-Trade-01.xml,Fail_MappedNone,trade.tradeHeader.partyTradeInformation(0).reportingRegime(2).mandatorilyClearable,trade.tradeHeader.partyTradeInformation.reportingRegime.mandatorilyClearable,0,,Element with value false could not be mapped to a rosettaField
cdm-sample-files/events/New-Trade-01.xml,Fail_MappedNone,trade.tradeHeader.partyTradeInformation(0).executionType,trade.tradeHeader.partyTradeInformation.executionType,0,,Element with value Electronic could not be mapped to a rosettaField
cdm-sample-files/events/New-Trade-01.xml,Fail_MappedNone,trade.tradeHeader.partyTradeIdentifier(1).originatingTradeId.tradeId[tradeIdScheme=http://www.fpml.org/coding-scheme/external/unique-transaction-identifier].tradeIdScheme,trade.tradeHeader.partyTradeIdentifier.originatingTradeId.tradeId[tradeIdScheme=http://www.fpml.org/coding-scheme/external/unique-transaction-identifier].tradeIdScheme,0,,Element with value http://www.fpml.org/coding-scheme/external/unique-transaction-identifier could not be mapped to a rosettaField
cdm-sample-files/events/New-Trade-01.xml,Fail_MappedNone,trade.tradeHeader.partyTradeInformation(0).reportingRole,trade.tradeHeader.partyTradeInformation.reportingRole,0,,Element with value Principal could not be mapped to a rosettaField
cdm-sample-files/events/New-Trade-01.xml,Fail_MappedNone,party(0)[id=party1].classification(1)[industryClassificationScheme=http://www.fpml.org/coding-scheme/hkma-rewrite-regulatory-corporate-sector].industryClassificationScheme,party[id=party1].classification[industryClassificationScheme=http://www.fpml.org/coding-scheme/hkma-rewrite-regulatory-corporate-sector].industryClassificationScheme,0,,Element with value http://www.fpml.org/coding-scheme/hkma-rewrite-regulatory-corporate-sector could not be mapped to a rosettaField
cdm-sample-files/events/New-Trade-01.xml,Fail_MappedNone,trade.tradeHeader.partyTradeInformation(1).reportingRegime(4).mandatorilyClearable,trade.tradeHeader.partyTradeInformation.reportingRegime.mandatorilyClearable,0,,Element with value false could not be mapped to a rosettaField
cdm-sample-files/events/New-Trade-01.xml,Fail_MappedNone,trade.tradeHeader.partyTradeIdentifier(1).resultingTradeId(1).tradeId[tradeIdScheme=http://www.fpml.org/coding-scheme/external/unique-transaction-identifier],trade.tradeHeader.partyTradeIdentifier.resultingTradeId.tradeId[tradeIdScheme=http://www.fpml.org/coding-scheme/external/unique-transaction-identifier],0,,Element with value 12345678901234567890123456789013 could not be mapped to a rosettaField
cdm-sample-files/events/New-Trade-01.xml,Fail_MappedNone,trade.tradeHeader.partyTradeInformation(0).reportingRegime(1).name,trade.tradeHeader.partyTradeInformation.reportingRegime.name,0,,Element with value DoddFrankAct could not be mapped to a rosettaField
cdm-sample-files/events/New-Trade-01.xml,Fail_MappedNone,trade.tradeHeader.partyTradeInformation(0).reportingRegime(3).partyEntityClassification(1).entityClassification[entityClassificationScheme=http://www.fpml.org/coding-scheme/csa-local-party-status-entity-classification],trade.tradeHeader.partyTradeInformation.reportingRegime.partyEntityClassification.entityClassification[entityClassificationScheme=http://www.fpml.org/coding-scheme/csa-local-party-status-entity-classification],0,,Element with value LocalParty could not be mapped to a rosettaField
cdm-sample-files/events/New-Trade-01.xml,Fail_MappedNone,trade.tradeHeader.partyTradeInformation(0).pricingContext(4),trade.tradeHeader.partyTradeInformation.pricingContext,0,,Element with value PriceReportingExemptOther could not be mapped to a rosettaField
cdm-sample-files/events/New-Trade-01.xml,Fail_MappedNone,trade.tradeHeader.partyTradeInformation(1).reportingRegime(3).name,trade.tradeHeader.partyTradeInformation.reportingRegime.name,0,,Element with value CSA could not be mapped to a rosettaField
cdm-sample-files/events/New-Trade-01.xml,Fail_MappedNone,trade.tradeHeader.partyTradeInformation(0).reportingRegime(4).entityClassification[entityClassificationScheme=http://www.fpml.org/coding-scheme/esma-entity-classification],trade.tradeHeader.partyTradeInformation.reportingRegime.entityClassification[entityClassificationScheme=http://www.fpml.org/coding-scheme/esma-entity-classification],0,,Element with value Financial could not be mapped to a rosettaField
cdm-sample-files/events/New-Trade-01.xml,Fail_MappedNone,trade.tradeHeader.partyTradeInformation(0).timestamps.nonpubliclyReported,trade.tradeHeader.partyTradeInformation.timestamps.nonpubliclyReported,0,,Element with value 2011-03-04T16:42:17Z could not be mapped to a rosettaField
cdm-sample-files/events/New-Trade-01.xml,Fail_MappedNone,trade.tradeHeader.partyTradeInformation(0).reportingRegime(7).reportingRole,trade.tradeHeader.partyTradeInformation.reportingRegime.reportingRole,0,,Element with value ReportingParty could not be mapped to a rosettaField
cdm-sample-files/events/New-Trade-01.xml,Fail_MappedNone,trade.tradeHeader.partyTradeIdentifier(1).resultingTradeId(0).tradeId[tradeIdScheme=http://www.fpml.org/coding-scheme/external/unique-transaction-identifier],trade.tradeHeader.partyTradeIdentifier.resultingTradeId.tradeId[tradeIdScheme=http://www.fpml.org/coding-scheme/external/unique-transaction-identifier],0,,Element with value 12345678901234567890123456789012 could not be mapped to a rosettaField
cdm-sample-files/events/New-Trade-01.xml,Fail_MappedNone,trade.tradeHeader.partyTradeInformation(1).reportingRegime(0).supervisorRegistration.supervisoryBody,trade.tradeHeader.partyTradeInformation.reportingRegime.supervisorRegistration.supervisoryBody,0,,Element with value ESMA could not be mapped to a rosettaField
cdm-sample-files/events/New-Trade-01.xml,Fail_MappedNone,trade.tradeHeader.partyTradeInformation(0).pricingContext(3),trade.tradeHeader.partyTradeInformation.pricingContext,0,,Element with value Allocation could not be mapped to a rosettaField
cdm-sample-files/events/New-Trade-01.xml,Fail_MappedNone,trade.tradeHeader.partyTradeInformation(0).reportingRegime(2).name,trade.tradeHeader.partyTradeInformation.reportingRegime.name,0,,Element with value EMIR could not be mapped to a rosettaField
cdm-sample-files/events/New-Trade-01.xml,Fail_MappedNone,trade.tradeHeader.partyTradeInformation(0).endUserException,trade.tradeHeader.partyTradeInformation.endUserException,0,,Element with value true could not be mapped to a rosettaField
cdm-sample-files/events/New-Trade-01.xml,Fail_MappedNone,party(0)[id=party1].classification(1)[industryClassificationScheme=http://www.fpml.org/coding-scheme/hkma-rewrite-regulatory-corporate-sector],party[id=party1].classification[industryClassificationScheme=http://www.fpml.org/coding-scheme/hkma-rewrite-regulatory-corporate-sector],0,,Element with value CSDS could not be mapped to a rosettaField
cdm-sample-files/events/New-Trade-01.xml,Fail_MappedNone,quote.value,quote.value,0,,Element with value 1235 could not be mapped to a rosettaField
cdm-sample-files/events/New-Trade-01.xml,Fail_MappedNone,trade.tradeHeader.partyTradeInformation(0).reportingRegime(3).partyEntityClassification(0).entityClassification[entityClassificationScheme=http://www.fpml.org/coding-scheme/csa-dealer-status-entity-classification],trade.tradeHeader.partyTradeInformation.reportingRegime.partyEntityClassification.entityClassification[entityClassificationScheme=http://www.fpml.org/coding-scheme/csa-dealer-status-entity-classification],0,,Element with value Dealer could not be mapped to a rosettaField
cdm-sample-files/events/New-Trade-01.xml,Fail_MappedNone,trade.tradeHeader.partyTradeInformation(0).relatedBusinessUnit(1).businessUnitReference[href=desk1].href,trade.tradeHeader.partyTradeInformation.relatedBusinessUnit.businessUnitReference[href=desk1].href,0,,Element with value desk1 could not be mapped to a rosettaField
cdm-sample-files/events/New-Trade-01.xml,Fail_MappedNone,trade.tradeHeader.partyTradeInformation(0).collateralizationType,trade.tradeHeader.partyTradeInformation.collateralizationType,0,,Element with value Fully could not be mapped to a rosettaField
cdm-sample-files/events/New-Trade-01.xml,Fail_MappedMultiple,party(10)[id=clearing-svc].partyId[partyIdScheme=http://www.fpml.org/coding-scheme/external/iso17442].partyIdScheme,party[id=clearing-svc].partyId[partyIdScheme=http://www.fpml.org/coding-scheme/external/iso17442].partyIdScheme,2,ReportableEvent.originatingWorkflowStep.proposedEvent.instruction(0).before.value.trade.party(10).partyId(0).identifierType=[LEI] ReportableEvent.originatingWorkflowStep.proposedEvent.instruction(0).before.value.trade.party(10).partyId(0).identifier.meta.scheme=[http://www.fpml.org/coding-scheme/external/iso17442],Element mapped to multiple rosettaFields
cdm-sample-files/events/New-Trade-01.xml,Fail_MappedNone,trade.tradeHeader.partyTradeInformation(0).pricingContext(2),trade.tradeHeader.partyTradeInformation.pricingContext,0,,Element with value ClearingForcedTrade could not be mapped to a rosettaField
cdm-sample-files/events/New-Trade-01.xml,Fail_MappedNone,trade.tradeHeader.partyTradeInformation(1).reportingRegime(4).name,trade.tradeHeader.partyTradeInformation.reportingRegime.name,0,,Element with value HKTR could not be mapped to a rosettaField
cdm-sample-files/events/New-Trade-01.xml,Fail_MappedNone,trade.tradeHeader.partyTradeInformation(0).reportingRegime(6).reportingRole,trade.tradeHeader.partyTradeInformation.reportingRegime.reportingRole,0,,Element with value ReportingParty could not be mapped to a rosettaField
cdm-sample-files/events/New-Trade-01.xml,Fail_MappedNone,party(4)[id=party2].classification(1)[industryClassificationScheme=http://www.fpml.org/coding-scheme/hkma-rewrite-regulatory-corporate-sector].industryClassificationScheme,party[id=party2].classification[industryClassificationScheme=http://www.fpml.org/coding-scheme/hkma-rewrite-regulatory-corporate-sector].industryClassificationScheme,0,,Element with value http://www.fpml.org/coding-scheme/hkma-rewrite-regulatory-corporate-sector could not be mapped to a rosettaField
cdm-sample-files/events/New-Trade-01.xml,Fail_MappedNone,party(0)[id=party1].classification(2)[industryClassificationScheme=http://www.fpml.org/coding-scheme/esma-emir-refit-regulatory-corporate-sector],party[id=party1].classification[industryClassificationScheme=http://www.fpml.org/coding-scheme/esma-emir-refit-regulatory-corporate-sector],0,,Element with value CSDS could not be mapped to a rosettaField
cdm-sample-files/events/New-Trade-01.xml,Fail_MappedMultiple,party(11)[id=original_sdr].partyId[partyIdScheme=http://www.fpml.org/coding-scheme/external/iso17442].partyIdScheme,party[id=original_sdr].partyId[partyIdScheme=http://www.fpml.org/coding-scheme/external/iso17442].partyIdScheme,2,ReportableEvent.originatingWorkflowStep.proposedEvent.instruction(0).before.value.trade.party(11).partyId(0).identifier.meta.scheme=[http://www.fpml.org/coding-scheme/external/iso17442] ReportableEvent.originatingWorkflowStep.proposedEvent.instruction(0).before.value.trade.party(11).partyId(0).identifierType=[LEI],Element mapped to multiple rosettaFields
cdm-sample-files/events/New-Trade-01.xml,Fail_MappedNone,trade.tradeHeader.partyTradeInformation(1).reportingRegime(3).entityClassification[entityClassificationScheme=http://www.fpml.org/coding-scheme/cftc-entity-classification],trade.tradeHeader.partyTradeInformation.reportingRegime.entityClassification[entityClassificationScheme=http://www.fpml.org/coding-scheme/cftc-entity-classification],0,,Element with value SBSD could not be mapped to a rosettaField
cdm-sample-files/events/New-Trade-01.xml,Fail_MappedNone,trade.tradeHeader.partyTradeInformation(1).reportingRegime(0).exceedsClearingThreshold,trade.tradeHeader.partyTradeInformation.reportingRegime.exceedsClearingThreshold,0,,Element with value true could not be mapped to a rosettaField
cdm-sample-files/events/New-Trade-01.xml,Fail_MappedNone,trade.tradeHeader.partyTradeInformation(1).reportingRegime(2).supervisorRegistration.supervisoryBody,trade.tradeHeader.partyTradeInformation.reportingRegime.supervisorRegistration.supervisoryBody,0,,Element with value JFSA could not be mapped to a rosettaField
cdm-sample-files/events/New-Trade-01.xml,Fail_MappedNone,trade.tradeHeader.partyTradeInformation(0).reportingRegime(3).name,trade.tradeHeader.partyTradeInformation.reportingRegime.name,0,,Element with value CA.Rule.91-507 could not be mapped to a rosettaField
cdm-sample-files/events/New-Trade-01.xml,Fail_MappedNone,trade.tradeHeader.partyTradeInformation(0).reportingRegime(7).mandatorilyClearable,trade.tradeHeader.partyTradeInformation.reportingRegime.mandatorilyClearable,0,,Element with value false could not be mapped to a rosettaField
cdm-sample-files/events/New-Trade-01.xml,Fail_MappedNone,trade.tradeHeader.partyTradeInformation(0).reportingRegime(2).entityClassification[entityClassificationScheme=http://www.fpml.org/coding-scheme/esma-entity-classification],trade.tradeHeader.partyTradeInformation.reportingRegime.entityClassification[entityClassificationScheme=http://www.fpml.org/coding-scheme/esma-entity-classification],0,,Element with value Financial could not be mapped to a rosettaField
cdm-sample-files/events/New-Trade-01.xml,Fail_MappedNone,trade.tradeHeader.partyTradeIdentifier(1).resultingTradeId(0).associatedPartyReference[href=party1].href,trade.tradeHeader.partyTradeIdentifier.resultingTradeId.associatedPartyReference[href=party1].href,0,,Element with value party1 could not be mapped to a rosettaField
cdm-sample-files/events/New-Trade-01.xml,Fail_MappedNone,tradingEvent.changeInNotional.amount,tradingEvent.changeInNotional.amount,0,,Element with value 1000000 could not be mapped to a rosettaField
cdm-sample-files/events/New-Trade-01.xml,Fail_MappedNone,tradingEvent.notionalChange,tradingEvent.notionalChange,0,,Element with value Increase could not be mapped to a rosettaField
cdm-sample-files/events/New-Trade-01.xml,Fail_MappedNone,party(4)[id=party2].classification(2)[industryClassificationScheme=http://www.fpml.org/coding-scheme/esma-emir-refit-regulatory-corporate-sector].industryClassificationScheme,party[id=party2].classification[industryClassificationScheme=http://www.fpml.org/coding-scheme/esma-emir-refit-regulatory-corporate-sector].industryClassificationScheme,0,,Element with value http://www.fpml.org/coding-scheme/esma-emir-refit-regulatory-corporate-sector could not be mapped to a rosettaField
cdm-sample-files/events/New-Trade-01.xml,Fail_MappedNone,party(0)[id=party1].classification(0),party[id=party1].classification,0,,Element with value InvestmentFirm could not be mapped to a rosettaField
cdm-sample-files/events/New-Trade-01.xml,Fail_MappedNone,trade.tradeHeader.partyTradeIdentifier(1).originatingTradeId.issuer[issuerIdScheme=http://www.fpml.org/coding-scheme/external/cftc/issuer-identifier].issuerIdScheme,trade.tradeHeader.partyTradeIdentifier.originatingTradeId.issuer[issuerIdScheme=http://www.fpml.org/coding-scheme/external/cftc/issuer-identifier].issuerIdScheme,0,,Element with value http://www.fpml.org/coding-scheme/external/cftc/issuer-identifier could not be mapped to a rosettaField
cdm-sample-files/events/New-Trade-01.xml,Fail_MappedMultiple,party(0)[id=party1].partyId[partyIdScheme=http://www.fpml.org/coding-scheme/external/iso17442].partyIdScheme,party[id=party1].partyId[partyIdScheme=http://www.fpml.org/coding-scheme/external/iso17442].partyIdScheme,2,ReportableEvent.originatingWorkflowStep.proposedEvent.instruction(0).before.value.trade.party(0).partyId(0).identifierType=[LEI] ReportableEvent.originatingWorkflowStep.proposedEvent.instruction(0).before.value.trade.party(0).partyId(0).identifier.meta.scheme=[http://www.fpml.org/coding-scheme/external/iso17442],Element mapped to multiple rosettaFields
cdm-sample-files/events/New-Trade-01.xml,Fail_MappedNone,party(4)[id=party2].region,party[id=party2].region,0,,Element with value NonEEA could not be mapped to a rosettaField
cdm-sample-files/events/New-Trade-01.xml,Fail_MappedNone,trade.tradeHeader.partyTradeIdentifier(1).resultingTradeId(2).tradeId[tradeIdScheme=http://www.fpml.org/coding-scheme/external/unique-transaction-identifier],trade.tradeHeader.partyTradeIdentifier.resultingTradeId.tradeId[tradeIdScheme=http://www.fpml.org/coding-scheme/external/unique-transaction-identifier],0,,Element with value 12345678901234567890123456789014 could not be mapped to a rosettaField
cdm-sample-files/events/New-Trade-01.xml,Fail_MappedNone,trade.tradeHeader.partyTradeInformation(0).reportingRegime(4).name,trade.tradeHeader.partyTradeInformation.reportingRegime.name,0,,Element with value UKEMIR could not be mapped to a rosettaField
cdm-sample-files/events/New-Trade-01.xml,Fail_MappedNone,trade.tradeHeader.partyTradeInformation(1).reportingRegime(4).entityClassification,trade.tradeHeader.partyTradeInformation.reportingRegime.entityClassification,0,,Element with value Financial could not be mapped to a rosettaField
cdm-sample-files/events/New-Trade-01.xml,Fail_MappedNone,trade.tradeHeader.partyTradeInformation(0).endUserExceptionReason,trade.tradeHeader.partyTradeInformation.endUserExceptionReason,0,,Element with value Inter-Affiliate could not be mapped to a rosettaField
cdm-sample-files/events/New-Trade-01.xml,Fail_MappedMultiple,party(1)[id=party1_parent].partyId[partyIdScheme=http://www.fpml.org/coding-scheme/external/iso17442].partyIdScheme,party[id=party1_parent].partyId[partyIdScheme=http://www.fpml.org/coding-scheme/external/iso17442].partyIdScheme,2,ReportableEvent.originatingWorkflowStep.proposedEvent.instruction(0).before.value.trade.party(1).partyId(0).identifier.meta.scheme=[http://www.fpml.org/coding-scheme/external/iso17442] ReportableEvent.originatingWorkflowStep.proposedEvent.instruction(0).before.value.trade.party(1).partyId(0).identifierType=[LEI],Element mapped to multiple rosettaFields
cdm-sample-files/events/New-Trade-01.xml,Fail_MappedNone,trade.tradeHeader.partyTradeInformation(0).reportingRegime(6).mandatorilyClearable,trade.tradeHeader.partyTradeInformation.reportingRegime.mandatorilyClearable,0,,Element with value false could not be mapped to a rosettaField
cdm-sample-files/events/New-Trade-01.xml,Fail_MappedNone,trade.tradeHeader.partyTradeInformation(1).reportingRegime(1).supervisorRegistration.supervisoryBody,trade.tradeHeader.partyTradeInformation.reportingRegime.supervisorRegistration.supervisoryBody,0,,Element with value FCA could not be mapped to a rosettaField
cdm-sample-files/events/New-Trade-01.xml,Fail_MappedNone,trade.tradeHeader.partyTradeInformation(0).reportingRegime(5).name,trade.tradeHeader.partyTradeInformation.reportingRegime.name,0,,Element with value JFSA could not be mapped to a rosettaField
cdm-sample-files/events/New-Trade-01.xml,Fail_MappedNone,trade.tradeHeader.partyTradeInformation(0).reportingRegime(0).supervisorRegistration.supervisoryBody,trade.tradeHeader.partyTradeInformation.reportingRegime.supervisorRegistration.supervisoryBody,0,,Element with value CFTC could not be mapped to a rosettaField
cdm-sample-files/events/New-Trade-01.xml,Fail_MappedNone,trade.tradeHeader.partyTradeIdentifier(1).resultingTradeId(0).issuer[issuerIdScheme=http://www.fpml.org/coding-scheme/external/cftc/issuer-identifier].issuerIdScheme,trade.tradeHeader.partyTradeIdentifier.resultingTradeId.issuer[issuerIdScheme=http://www.fpml.org/coding-scheme/external/cftc/issuer-identifier].issuerIdScheme,0,,Element with value http://www.fpml.org/coding-scheme/external/cftc/issuer-identifier could not be mapped to a rosettaField
cdm-sample-files/events/New-Trade-01.xml,Fail_MappedNone,trade.tradeHeader.partyTradeInformation(0).reportingRegime(2).supervisorRegistration.supervisoryBody,trade.tradeHeader.partyTradeInformation.reportingRegime.supervisorRegistration.supervisoryBody,0,,Element with value ESMA could not be mapped to a rosettaField
cdm-sample-files/events/New-Trade-01.xml,Fail_MappedMultiple,party(7)[id=broker1].partyId[partyIdScheme=http://www.fpml.org/coding-scheme/external/iso17442].partyIdScheme,party[id=broker1].partyId[partyIdScheme=http://www.fpml.org/coding-scheme/external/iso17442].partyIdScheme,2,ReportableEvent.originatingWorkflowStep.proposedEvent.instruction(0).before.value.trade.party(7).partyId(0).identifierType=[LEI] ReportableEvent.originatingWorkflowStep.proposedEvent.instruction(0).before.value.trade.party(7).partyId(0).identifier.meta.scheme=[http://www.fpml.org/coding-scheme/external/iso17442],Element mapped to multiple rosettaFields
cdm-sample-files/events/New-Trade-01.xml,Fail_MappedNone,trade.tradeHeader.productSummary.seniority,trade.tradeHeader.productSummary.seniority,0,,Element with value SeniorSec could not be mapped to a rosettaField
cdm-sample-files/events/New-Trade-01.xml,Fail_MappedNone,trade.tradeHeader.partyTradeInformation(1).reportingRegime(1).entityClassification[entityClassificationScheme=http://www.fpml.org/coding-scheme/esma-entity-classification],trade.tradeHeader.partyTradeInformation.reportingRegime.entityClassification[entityClassificationScheme=http://www.fpml.org/coding-scheme/esma-entity-classification],0,,Element with value Financial could not be mapped to a rosettaField
cdm-sample-files/events/New-Trade-01.xml,Fail_MappedNone,trade.tradeHeader.partyTradeInformation(0).compressedTrade,trade.tradeHeader.partyTradeInformation.compressedTrade,0,,Element with value true could not be mapped to a rosettaField
cdm-sample-files/events/New-Trade-01.xml,Fail_MappedNone,trade.tradeHeader.partyTradeIdentifier(1).resultingTradeId(1).associatedPartyReference[href=party2].href,trade.tradeHeader.partyTradeIdentifier.resultingTradeId.associatedPartyReference[href=party2].href,0,,Element with value party2 could not be mapped to a rosettaField
cdm-sample-files/events/New-Trade-01.xml,Fail_MappedNone,correlationId[correlationIdScheme=http://fpml.org/submitter_trade_id].correlationIdScheme,correlationId[correlationIdScheme=http://fpml.org/submitter_trade_id].correlationIdScheme,0,,Element with value http://fpml.org/submitter_trade_id could not be mapped to a rosettaField
cdm-sample-files/events/New-Trade-01.xml,Fail_MappedNone,trade.tradeHeader.partyTradeInformation(0).timestamps.nonpublicReportAccepted,trade.tradeHeader.partyTradeInformation.timestamps.nonpublicReportAccepted,0,,Element with value 2011-03-04T16:42:17Z could not be mapped to a rosettaField
cdm-sample-files/events/New-Trade-01.xml,Fail_MappedNone,trade.tradeHeader.partyTradeInformation(1).reportingRegime(0).reportingPurpose,trade.tradeHeader.partyTradeInformation.reportingRegime.reportingPurpose,0,,Element with value PrimaryEconomicTerms could not be mapped to a rosettaField
cdm-sample-files/events/New-Trade-01.xml,Fail_MappedNone,trade.tradeHeader.partyTradeInformation(0).offMarketPrice,trade.tradeHeader.partyTradeInformation.offMarketPrice,0,,Element with value false could not be mapped to a rosettaField
cdm-sample-files/events/New-Trade-01.xml,Fail_MappedNone,trade.tradeHeader.productSummary.settlementType,trade.tradeHeader.productSummary.settlementType,0,,Element with value Cash could not be mapped to a rosettaField
cdm-sample-files/events/New-Trade-01.xml,Fail_MappedNone,trade.tradeHeader.partyTradeInformation(1).reportingRegime(1).entityClassification[entityClassificationScheme=http://www.fpml.org/coding-scheme/esma-entity-classification].entityClassificationScheme,trade.tradeHeader.partyTradeInformation.reportingRegime.entityClassification[entityClassificationScheme=http://www.fpml.org/coding-scheme/esma-entity-classification].entityClassificationScheme,0,,Element with value http://www.fpml.org/coding-scheme/esma-entity-classification could not be mapped to a rosettaField
cdm-sample-files/events/New-Trade-01.xml,Fail_MappedNone,trade.tradeHeader.partyTradeIdentifier(1).originatingTradeId.issuer[issuerIdScheme=http://www.fpml.org/coding-scheme/external/cftc/issuer-identifier],trade.tradeHeader.partyTradeIdentifier.originatingTradeId.issuer[issuerIdScheme=http://www.fpml.org/coding-scheme/external/cftc/issuer-identifier],0,,Element with value 1031234567 could not be mapped to a rosettaField
cdm-sample-files/events/New-Trade-01.xml,Fail_MappedNone,trade.tradeHeader.partyTradeInformation(0).reportingRegime(3).reportingRole,trade.tradeHeader.partyTradeInformation.reportingRegime.reportingRole,0,,Element with value Principal could not be mapped to a rosettaField
cdm-sample-files/events/New-Trade-01.xml,Fail_MappedNone,trade.tradeHeader.partyTradeInformation(0).reportingRegime(1).partyEntityClassification(2).partyReference[href=party1].href,trade.tradeHeader.partyTradeInformation.reportingRegime.partyEntityClassification.partyReference[href=party1].href,0,,Element with value party1 could not be mapped to a rosettaField
cdm-sample-files/events/New-Trade-01.xml,Fail_MappedNone,tradingEvent.changeInNotional.currency,tradingEvent.changeInNotional.currency,0,,Element with value USD could not be mapped to a rosettaField
cdm-sample-files/events/New-Trade-01.xml,Fail_MappedNone,trade.tradeHeader.partyTradeInformation(1).reportingRegime(1).exceedsClearingThreshold,trade.tradeHeader.partyTradeInformation.reportingRegime.exceedsClearingThreshold,0,,Element with value true could not be mapped to a rosettaField
cdm-sample-files/events/New-Trade-01.xml,Fail_MappedNone,trade.tradeHeader.partyTradeInformation(1).reportingRegime(0).entityClassification[entityClassificationScheme=http://www.fpml.org/coding-scheme/esma-entity-classification].entityClassificationScheme,trade.tradeHeader.partyTradeInformation.reportingRegime.entityClassification[entityClassificationScheme=http://www.fpml.org/coding-scheme/esma-entity-classification].entityClassificationScheme,0,,Element with value http://www.fpml.org/coding-scheme/esma-entity-classification could not be mapped to a rosettaField
cdm-sample-files/events/New-Trade-01.xml,Fail_MappedNone,party(4)[id=party2].classification(1)[industryClassificationScheme=http://www.fpml.org/coding-scheme/hkma-rewrite-regulatory-corporate-sector],party[id=party2].classification[industryClassificationScheme=http://www.fpml.org/coding-scheme/hkma-rewrite-regulatory-corporate-sector],0,,Element with value INUN could not be mapped to a rosettaField
cdm-sample-files/events/New-Trade-01.xml,Fail_MappedNone,trade.tradeHeader.partyTradeInformation(0).isDisputed,trade.tradeHeader.partyTradeInformation.isDisputed,0,,Element with value true could not be mapped to a rosettaField
cdm-sample-files/events/New-Trade-01.xml,Fail_MappedNone,trade.tradeHeader.partyTradeInformation(1).reportingRegime(3).supervisorRegistration.supervisoryBody,trade.tradeHeader.partyTradeInformation.reportingRegime.supervisorRegistration.supervisoryBody,0,,Element with value CA.AB.ASC could not be mapped to a rosettaField
cdm-sample-files/events/New-Trade-01.xml,Fail_MappedNone,trade.tradeHeader.partyTradeInformation(0).reportingRegime(1).partyEntityClassification(3).partyReference[href=party2].href,trade.tradeHeader.partyTradeInformation.reportingRegime.partyEntityClassification.partyReference[href=party2].href,0,,Element with value party2 could not be mapped to a rosettaField
cdm-sample-files/events/New-Trade-01.xml,Fail_MappedNone,trade.tradeHeader.partyTradeIdentifier(1).resultingTradeId(1).issuer[issuerIdScheme=http://www.fpml.org/coding-scheme/external/cftc/issuer-identifier].issuerIdScheme,trade.tradeHeader.partyTradeIdentifier.resultingTradeId.issuer[issuerIdScheme=http://www.fpml.org/coding-scheme/external/cftc/issuer-identifier].issuerIdScheme,0,,Element with value http://www.fpml.org/coding-scheme/external/cftc/issuer-identifier could not be mapped to a rosettaField
cdm-sample-files/events/New-Trade-01.xml,Fail_MappedNone,trade.tradeHeader.partyTradeInformation(1).reportingRegime(4).reportingRole,trade.tradeHeader.partyTradeInformation.reportingRegime.reportingRole,0,,Element with value ReportingParty could not be mapped to a rosettaField
cdm-sample-files/events/New-Trade-01.xml,Fail_MappedNone,trade.tradeHeader.partyTradeInformation(0).reportingRegime(1).supervisorRegistration.supervisoryBody,trade.tradeHeader.partyTradeInformation.reportingRegime.supervisorRegistration.supervisoryBody,0,,Element with value SEC could not be mapped to a rosettaField
cdm-sample-files/events/New-Trade-01.xml,Fail_MappedNone,party(0)[id=party1].organizationType,party[id=party1].organizationType,0,,Element with value SD could not be mapped to a rosettaField
cdm-sample-files/events/New-Trade-01.xml,Fail_MappedNone,trade.tradeHeader.partyTradeInformation(1).reportingRegime(0).name,trade.tradeHeader.partyTradeInformation.reportingRegime.name,0,,Element with value EMIR could not be mapped to a rosettaField
cdm-sample-files/events/New-Trade-01.xml,Fail_MappedNone,trade.tradeHeader.partyTradeInformation(0).reportingRegime(2).reportingRole,trade.tradeHeader.partyTradeInformation.reportingRegime.reportingRole,0,,Element with value ReportingParty could not be mapped to a rosettaField
cdm-sample-files/events/New-Trade-01.xml,Fail_MappedNone,party(4)[id=party2].classification(2)[industryClassificationScheme=http://www.fpml.org/coding-scheme/esma-emir-refit-regulatory-corporate-sector],party[id=party2].classification[industryClassificationScheme=http://www.fpml.org/coding-scheme/esma-emir-refit-regulatory-corporate-sector],0,,Element with value INUN could not be mapped to a rosettaField
cdm-sample-files/events/New-Trade-01.xml,Fail_MappedNone,trade.tradeHeader.partyTradeInformation(0).isAccountingHedge,trade.tradeHeader.partyTradeInformation.isAccountingHedge,0,,Element with value true could not be mapped to a rosettaField
cdm-sample-files/events/New-Trade-01.xml,Fail_MappedNone,trade.tradeHeader.tradeSummary.isPrimeBrokerTrade,trade.tradeHeader.tradeSummary.isPrimeBrokerTrade,0,,Element with value false could not be mapped to a rosettaField
cdm-sample-files/events/New-Trade-01.xml,Fail_MappedNone,trade.tradeHeader.partyTradeInformation(0).timestamps.nonpublicReportUpdated,trade.tradeHeader.partyTradeInformation.timestamps.nonpublicReportUpdated,0,,Element with value 2011-03-04T16:42:17Z could not be mapped to a rosettaField
cdm-sample-files/events/New-Trade-01.xml,Fail_MappedNone,trade.tradeHeader.partyTradeInformation(0).reportingRegime(1).partyEntityClassification(1).partyReference[href=party2].href,trade.tradeHeader.partyTradeInformation.reportingRegime.partyEntityClassification.partyReference[href=party2].href,0,,Element with value party2 could not be mapped to a rosettaField
cdm-sample-files/events/New-Trade-01.xml,Fail_MappedMultiple,party(8)[id=executing_agent].partyId[partyIdScheme=http://www.fpml.org/coding-scheme/external/iso17442].partyIdScheme,party[id=executing_agent].partyId[partyIdScheme=http://www.fpml.org/coding-scheme/external/iso17442].partyIdScheme,2,ReportableEvent.originatingWorkflowStep.proposedEvent.instruction(0).before.value.trade.party(8).partyId(0).identifierType=[LEI] ReportableEvent.originatingWorkflowStep.proposedEvent.instruction(0).before.value.trade.party(8).partyId(0).identifier.meta.scheme=[http://www.fpml.org/coding-scheme/external/iso17442],Element mapped to multiple rosettaFields
cdm-sample-files/events/New-Trade-01.xml,Fail_MappedNone,trade.tradeHeader.partyTradeInformation(0).reportingRegime(2).exceedsClearingThreshold,trade.tradeHeader.partyTradeInformation.reportingRegime.exceedsClearingThreshold,0,,Element with value true could not be mapped to a rosettaField
cdm-sample-files/events/New-Trade-01.xml,Fail_MappedNone,trade.tradeHeader.partyTradeInformation(1).reportingRegime(1).name,trade.tradeHeader.partyTradeInformation.reportingRegime.name,0,,Element with value UKEMIR could not be mapped to a rosettaField
cdm-sample-files/events/New-Trade-01.xml,Fail_MappedNone,party(4)[id=party2].classification(0),party[id=party2].classification,0,,Element with value NonFinancial could not be mapped to a rosettaField
cdm-sample-files/events/New-Trade-01.xml,Fail_MappedNone,trade.tradeHeader.partyTradeInformation(0).reportingRegime(5).reportingRole,trade.tradeHeader.partyTradeInformation.reportingRegime.reportingRole,0,,Element with value ReportingParty could not be mapped to a rosettaField
cdm-sample-files/events/New-Trade-01.xml,Fail_MappedMultiple,trade.creditDefaultSwap.generalTerms.referenceInformation.referenceEntity[id=referenceEntity].entityId[entityIdScheme=http://www.fpml.org/spec/2003/entity-id-RED-1-0],trade.creditDefaultSwap.generalTerms.referenceInformation.referenceEntity[id=referenceEntity].entityId[entityIdScheme=http://www.fpml.org/spec/2003/entity-id-RED-1-0],2,ReportableEvent.originatingWorkflowStep.proposedEvent.instruction(0).before.value.trade.product.economicTerms.payout(0).CreditDefaultPayout.generalTerms.referenceInformation.referenceEntity.entityIdentifier(0).identifier.value=[8G836J] ReportableEvent.originatingWorkflowStep.proposedEvent.instruction(0).before.value.trade.product.economicTerms.payout(0).CreditDefaultPayout.generalTerms.referenceInformation.referenceEntity.entityId(0).value=[8G836J],Element mapped to multiple rosettaFields
cdm-sample-files/events/New-Trade-01.xml,Fail_MappedNone,trade.tradeHeader.partyTradeIdentifier(1).resultingTradeId(2).issuer[issuerIdScheme=http://www.fpml.org/coding-scheme/external/cftc/issuer-identifier].issuerIdScheme,trade.tradeHeader.partyTradeIdentifier.resultingTradeId.issuer[issuerIdScheme=http://www.fpml.org/coding-scheme/external/cftc/issuer-identifier].issuerIdScheme,0,,Element with value http://www.fpml.org/coding-scheme/external/cftc/issuer-identifier could not be mapped to a rosettaField
cdm-sample-files/events/New-Trade-01.xml,Fail_MappedMultiple,party(9)[id=venue].partyId[partyIdScheme=http://www.fpml.org/coding-scheme/external/iso17442].partyIdScheme,party[id=venue].partyId[partyIdScheme=http://www.fpml.org/coding-scheme/external/iso17442].partyIdScheme,2,ReportableEvent.originatingWorkflowStep.proposedEvent.instruction(0).before.value.trade.party(9).partyId(0).identifier.meta.scheme=[http://www.fpml.org/coding-scheme/external/iso17442] ReportableEvent.originatingWorkflowStep.proposedEvent.instruction(0).before.value.trade.party(9).partyId(0).identifierType=[LEI],Element mapped to multiple rosettaFields
cdm-sample-files/events/New-Trade-01.xml,Fail_MappedNone,trade.tradeHeader.partyTradeInformation(0).reportingRegime(1).partyEntityClassification(3).entityClassification[entityClassificationScheme=http://www.fpml.org/coding-scheme/sec-entity-classification].entityClassificationScheme,trade.tradeHeader.partyTradeInformation.reportingRegime.partyEntityClassification.entityClassification[entityClassificationScheme=http://www.fpml.org/coding-scheme/sec-entity-classification].entityClassificationScheme,0,,Element with value http://www.fpml.org/coding-scheme/sec-entity-classification could not be mapped to a rosettaField
cdm-sample-files/events/New-Trade-01.xml,Fail_MappedNone,trade.tradeHeader.partyTradeInformation(0).reportingRegime(0).name,trade.tradeHeader.partyTradeInformation.reportingRegime.name,0,,Element with value DoddFrankAct could not be mapped to a rosettaField
cdm-sample-files/events/New-Trade-01.xml,Fail_MappedNone,trade.tradeHeader.partyTradeInformation(1).reportingRegime(0).entityClassification[entityClassificationScheme=http://www.fpml.org/coding-scheme/esma-entity-classification],trade.tradeHeader.partyTradeInformation.reportingRegime.entityClassification[entityClassificationScheme=http://www.fpml.org/coding-scheme/esma-entity-classification],0,,Element with value Financial could not be mapped to a rosettaField
cdm-sample-files/events/New-Trade-01.xml,Fail_MappedNone,trade.tradeHeader.partyTradeIdentifier(1).originatingTradeId.tradeId[tradeIdScheme=http://www.fpml.org/coding-scheme/external/unique-transaction-identifier],trade.tradeHeader.partyTradeIdentifier.originatingTradeId.tradeId[tradeIdScheme=http://www.fpml.org/coding-scheme/external/unique-transaction-identifier],0,,Element with value 12345678901234567890123456789011 could not be mapped to a rosettaField
cdm-sample-files/events/New-Trade-01.xml,Fail_MappedNone,trade.tradeHeader.partyTradeIdentifier(1).resultingTradeId(2).associatedPartyReference[href=party2].href,trade.tradeHeader.partyTradeIdentifier.resultingTradeId.associatedPartyReference[href=party2].href,0,,Element with value party2 could not be mapped to a rosettaField
cdm-sample-files/events/New-Trade-01.xml,Fail_MappedNone,trade.tradeHeader.partyTradeInformation(0).reportingRegime(3).supervisorRegistration.supervisoryBody,trade.tradeHeader.partyTradeInformation.reportingRegime.supervisorRegistration.supervisoryBody,0,,Element with value CA.ON.OSC could not be mapped to a rosettaField
cdm-sample-files/events/New-Trade-01.xml,Fail_MappedNone,trade.tradeHeader.partyTradeInformation(1).reportingRegime(2).name,trade.tradeHeader.partyTradeInformation.reportingRegime.name,0,,Element with value JFSA could not be mapped to a rosettaField
cdm-sample-files/events/New-Trade-01.xml,Fail_MappedNone,correlationId[correlationIdScheme=http://fpml.org/submitter_trade_id],correlationId[correlationIdScheme=http://fpml.org/submitter_trade_id],0,,Element with value TW19235 could not be mapped to a rosettaField
cdm-sample-files/events/New-Trade-01.xml,Fail_MappedNone,trade.tradeHeader.partyTradeInformation(1).reportingRegime(4).supervisorRegistration.supervisoryBody,trade.tradeHeader.partyTradeInformation.reportingRegime.supervisorRegistration.supervisoryBody,0,,Element with value HKMA could not be mapped to a rosettaField
cdm-sample-files/events/New-Trade-01.xml,Fail_MappedNone,trade.tradeHeader.partyTradeInformation(0).reportingRegime(4).reportingRole,trade.tradeHeader.partyTradeInformation.reportingRegime.reportingRole,0,,Element with value ReportingParty could not be mapped to a rosettaField
cdm-sample-files/events/New-Trade-01.xml,Fail_MappedNone,trade.tradeHeader.partyTradeInformation(0).relatedBusinessUnit(0).businessUnitReference[href=branch1].href,trade.tradeHeader.partyTradeInformation.relatedBusinessUnit.businessUnitReference[href=branch1].href,0,,Element with value branch1 could not be mapped to a rosettaField
cdm-sample-files/events/New-Trade-01.xml,Fail_MappedNone,trade.tradeHeader.partyTradeInformation(0).reportingRegime(1).partyEntityClassification(1).entityClassification[entityClassificationScheme=http://www.fpml.org/coding-scheme/sec-entity-classification].entityClassificationScheme,trade.tradeHeader.partyTradeInformation.reportingRegime.partyEntityClassification.entityClassification[entityClassificationScheme=http://www.fpml.org/coding-scheme/sec-entity-classification].entityClassificationScheme,0,,Element with value http://www.fpml.org/coding-scheme/sec-entity-classification could not be mapped to a rosettaField
cdm-sample-files/events/New-Trade-01.xml,Fail_MappedNone,trade.tradeHeader.partyTradeInformation(0).reportingRegime(3).reportingPurpose,trade.tradeHeader.partyTradeInformation.reportingRegime.reportingPurpose,0,,Element with value PrimaryEconomicTerms could not be mapped to a rosettaField
cdm-sample-files/events/New-Trade-01.xml,Fail_MappedNone,trade.tradeHeader.tradeSummary.isPackageTrade,trade.tradeHeader.tradeSummary.isPackageTrade,0,,Element with value true could not be mapped to a rosettaField
cdm-sample-files/events/New-Trade-01.xml,Fail_MappedNone,trade.tradeHeader.partyTradeInformation(0).reportingRegime(1).mandatorilyClearable,trade.tradeHeader.partyTradeInformation.reportingRegime.mandatorilyClearable,0,,Element with value false could not be mapped to a rosettaField
cdm-sample-files/events/New-Trade-01.xml,Fail_MappedNone,trade.tradeHeader.partyTradeInformation(0).reportingRegime(2).entityClassification[entityClassificationScheme=http://www.fpml.org/coding-scheme/esma-entity-classification].entityClassificationScheme,trade.tradeHeader.partyTradeInformation.reportingRegime.entityClassification[entityClassificationScheme=http://www.fpml.org/coding-scheme/esma-entity-classification].entityClassificationScheme,0,,Element with value http://www.fpml.org/coding-scheme/esma-entity-classification could not be mapped to a rosettaField
cdm-sample-files/events/New-Trade-01.xml,Fail_MappedNone,trade.tradeHeader.partyTradeInformation(1).reportingRegime(1).reportingRole,trade.tradeHeader.partyTradeInformation.reportingRegime.reportingRole,0,,Element with value ReportingParty could not be mapped to a rosettaField
cdm-sample-files/events/New-Trade-01.xml,Fail_MappedNone,trade.tradeHeader.partyTradeInformation(0).reportingRegime(5).supervisorRegistration.supervisoryBody,trade.tradeHeader.partyTradeInformation.reportingRegime.supervisorRegistration.supervisoryBody,0,,Element with value JFSA could not be mapped to a rosettaField
cdm-sample-files/events/New-Trade-01.xml,Fail_MappedNone,trade.tradeHeader.partyTradeInformation(0).reportingRegime(4).exceedsClearingThreshold,trade.tradeHeader.partyTradeInformation.reportingRegime.exceedsClearingThreshold,0,,Element with value true could not be mapped to a rosettaField
cdm-sample-files/events/New-Trade-01.xml,Fail_MappedNone,trade.tradeHeader.partyTradeInformation(0).reportingRegime(1).preEnactmentTrade,trade.tradeHeader.partyTradeInformation.reportingRegime.preEnactmentTrade,0,,Element with value true could not be mapped to a rosettaField
cdm-sample-files/events/New-Trade-01.xml,Fail_MappedNone,trade.tradeHeader.partyTradeInformation(0).reportingRegime(3).partyEntityClassification(3).partyReference[href=party2].href,trade.tradeHeader.partyTradeInformation.reportingRegime.partyEntityClassification.partyReference[href=party2].href,0,,Element with value party2 could not be mapped to a rosettaField
cdm-sample-files/events/New-Trade-01.xml,Fail_MappedNone,tradingEvent.eventType,tradingEvent.eventType,0,,Element with value Amendment could not be mapped to a rosettaField
cdm-sample-files/events/New-Trade-01.xml,Fail_MappedNone,trade.tradeHeader.partyTradeInformation(1).reportingRegime(3).mandatorilyClearable,trade.tradeHeader.partyTradeInformation.reportingRegime.mandatorilyClearable,0,,Element with value false could not be mapped to a rosettaField
cdm-sample-files/events/New-Trade-01.xml,Fail_MappedNone,party(4)[id=party2].country,party[id=party2].country,0,,Element with value US could not be mapped to a rosettaField
cdm-sample-files/events/New-Trade-01.xml,Fail_MappedNone,party(0)[id=party1].classification(2)[industryClassificationScheme=http://www.fpml.org/coding-scheme/esma-emir-refit-regulatory-corporate-sector].industryClassificationScheme,party[id=party1].classification[industryClassificationScheme=http://www.fpml.org/coding-scheme/esma-emir-refit-regulatory-corporate-sector].industryClassificationScheme,0,,Element with value http://www.fpml.org/coding-scheme/esma-emir-refit-regulatory-corporate-sector could not be mapped to a rosettaField
cdm-sample-files/events/New-Trade-01.xml,Fail_MappedMultiple,party(4)[id=party2].partyId[partyIdScheme=http://www.fpml.org/coding-scheme/external/iso17442].partyIdScheme,party[id=party2].partyId[partyIdScheme=http://www.fpml.org/coding-scheme/external/iso17442].partyIdScheme,2,ReportableEvent.originatingWorkflowStep.proposedEvent.instruction(0).before.value.trade.party(4).partyId(0).identifier.meta.scheme=[http://www.fpml.org/coding-scheme/external/iso17442] ReportableEvent.originatingWorkflowStep.proposedEvent.instruction(0).before.value.trade.party(4).partyId(0).identifierType=[LEI],Element mapped to multiple rosettaFields
cdm-sample-files/events/New-Trade-01.xml,Fail_MappedNone,trade.tradeHeader.partyTradeIdentifier(1).resultingTradeId(0).issuer[issuerIdScheme=http://www.fpml.org/coding-scheme/external/cftc/issuer-identifier],trade.tradeHeader.partyTradeIdentifier.resultingTradeId.issuer[issuerIdScheme=http://www.fpml.org/coding-scheme/external/cftc/issuer-identifier],0,,Element with value 1031234567 could not be mapped to a rosettaField
cdm-sample-files/events/New-Trade-01.xml,Fail_MappedNone,trade.tradeHeader.partyTradeInformation(0).reportingRegime(4).supervisorRegistration.supervisoryBody,trade.tradeHeader.partyTradeInformation.reportingRegime.supervisorRegistration.supervisoryBody,0,,Element with value FCA could not be mapped to a rosettaField
cdm-sample-files/events/New-Trade-01.xml,Fail_MappedNone,trade.tradeHeader.partyTradeInformation(0).collateralPortfolio[portfolioNameScheme=http://www.bankx.com/collateral-portfolio-id].portfolioNameScheme,trade.tradeHeader.partyTradeInformation.collateralPortfolio[portfolioNameScheme=http://www.bankx.com/collateral-portfolio-id].portfolioNameScheme,0,,Element with value http://www.bankx.com/collateral-portfolio-id could not be mapped to a rosettaField
cdm-sample-files/events/New-Trade-01.xml,Fail_MappedNone,trade.tradeHeader.partyTradeInformation(0).reportingRegime(2).reportingPurpose,trade.tradeHeader.partyTradeInformation.reportingRegime.reportingPurpose,0,,Element with value PrimaryEconomicTerms could not be mapped to a rosettaField
cdm-sample-files/events/New-Trade-01.xml,Fail_MappedNone,tradingEvent.agreementDate,tradingEvent.agreementDate,0,,Element with value 2011-02-07 could not be mapped to a rosettaField
cdm-sample-files/events/New-Trade-01.xml,Fail_MappedNone,trade.tradeHeader.partyTradeInformation(0).reportingRegime(3).partyEntityClassification(2).partyReference[href=party2].href,trade.tradeHeader.partyTradeInformation.reportingRegime.partyEntityClassification.partyReference[href=party2].href,0,,Element with value party2 could not be mapped to a rosettaField
cdm-sample-files/events/New-Trade-01.xml,Fail_MappedNone,trade.tradeHeader.partyTradeInformation(0).executionVenueType,trade.tradeHeader.partyTradeInformation.executionVenueType,0,,Element with value SEF could not be mapped to a rosettaField
cdm-sample-files/events/New-Trade-01.xml,Fail_MappedNone,trade.tradeHeader.partyTradeInformation(1).reportingRegime(0).reportingRole,trade.tradeHeader.partyTradeInformation.reportingRegime.reportingRole,0,,Element with value ReportingParty could not be mapped to a rosettaField
cdm-sample-files/events/New-Trade-01.xml,Fail_MappedNone,trade.tradeHeader.partyTradeInformation(0).reportingRegime(0).mandatorilyClearable,trade.tradeHeader.partyTradeInformation.reportingRegime.mandatorilyClearable,0,,Element with value false could not be mapped to a rosettaField
cdm-sample-files/events/New-Trade-01.xml,Fail_MappedNone,party(4)[id=party2].organizationType,party[id=party2].organizationType,0,,Element with value non-SD/MSP could not be mapped to a rosettaField
cdm-sample-files/events/New-Trade-01.xml,Fail_MappedMultiple,party(5)[id=party2_parent].partyId[partyIdScheme=http://www.fpml.org/coding-scheme/external/iso17442].partyIdScheme,party[id=party2_parent].partyId[partyIdScheme=http://www.fpml.org/coding-scheme/external/iso17442].partyIdScheme,2,ReportableEvent.originatingWorkflowStep.proposedEvent.instruction(0).before.value.trade.party(5).partyId(0).identifier.meta.scheme=[http://www.fpml.org/coding-scheme/external/iso17442] ReportableEvent.originatingWorkflowStep.proposedEvent.instruction(0).before.value.trade.party(5).partyId(0).identifierType=[LEI],Element mapped to multiple rosettaFields
cdm-sample-files/events/New-Trade-01.xml,Fail_MappedNone,trade.tradeHeader.partyTradeInformation(0).reportingRegime(1).partyEntityClassification(2).entityClassification[entityClassificationScheme=http://www.fpml.org/coding-scheme/sec-entity-classification].entityClassificationScheme,trade.tradeHeader.partyTradeInformation.reportingRegime.partyEntityClassification.entityClassification[entityClassificationScheme=http://www.fpml.org/coding-scheme/sec-entity-classification].entityClassificationScheme,0,,Element with value http://www.fpml.org/coding-scheme/sec-entity-classification could not be mapped to a rosettaField
cdm-sample-files/events/New-Trade-01.xml,Fail_MappedNone,trade.tradeHeader.partyTradeInformation(1).reportingRegime(3).entityClassification[entityClassificationScheme=http://www.fpml.org/coding-scheme/cftc-entity-classification].entityClassificationScheme,trade.tradeHeader.partyTradeInformation.reportingRegime.entityClassification[entityClassificationScheme=http://www.fpml.org/coding-scheme/cftc-entity-classification].entityClassificationScheme,0,,Element with value http://www.fpml.org/coding-scheme/cftc-entity-classification could not be mapped to a rosettaField
cdm-sample-files/events/New-Trade-01.xml,Fail_MappedNone,trade.tradeHeader.partyTradeIdentifier(1).resultingTradeId(1).issuer[issuerIdScheme=http://www.fpml.org/coding-scheme/external/cftc/issuer-identifier],trade.tradeHeader.partyTradeIdentifier.resultingTradeId.issuer[issuerIdScheme=http://www.fpml.org/coding-scheme/external/cftc/issuer-identifier],0,,Element with value 1031234567 could not be mapped to a rosettaField
cdm-sample-files/events/New-Trade-01.xml,Fail_MappedNone,trade.tradeHeader.partyTradeInformation(0).reportingRegime(1).partyEntityClassification(0).partyReference[href=party1].href,trade.tradeHeader.partyTradeInformation.reportingRegime.partyEntityClassification.partyReference[href=party1].href,0,,Element with value party1 could not be mapped to a rosettaField
cdm-sample-files/events/New-Trade-01.xml,Fail_MappedNone,trade.tradeHeader.partyTradeInformation(0).reportingRegime(6).supervisorRegistration.supervisoryBody,trade.tradeHeader.partyTradeInformation.reportingRegime.supervisorRegistration.supervisoryBody,0,,Element with value CA.AB.ASC could not be mapped to a rosettaField
cdm-sample-files/events/New-Trade-01.xml,Fail_MappedNone,trade.tradeHeader.partyTradeInformation(0).reportingRegime(1).reportingPurpose(0),trade.tradeHeader.partyTradeInformation.reportingRegime.reportingPurpose,0,,Element with value RealTimePublic could not be mapped to a rosettaField
cdm-sample-files/events/New-Trade-01.xml,Fail_MappedNone,trade.tradeHeader.partyTradeInformation(1).reportingRegime(3).reportingRole,trade.tradeHeader.partyTradeInformation.reportingRegime.reportingRole,0,,Element with value ReportingParty could not be mapped to a rosettaField
cdm-sample-files/events/New-Trade-01.xml,Fail_MappedNone,trade.tradeHeader.partyTradeInformation(0).reportingRegime(1).partyEntityClassification(0).entityClassification[entityClassificationScheme=http://www.fpml.org/coding-scheme/sec-entity-classification].entityClassificationScheme,trade.tradeHeader.partyTradeInformation.reportingRegime.partyEntityClassification.entityClassification[entityClassificationScheme=http://www.fpml.org/coding-scheme/sec-entity-classification].entityClassificationScheme,0,,Element with value http://www.fpml.org/coding-scheme/sec-entity-classification could not be mapped to a rosettaField
cdm-sample-files/events/New-Trade-01.xml,Fail_MappedNone,trade.tradeHeader.partyTradeInformation(0).reportingRegime(1).reportingPurpose(1),trade.tradeHeader.partyTradeInformation.reportingRegime.reportingPurpose,0,,Element with value PrimaryEconomicTerms could not be mapped to a rosettaField
cdm-sample-files/events/New-Trade-01.xml,Fail_MappedNone,trade.tradeHeader.partyTradeInformation(1).reportingRegime(1).mandatorilyClearable,trade.tradeHeader.partyTradeInformation.reportingRegime.mandatorilyClearable,0,,Element with value false could not be mapped to a rosettaField
cdm-sample-files/events/New-Trade-01.xml,Fail_MappedNone,trade.tradeHeader.partyTradeIdentifier(1).resultingTradeId(2).issuer[issuerIdScheme=http://www.fpml.org/coding-scheme/external/cftc/issuer-identifier],trade.tradeHeader.partyTradeIdentifier.resultingTradeId.issuer[issuerIdScheme=http://www.fpml.org/coding-scheme/external/cftc/issuer-identifier],0,,Element with value 1031234567 could not be mapped to a rosettaField
cdm-sample-files/events/New-Trade-01.xml,Fail_MappedNone,trade.tradeHeader.partyTradeInformation(0).reportingRegime(1).reportingRole,trade.tradeHeader.partyTradeInformation.reportingRegime.reportingRole,0,,Element with value VoluntaryParty could not be mapped to a rosettaField
cdm-sample-files/events/New-Trade-01.xml,Fail_MappedNone,trade.tradeHeader.partyTradeInformation(0).reportingRegime(0).reportingPurpose(0),trade.tradeHeader.partyTradeInformation.reportingRegime.reportingPurpose,0,,Element with value RealTimePublic could not be mapped to a rosettaField
cdm-sample-files/events/New-Trade-01.xml,Fail_MappedNone,trade.tradeHeader.partyTradeInformation(0).largeSizeTrade,trade.tradeHeader.partyTradeInformation.largeSizeTrade,0,,Element with value false could not be mapped to a rosettaField
cdm-sample-files/events/New-Trade-01.xml,Fail_MappedNone,trade.tradeHeader.partyTradeInformation(0).reportingRegime(1).partyEntityClassification(3).entityClassification[entityClassificationScheme=http://www.fpml.org/coding-scheme/sec-entity-classification],trade.tradeHeader.partyTradeInformation.reportingRegime.partyEntityClassification.entityClassification[entityClassificationScheme=http://www.fpml.org/coding-scheme/sec-entity-classification],0,,Element with value Participant could not be mapped to a rosettaField
cdm-sample-files/events/New-Trade-01.xml,Fail_MappedNone,trade.tradeHeader.partyTradeInformation(0).reportingRegime(0).reportingPurpose(1),trade.tradeHeader.partyTradeInformation.reportingRegime.reportingPurpose,0,,Element with value PrimaryEconomicTerms could not be mapped to a rosettaField
cdm-sample-files/events/New-Trade-01.xml,Fail_MappedNone,quote.currency,quote.currency,0,,Element with value USD could not be mapped to a rosettaField
cdm-sample-files/events/New-Trade-01.xml,Fail_MappedNone,trade.tradeHeader.partyTradeInformation(1).reportingRegime(2).reportingRole,trade.tradeHeader.partyTradeInformation.reportingRegime.reportingRole,0,,Element with value ReportingParty could not be mapped to a rosettaField
cdm-sample-files/events/New-Trade-01.xml,Fail_MappedMultiple,party(6)[id=party2_affiliate1].partyId[partyIdScheme=http://www.fpml.org/coding-scheme/external/iso17442].partyIdScheme,party[id=party2_affiliate1].partyId[partyIdScheme=http://www.fpml.org/coding-scheme/external/iso17442].partyIdScheme,2,ReportableEvent.originatingWorkflowStep.proposedEvent.instruction(0).before.value.trade.party(6).partyId(0).identifierType=[LEI] ReportableEvent.originatingWorkflowStep.proposedEvent.instruction(0).before.value.trade.party(6).partyId(0).identifier.meta.scheme=[http://www.fpml.org/coding-scheme/external/iso17442],Element mapped to multiple rosettaFields
cdm-sample-files/events/New-Trade-01.xml,Fail_MappedNone,trade.tradeHeader.partyTradeInformation(0).reportingRegime(3).partyEntityClassification(3).entityClassification[entityClassificationScheme=http://www.fpml.org/coding-scheme/csa-local-party-status-entity-classification].entityClassificationScheme,trade.tradeHeader.partyTradeInformation.reportingRegime.partyEntityClassification.entityClassification[entityClassificationScheme=http://www.fpml.org/coding-scheme/csa-local-party-status-entity-classification].entityClassificationScheme,0,,Element with value http://www.fpml.org/coding-scheme/csa-local-party-status-entity-classification could not be mapped to a rosettaField
cdm-sample-files/events/New-Trade-01.xml,Fail_MappedNone,trade.tradeHeader.productSummary.finalSettlementDate,trade.tradeHeader.productSummary.finalSettlementDate,0,,Element with value 2014-06-20 could not be mapped to a rosettaField
cdm-sample-files/events/New-Trade-01.xml,Fail_MappedNone,trade.tradeHeader.partyTradeIdentifier(1).resultingTradeId(2).tradeId[tradeIdScheme=http://www.fpml.org/coding-scheme/external/unique-transaction-identifier].tradeIdScheme,trade.tradeHeader.partyTradeIdentifier.resultingTradeId.tradeId[tradeIdScheme=http://www.fpml.org/coding-scheme/external/unique-transaction-identifier].tradeIdScheme,0,,Element with value http://www.fpml.org/coding-scheme/external/unique-transaction-identifier could not be mapped to a rosettaField
cdm-sample-files/events/New-Trade-01.xml,Fail_MappedNone,trade.tradeHeader.partyTradeInformation(1).reportingRegime(1).reportingPurpose,trade.tradeHeader.partyTradeInformation.reportingRegime.reportingPurpose,0,,Element with value PrimaryEconomicTerms could not be mapped to a rosettaField
cdm-sample-files/events/New-Trade-01.xml,Fail_MappedNone,sequenceNumber,sequenceNumber,0,,Element with value 1 could not be mapped to a rosettaField
cdm-sample-files/events/New-Trade-01.xml,Fail_MappedNone,trade.tradeHeader.partyTradeInformation(0).reportingRegime(3).partyEntityClassification(1).partyReference[href=party2].href,trade.tradeHeader.partyTradeInformation.reportingRegime.partyEntityClassification.partyReference[href=party2].href,0,,Element with value party2 could not be mapped to a rosettaField
cdm-sample-files/events/New-Trade-01.xml,Fail_MappedNone,trade.tradeHeader.partyTradeInformation(1).reportingRegime(0).mandatorilyClearable,trade.tradeHeader.partyTradeInformation.reportingRegime.mandatorilyClearable,0,,Element with value false could not be mapped to a rosettaField
cdm-sample-files/events/New-Trade-01.xml,Fail_MappedNone,trade.tradeHeader.partyTradeInformation(0).reportingRegime(0).reportingRole,trade.tradeHeader.partyTradeInformation.reportingRegime.reportingRole,0,,Element with value ReportingParty could not be mapped to a rosettaField
cdm-sample-files/events/New-Trade-Portfolio-Rebalancing-record-ex212-new-trade-esma-emir-refit-commodity-swap.xml,Fail_MappedNone,trade.commoditySwap.oilPhysicalLeg.deliveryConditions.pipeline.risk,trade.commoditySwap.oilPhysicalLeg.deliveryConditions.pipeline.risk,0,,Element with value FOB could not be mapped to a rosettaField
cdm-sample-files/events/New-Trade-Portfolio-Rebalancing-record-ex212-new-trade-esma-emir-refit-commodity-swap.xml,Fail_MappedNone,trade.tradeHeader.partyTradeInformation(0).reportingRegime(2).supervisorRegistration.supervisoryBody,trade.tradeHeader.partyTradeInformation.reportingRegime.supervisorRegistration.supervisoryBody,0,,Element with value JFSA could not be mapped to a rosettaField
cdm-sample-files/events/New-Trade-Portfolio-Rebalancing-record-ex212-new-trade-esma-emir-refit-commodity-swap.xml,Success,trade.tradeHeader.partyTradeIdentifier(1).linkId[linkIdScheme=http://www.fpml.org/coding-scheme/external/compression-link-identifier],trade.tradeHeader.partyTradeIdentifier.linkId[linkIdScheme=http://www.fpml.org/coding-scheme/external/compression-link-identifier],0,,no destination
cdm-sample-files/events/New-Trade-Portfolio-Rebalancing-record-ex212-new-trade-esma-emir-refit-commodity-swap.xml,Fail_MappedNone,trade.commoditySwap.oilPhysicalLeg.deliveryConditions.pipeline.withdrawalPoint[deliveryPointScheme=http://www.PartyA.com/delivery-point-scheme-oil-1-0],trade.commoditySwap.oilPhysicalLeg.deliveryConditions.pipeline.withdrawalPoint[deliveryPointScheme=http://www.PartyA.com/delivery-point-scheme-oil-1-0],0,,Element with value Cushing could not be mapped to a rosettaField
cdm-sample-files/events/New-Trade-Portfolio-Rebalancing-record-ex212-new-trade-esma-emir-refit-commodity-swap.xml,Fail_MappedNone,trade.tradeHeader.partyTradeInformation(1).reportingRegime(1).entityClassification[entityClassificationScheme=http://www.fpml.org/coding-scheme/esma-entity-classification],trade.tradeHeader.partyTradeInformation.reportingRegime.entityClassification[entityClassificationScheme=http://www.fpml.org/coding-scheme/esma-entity-classification],0,,Element with value Financial could not be mapped to a rosettaField
cdm-sample-files/events/New-Trade-Portfolio-Rebalancing-record-ex212-new-trade-esma-emir-refit-commodity-swap.xml,Fail_MappedNone,correlationId[correlationIdScheme=http://www.xxx.com/coding-scheme/correlation-id].correlationIdScheme,correlationId[correlationIdScheme=http://www.xxx.com/coding-scheme/correlation-id].correlationIdScheme,0,,Element with value http://www.xxx.com/coding-scheme/correlation-id could not be mapped to a rosettaField
cdm-sample-files/events/New-Trade-Portfolio-Rebalancing-record-ex212-new-trade-esma-emir-refit-commodity-swap.xml,Fail_MappedNone,trade.tradeHeader.partyTradeInformation(0).reportingRegime(1).name,trade.tradeHeader.partyTradeInformation.reportingRegime.name,0,,Element with value UKEMIR could not be mapped to a rosettaField
cdm-sample-files/events/New-Trade-Portfolio-Rebalancing-record-ex212-new-trade-esma-emir-refit-commodity-swap.xml,Fail_MappedNone,trade.commoditySwap.oilPhysicalLeg.deliveryQuantity.totalPhysicalQuantity.quantity,trade.commoditySwap.oilPhysicalLeg.deliveryQuantity.totalPhysicalQuantity.quantity,0,,Element with value 10000.0 could not be mapped to a rosettaField
cdm-sample-files/events/New-Trade-Portfolio-Rebalancing-record-ex212-new-trade-esma-emir-refit-commodity-swap.xml,Fail_MappedNone,trade.commoditySwap.oilPhysicalLeg.deliveryConditions.pipeline.pipelineName[pipelineScheme=http://www.PartyA.com/pipeline-scheme-1-0].pipelineScheme,trade.commoditySwap.oilPhysicalLeg.deliveryConditions.pipeline.pipelineName[pipelineScheme=http://www.PartyA.com/pipeline-scheme-1-0].pipelineScheme,0,,Element with value http://www.PartyA.com/pipeline-scheme-1-0 could not be mapped to a rosettaField
cdm-sample-files/events/New-Trade-Portfolio-Rebalancing-record-ex212-new-trade-esma-emir-refit-commodity-swap.xml,Fail_MappedNone,trade.commoditySwap.oilPhysicalLeg.deliveryQuantity.physicalQuantity[id=deliveryQuantity].quantityFrequency,trade.commoditySwap.oilPhysicalLeg.deliveryQuantity.physicalQuantity[id=deliveryQuantity].quantityFrequency,0,,Element with value PerCalculationPeriod could not be mapped to a rosettaField
cdm-sample-files/events/New-Trade-Portfolio-Rebalancing-record-ex212-new-trade-esma-emir-refit-commodity-swap.xml,Fail_MappedNone,trade.tradeHeader.partyTradeInformation(1).reportingRegime(0).reportingPurpose,trade.tradeHeader.partyTradeInformation.reportingRegime.reportingPurpose,0,,Element with value PrimaryEconomicTerms could not be mapped to a rosettaField
cdm-sample-files/events/New-Trade-Portfolio-Rebalancing-record-ex212-new-trade-esma-emir-refit-commodity-swap.xml,Fail_MappedNone,trade.commoditySwap.oilPhysicalLeg.oil.grade,trade.commoditySwap.oilPhysicalLeg.oil.grade,0,,Element with value WTI could not be mapped to a rosettaField
cdm-sample-files/events/New-Trade-Portfolio-Rebalancing-record-ex212-new-trade-esma-emir-refit-commodity-swap.xml,Fail_MappedNone,trade.commoditySwap.oilPhysicalLeg.deliveryQuantity.physicalQuantity[id=deliveryQuantity].quantity,trade.commoditySwap.oilPhysicalLeg.deliveryQuantity.physicalQuantity[id=deliveryQuantity].quantity,0,,Element with value 10000.0 could not be mapped to a rosettaField
cdm-sample-files/events/New-Trade-Portfolio-Rebalancing-record-ex212-new-trade-esma-emir-refit-commodity-swap.xml,Success,trade.commoditySwap.oilPhysicalLeg.commodityClassification(0).code(1)[commodityClassificationScheme=http://www.fpml.org/coding-scheme/isda-layer-2-commodity-classification],trade.commoditySwap.oilPhysicalLeg.commodityClassification.code[commodityClassificationScheme=http://www.fpml.org/coding-scheme/isda-layer-2-commodity-classification],1,"ReportableEvent.originatingWorkflowStep.proposedEvent.instruction(0).before.value.trade.tradeLot(0).priceQuantity(1).observable.value.Asset.Commodity.taxonomy(0).value.classification(1).value=[Energy, NRGY, OILP, Oil, OilWTI, WTIO]",had no destination
cdm-sample-files/events/New-Trade-Portfolio-Rebalancing-record-ex212-new-trade-esma-emir-refit-commodity-swap.xml,Fail_MappedNone,trade.commoditySwap.oilPhysicalLeg.oil.type,trade.commoditySwap.oilPhysicalLeg.oil.type,0,,Element with value Oil could not be mapped to a rosettaField
cdm-sample-files/events/New-Trade-Portfolio-Rebalancing-record-ex212-new-trade-esma-emir-refit-commodity-swap.xml,Fail_MappedNone,party(1)[id=partyB].classification(0)[industryClassificationScheme=http://www.fpml.org/coding-scheme/esma-emir-refit-regulatory-corporate-sector].industryClassificationScheme,party[id=partyB].classification[industryClassificationScheme=http://www.fpml.org/coding-scheme/esma-emir-refit-regulatory-corporate-sector].industryClassificationScheme,0,,Element with value http://www.fpml.org/coding-scheme/esma-emir-refit-regulatory-corporate-sector could not be mapped to a rosettaField
cdm-sample-files/events/New-Trade-Portfolio-Rebalancing-record-ex212-new-trade-esma-emir-refit-commodity-swap.xml,Fail_MappedNone,trade.tradeHeader.partyTradeInformation(0).reportingRegime(1).mandatorilyClearable,trade.tradeHeader.partyTradeInformation.reportingRegime.mandatorilyClearable,0,,Element with value false could not be mapped to a rosettaField
cdm-sample-files/events/New-Trade-Portfolio-Rebalancing-record-ex212-new-trade-esma-emir-refit-commodity-swap.xml,Fail_MappedNone,party(0)[id=partyA].organizationType(1)[organizationTypeScheme=http://www.fpml.org/coding-scheme/cftc-organization-type].organizationTypeScheme,party[id=partyA].organizationType[organizationTypeScheme=http://www.fpml.org/coding-scheme/cftc-organization-type].organizationTypeScheme,0,,Element with value http://www.fpml.org/coding-scheme/cftc-organization-type could not be mapped to a rosettaField
cdm-sample-files/events/New-Trade-Portfolio-Rebalancing-record-ex212-new-trade-esma-emir-refit-commodity-swap.xml,Fail_MappedNone,trade.tradeHeader.partyTradeInformation(1).reportingRegime(1).reportingRole,trade.tradeHeader.partyTradeInformation.reportingRegime.reportingRole,0,,Element with value ReportingParty could not be mapped to a rosettaField
cdm-sample-files/events/New-Trade-Portfolio-Rebalancing-record-ex212-new-trade-esma-emir-refit-commodity-swap.xml,Fail_MappedNone,trade.tradeHeader.partyTradeInformation(0).reportingRegime(0).exceedsClearingThreshold,trade.tradeHeader.partyTradeInformation.reportingRegime.exceedsClearingThreshold,0,,Element with value true could not be mapped to a rosettaField
cdm-sample-files/events/New-Trade-Portfolio-Rebalancing-record-ex212-new-trade-esma-emir-refit-commodity-swap.xml,Fail_MappedNone,trade.tradeHeader.partyTradeInformation(1).reportingRegime(1).entityClassification[entityClassificationScheme=http://www.fpml.org/coding-scheme/esma-entity-classification].entityClassificationScheme,trade.tradeHeader.partyTradeInformation.reportingRegime.entityClassification[entityClassificationScheme=http://www.fpml.org/coding-scheme/esma-entity-classification].entityClassificationScheme,0,,Element with value http://www.fpml.org/coding-scheme/esma-entity-classification could not be mapped to a rosettaField
cdm-sample-files/events/New-Trade-Portfolio-Rebalancing-record-ex212-new-trade-esma-emir-refit-commodity-swap.xml,Fail_MappedNone,trade.tradeHeader.partyTradeInformation(0).reportingRegime(0).entityClassification[entityClassificationScheme=http://www.fpml.org/coding-scheme/esma-entity-classification],trade.tradeHeader.partyTradeInformation.reportingRegime.entityClassification[entityClassificationScheme=http://www.fpml.org/coding-scheme/esma-entity-classification],0,,Element with value Financial could not be mapped to a rosettaField
cdm-sample-files/events/New-Trade-Portfolio-Rebalancing-record-ex212-new-trade-esma-emir-refit-commodity-swap.xml,Fail_MappedNone,trade.tradeHeader.partyTradeInformation(1).reportingRegime(3).name,trade.tradeHeader.partyTradeInformation.reportingRegime.name,0,,Element with value CSA could not be mapped to a rosettaField
cdm-sample-files/events/New-Trade-Portfolio-Rebalancing-record-ex212-new-trade-esma-emir-refit-commodity-swap.xml,Fail_MappedNone,trade.tradeHeader.partyTradeInformation(0).reportingRegime(4).entityClassification,trade.tradeHeader.partyTradeInformation.reportingRegime.entityClassification,0,,Element with value Financial could not be mapped to a rosettaField
cdm-sample-files/events/New-Trade-Portfolio-Rebalancing-record-ex212-new-trade-esma-emir-refit-commodity-swap.xml,Fail_MappedNone,trade.tradeHeader.partyTradeInformation(0).reportingRegime(0).directlyLinkedActivity,trade.tradeHeader.partyTradeInformation.reportingRegime.directlyLinkedActivity,0,,Element with value true could not be mapped to a rosettaField
cdm-sample-files/events/New-Trade-Portfolio-Rebalancing-record-ex212-new-trade-esma-emir-refit-commodity-swap.xml,Fail_MappedNone,header.sentBy[messageAddressScheme=http://www.fpml.org/ext/iso9362].messageAddressScheme,header.sentBy[messageAddressScheme=http://www.fpml.org/ext/iso9362].messageAddressScheme,0,,Element with value http://www.fpml.org/ext/iso9362 could not be mapped to a rosettaField
cdm-sample-files/events/New-Trade-Portfolio-Rebalancing-record-ex212-new-trade-esma-emir-refit-commodity-swap.xml,Success,trade.commoditySwap.oilPhysicalLeg.commodityClassification(0).code(0)[commodityClassificationScheme=http://www.fpml.org/coding-scheme/isda-layer-1-commodity-classification],trade.commoditySwap.oilPhysicalLeg.commodityClassification.code[commodityClassificationScheme=http://www.fpml.org/coding-scheme/isda-layer-1-commodity-classification],2,"ReportableEvent.originatingWorkflowStep.proposedEvent.instruction(0).before.value.trade.tradeLot(0).priceQuantity(1).observable.value.Asset.Commodity.taxonomy(0).value.classification(0).value=[Energy, NRGY, OILP, Oil, OilWTI, WTIO]
ReportableEvent.originatingWorkflowStep.proposedEvent.instruction(0).before.value.trade.product.economicTerms.payout(1).SettlementPayout.underlier.Observable.reference=[null]",had no destination
cdm-sample-files/events/New-Trade-Portfolio-Rebalancing-record-ex212-new-trade-esma-emir-refit-commodity-swap.xml,Success,trade.commoditySwap.oilPhysicalLeg.commodityClassification(1).code(2)[commodityClassificationScheme=http://www.fpml.org/coding-scheme/esma-emir-refit-layer-3-commodity-classification],trade.commoditySwap.oilPhysicalLeg.commodityClassification.code[commodityClassificationScheme=http://www.fpml.org/coding-scheme/esma-emir-refit-layer-3-commodity-classification],1,"ReportableEvent.originatingWorkflowStep.proposedEvent.instruction(0).before.value.trade.tradeLot(0).priceQuantity(1).observable.value.Asset.Commodity.taxonomy(1).value.classification(2).value=[Energy, NRGY, OILP, Oil, OilWTI, WTIO]",had no destination
cdm-sample-files/events/New-Trade-Portfolio-Rebalancing-record-ex212-new-trade-esma-emir-refit-commodity-swap.xml,Fail_MappedNone,trade.tradeHeader.partyTradeInformation(1).reportingRegime(3).mandatorilyClearable,trade.tradeHeader.partyTradeInformation.reportingRegime.mandatorilyClearable,0,,Element with value false could not be mapped to a rosettaField
cdm-sample-files/events/New-Trade-Portfolio-Rebalancing-record-ex212-new-trade-esma-emir-refit-commodity-swap.xml,Fail_MappedNone,trade.tradeHeader.partyTradeInformation(0).reportingRegime(3).reportingRole,trade.tradeHeader.partyTradeInformation.reportingRegime.reportingRole,0,,Element with value ReportingParty could not be mapped to a rosettaField
cdm-sample-files/events/New-Trade-Portfolio-Rebalancing-record-ex212-new-trade-esma-emir-refit-commodity-swap.xml,Fail_MappedNone,party(0)[id=partyA].organizationType(1)[organizationTypeScheme=http://www.fpml.org/coding-scheme/cftc-organization-type],party[id=partyA].organizationType[organizationTypeScheme=http://www.fpml.org/coding-scheme/cftc-organization-type],0,,Element with value CharteredPursuantToFederalLaw could not be mapped to a rosettaField
cdm-sample-files/events/New-Trade-Portfolio-Rebalancing-record-ex212-new-trade-esma-emir-refit-commodity-swap.xml,Fail_MappedNone,trade.tradeHeader.partyTradeInformation(0).reportingRegime(4).supervisorRegistration.supervisoryBody,trade.tradeHeader.partyTradeInformation.reportingRegime.supervisorRegistration.supervisoryBody,0,,Element with value HKMA could not be mapped to a rosettaField
cdm-sample-files/events/New-Trade-Portfolio-Rebalancing-record-ex212-new-trade-esma-emir-refit-commodity-swap.xml,Fail_MappedNone,trade.tradeHeader.partyTradeInformation(1).reportingRegime(1).exceedsClearingThreshold,trade.tradeHeader.partyTradeInformation.reportingRegime.exceedsClearingThreshold,0,,Element with value true could not be mapped to a rosettaField
cdm-sample-files/events/New-Trade-Portfolio-Rebalancing-record-ex212-new-trade-esma-emir-refit-commodity-swap.xml,Fail_MappedNone,trade.tradeHeader.partyTradeInformation(1).reportingRegime(0).supervisorRegistration.supervisoryBody,trade.tradeHeader.partyTradeInformation.reportingRegime.supervisorRegistration.supervisoryBody,0,,Element with value ESMA could not be mapped to a rosettaField
cdm-sample-files/events/New-Trade-Portfolio-Rebalancing-record-ex212-new-trade-esma-emir-refit-commodity-swap.xml,Fail_MappedNone,trade.tradeHeader.partyTradeInformation(1).reportingRegime(0).entityClassification[entityClassificationScheme=http://www.fpml.org/coding-scheme/esma-entity-classification].entityClassificationScheme,trade.tradeHeader.partyTradeInformation.reportingRegime.entityClassification[entityClassificationScheme=http://www.fpml.org/coding-scheme/esma-entity-classification].entityClassificationScheme,0,,Element with value http://www.fpml.org/coding-scheme/esma-entity-classification could not be mapped to a rosettaField
cdm-sample-files/events/New-Trade-Portfolio-Rebalancing-record-ex212-new-trade-esma-emir-refit-commodity-swap.xml,Fail_MappedNone,trade.tradeHeader.partyTradeInformation(0).reportingRegime(2).name,trade.tradeHeader.partyTradeInformation.reportingRegime.name,0,,Element with value JFSA could not be mapped to a rosettaField
cdm-sample-files/events/New-Trade-Portfolio-Rebalancing-record-ex212-new-trade-esma-emir-refit-commodity-swap.xml,Fail_MappedNone,trade.tradeHeader.partyTradeInformation(1).reportingRegime(3).supervisorRegistration.supervisoryBody,trade.tradeHeader.partyTradeInformation.reportingRegime.supervisorRegistration.supervisoryBody,0,,Element with value CA.AB.ASC could not be mapped to a rosettaField
cdm-sample-files/events/New-Trade-Portfolio-Rebalancing-record-ex212-new-trade-esma-emir-refit-commodity-swap.xml,Success,trade.tradeHeader.partyTradeIdentifier(1).linkId[linkIdScheme=http://www.fpml.org/coding-scheme/external/compression-link-identifier].linkIdScheme,trade.tradeHeader.partyTradeIdentifier.linkId[linkIdScheme=http://www.fpml.org/coding-scheme/external/compression-link-identifier].linkIdScheme,0,,no destination
cdm-sample-files/events/New-Trade-Portfolio-Rebalancing-record-ex212-new-trade-esma-emir-refit-commodity-swap.xml,Fail_MappedNone,trade.tradeHeader.partyTradeInformation(1).reportingRegime(0).reportingRole,trade.tradeHeader.partyTradeInformation.reportingRegime.reportingRole,0,,Element with value ReportingParty could not be mapped to a rosettaField
cdm-sample-files/events/New-Trade-Portfolio-Rebalancing-record-ex212-new-trade-esma-emir-refit-commodity-swap.xml,Fail_MappedNone,trade.tradeHeader.partyTradeInformation(0).reportingRegime(0).mandatorilyClearable,trade.tradeHeader.partyTradeInformation.reportingRegime.mandatorilyClearable,0,,Element with value false could not be mapped to a rosettaField
cdm-sample-files/events/New-Trade-Portfolio-Rebalancing-record-ex212-new-trade-esma-emir-refit-commodity-swap.xml,Fail_MappedNone,party(1)[id=partyB].classification(1)[industryClassificationScheme=http://www.fpml.org/coding-scheme/hkma-rewrite-regulatory-corporate-sector].industryClassificationScheme,party[id=partyB].classification[industryClassificationScheme=http://www.fpml.org/coding-scheme/hkma-rewrite-regulatory-corporate-sector].industryClassificationScheme,0,,Element with value http://www.fpml.org/coding-scheme/hkma-rewrite-regulatory-corporate-sector could not be mapped to a rosettaField
cdm-sample-files/events/New-Trade-Portfolio-Rebalancing-record-ex212-new-trade-esma-emir-refit-commodity-swap.xml,Fail_MappedNone,trade.commoditySwap.oilPhysicalLeg.deliveryPeriods.periodsSchedule[id=deliveryPeriods].period,trade.commoditySwap.oilPhysicalLeg.deliveryPeriods.periodsSchedule[id=deliveryPeriods].period,0,,Element with value T could not be mapped to a rosettaField
cdm-sample-files/events/New-Trade-Portfolio-Rebalancing-record-ex212-new-trade-esma-emir-refit-commodity-swap.xml,Fail_MappedNone,party(0)[id=partyA].classification(1)[industryClassificationScheme=http://www.fpml.org/coding-scheme/hkma-rewrite-regulatory-corporate-sector],party[id=partyA].classification[industryClassificationScheme=http://www.fpml.org/coding-scheme/hkma-rewrite-regulatory-corporate-sector],0,,Element with value INVF could not be mapped to a rosettaField
cdm-sample-files/events/New-Trade-Portfolio-Rebalancing-record-ex212-new-trade-esma-emir-refit-commodity-swap.xml,Fail_MappedNone,trade.tradeHeader.partyTradeInformation(1).reportingRegime(4).reportingRole,trade.tradeHeader.partyTradeInformation.reportingRegime.reportingRole,0,,Element with value ReportingParty could not be mapped to a rosettaField
cdm-sample-files/events/New-Trade-Portfolio-Rebalancing-record-ex212-new-trade-esma-emir-refit-commodity-swap.xml,Fail_MappedNone,trade.tradeHeader.partyTradeInformation(0).reportingRegime(4).mandatorilyClearable,trade.tradeHeader.partyTradeInformation.reportingRegime.mandatorilyClearable,0,,Element with value false could not be mapped to a rosettaField
cdm-sample-files/events/New-Trade-Portfolio-Rebalancing-record-ex212-new-trade-esma-emir-refit-commodity-swap.xml,Fail_MappedNone,trade.tradeHeader.partyTradeInformation(0).reportingRegime(1).supervisorRegistration.supervisoryBody,trade.tradeHeader.partyTradeInformation.reportingRegime.supervisorRegistration.supervisoryBody,0,,Element with value FCA could not be mapped to a rosettaField
cdm-sample-files/events/New-Trade-Portfolio-Rebalancing-record-ex212-new-trade-esma-emir-refit-commodity-swap.xml,Fail_MappedNone,party(0)[id=partyA].organizationType(0)[organizationTypeScheme=http://www.fpml.org/coding-scheme/organization-type],party[id=partyA].organizationType[organizationTypeScheme=http://www.fpml.org/coding-scheme/organization-type],0,,Element with value SD could not be mapped to a rosettaField
cdm-sample-files/events/New-Trade-Portfolio-Rebalancing-record-ex212-new-trade-esma-emir-refit-commodity-swap.xml,Fail_MappedNone,trade.tradeHeader.partyTradeInformation(0).reportingRegime(1).entityClassification[entityClassificationScheme=http://www.fpml.org/coding-scheme/esma-entity-classification],trade.tradeHeader.partyTradeInformation.reportingRegime.entityClassification[entityClassificationScheme=http://www.fpml.org/coding-scheme/esma-entity-classification],0,,Element with value Financial could not be mapped to a rosettaField
cdm-sample-files/events/New-Trade-Portfolio-Rebalancing-record-ex212-new-trade-esma-emir-refit-commodity-swap.xml,Fail_MappedNone,trade.tradeHeader.partyTradeInformation(1).reportingRegime(0).name,trade.tradeHeader.partyTradeInformation.reportingRegime.name,0,,Element with value EMIR could not be mapped to a rosettaField
cdm-sample-files/events/New-Trade-Portfolio-Rebalancing-record-ex212-new-trade-esma-emir-refit-commodity-swap.xml,Fail_MappedNone,trade.tradeHeader.partyTradeInformation(1).reportingRegime(3).entityClassification[entityClassificationScheme=http://www.fpml.org/coding-scheme/cftc-entity-classification].entityClassificationScheme,trade.tradeHeader.partyTradeInformation.reportingRegime.entityClassification[entityClassificationScheme=http://www.fpml.org/coding-scheme/cftc-entity-classification].entityClassificationScheme,0,,Element with value http://www.fpml.org/coding-scheme/cftc-entity-classification could not be mapped to a rosettaField
cdm-sample-files/events/New-Trade-Portfolio-Rebalancing-record-ex212-new-trade-esma-emir-refit-commodity-swap.xml,Fail_MappedNone,trade.tradeHeader.partyTradeInformation(1).reportingRegime(4).name,trade.tradeHeader.partyTradeInformation.reportingRegime.name,0,,Element with value HKTR could not be mapped to a rosettaField
cdm-sample-files/events/New-Trade-Portfolio-Rebalancing-record-ex212-new-trade-esma-emir-refit-commodity-swap.xml,Success,trade.commoditySwap.oilPhysicalLeg.commodityClassification(0).code(2)[commodityClassificationScheme=http://www.fpml.org/coding-scheme/isda-layer-3-commodity-classification],trade.commoditySwap.oilPhysicalLeg.commodityClassification.code[commodityClassificationScheme=http://www.fpml.org/coding-scheme/isda-layer-3-commodity-classification],1,"ReportableEvent.originatingWorkflowStep.proposedEvent.instruction(0).before.value.trade.tradeLot(0).priceQuantity(1).observable.value.Asset.Commodity.taxonomy(0).value.classification(2).value=[Energy, NRGY, OILP, Oil, OilWTI, WTIO]",had no destination
cdm-sample-files/events/New-Trade-Portfolio-Rebalancing-record-ex212-new-trade-esma-emir-refit-commodity-swap.xml,Fail_MappedNone,trade.commoditySwap.floatingLeg.masterAgreementPaymentDates,trade.commoditySwap.floatingLeg.masterAgreementPaymentDates,0,,Element with value true could not be mapped to a rosettaField
cdm-sample-files/events/New-Trade-Portfolio-Rebalancing-record-ex212-new-trade-esma-emir-refit-commodity-swap.xml,Fail_MappedNone,trade.tradeHeader.partyTradeInformation(0).reportingRegime(2).reportingRole,trade.tradeHeader.partyTradeInformation.reportingRegime.reportingRole,0,,Element with value ReportingParty could not be mapped to a rosettaField
cdm-sample-files/events/New-Trade-Portfolio-Rebalancing-record-ex212-new-trade-esma-emir-refit-commodity-swap.xml,Fail_MappedNone,trade.tradeHeader.partyTradeInformation(0).relatedParty(0).role,trade.tradeHeader.partyTradeInformation.relatedParty.role,0,,Element with value RebalancingProvider could not be mapped to a rosettaField
cdm-sample-files/events/New-Trade-Portfolio-Rebalancing-record-ex212-new-trade-esma-emir-refit-commodity-swap.xml,Fail_MappedNone,party(1)[id=partyB].organizationType(1)[organizationTypeScheme=http://www.fpml.org/coding-scheme/cftc-organization-type],party[id=partyB].organizationType[organizationTypeScheme=http://www.fpml.org/coding-scheme/cftc-organization-type],0,,Element with value CharteredPursuantToFederalLaw could not be mapped to a rosettaField
cdm-sample-files/events/New-Trade-Portfolio-Rebalancing-record-ex212-new-trade-esma-emir-refit-commodity-swap.xml,Fail_MappedNone,trade.tradeHeader.partyTradeInformation(1).reportingRegime(3).entityClassification[entityClassificationScheme=http://www.fpml.org/coding-scheme/cftc-entity-classification],trade.tradeHeader.partyTradeInformation.reportingRegime.entityClassification[entityClassificationScheme=http://www.fpml.org/coding-scheme/cftc-entity-classification],0,,Element with value SBSD could not be mapped to a rosettaField
cdm-sample-files/events/New-Trade-Portfolio-Rebalancing-record-ex212-new-trade-esma-emir-refit-commodity-swap.xml,Fail_MappedNone,trade.tradeHeader.partyTradeInformation(1).reportingRegime(0).exceedsClearingThreshold,trade.tradeHeader.partyTradeInformation.reportingRegime.exceedsClearingThreshold,0,,Element with value true could not be mapped to a rosettaField
cdm-sample-files/events/New-Trade-Portfolio-Rebalancing-record-ex212-new-trade-esma-emir-refit-commodity-swap.xml,Fail_MappedNone,trade.tradeHeader.partyTradeInformation(1).reportingRegime(2).supervisorRegistration.supervisoryBody,trade.tradeHeader.partyTradeInformation.reportingRegime.supervisorRegistration.supervisoryBody,0,,Element with value JFSA could not be mapped to a rosettaField
cdm-sample-files/events/New-Trade-Portfolio-Rebalancing-record-ex212-new-trade-esma-emir-refit-commodity-swap.xml,Fail_MappedNone,trade.tradeHeader.partyTradeInformation(0).reportingRegime(1).reportingPurpose,trade.tradeHeader.partyTradeInformation.reportingRegime.reportingPurpose,0,,Element with value PrimaryEconomicTerms could not be mapped to a rosettaField
cdm-sample-files/events/New-Trade-Portfolio-Rebalancing-record-ex212-new-trade-esma-emir-refit-commodity-swap.xml,Fail_MappedNone,trade.tradeHeader.partyTradeInformation(0).reportingRegime(3).name,trade.tradeHeader.partyTradeInformation.reportingRegime.name,0,,Element with value CSA could not be mapped to a rosettaField
cdm-sample-files/events/New-Trade-Portfolio-Rebalancing-record-ex212-new-trade-esma-emir-refit-commodity-swap.xml,Fail_MappedNone,trade.commoditySwap.floatingLeg.quantityReference[href=deliveryQuantity].href,trade.commoditySwap.floatingLeg.quantityReference[href=deliveryQuantity].href,0,,Element with value deliveryQuantity could not be mapped to a rosettaField
cdm-sample-files/events/New-Trade-Portfolio-Rebalancing-record-ex212-new-trade-esma-emir-refit-commodity-swap.xml,Fail_MappedNone,party(1)[id=partyB].classification(1)[industryClassificationScheme=http://www.fpml.org/coding-scheme/hkma-rewrite-regulatory-corporate-sector],party[id=partyB].classification[industryClassificationScheme=http://www.fpml.org/coding-scheme/hkma-rewrite-regulatory-corporate-sector],0,,Element with value ORPI could not be mapped to a rosettaField
cdm-sample-files/events/New-Trade-Portfolio-Rebalancing-record-ex212-new-trade-esma-emir-refit-commodity-swap.xml,Fail_MappedNone,trade.tradeHeader.partyTradeInformation(1).reportingRegime(3).reportingRole,trade.tradeHeader.partyTradeInformation.reportingRegime.reportingRole,0,,Element with value ReportingParty could not be mapped to a rosettaField
cdm-sample-files/events/New-Trade-Portfolio-Rebalancing-record-ex212-new-trade-esma-emir-refit-commodity-swap.xml,Fail_MappedNone,trade.tradeHeader.partyTradeInformation(0).reportingRegime(3).mandatorilyClearable,trade.tradeHeader.partyTradeInformation.reportingRegime.mandatorilyClearable,0,,Element with value false could not be mapped to a rosettaField
cdm-sample-files/events/New-Trade-Portfolio-Rebalancing-record-ex212-new-trade-esma-emir-refit-commodity-swap.xml,Fail_MappedNone,party(1)[id=partyB].organizationType(0)[organizationTypeScheme=http://www.fpml.org/coding-scheme/organization-type],party[id=partyB].organizationType[organizationTypeScheme=http://www.fpml.org/coding-scheme/organization-type],0,,Element with value SD could not be mapped to a rosettaField
cdm-sample-files/events/New-Trade-Portfolio-Rebalancing-record-ex212-new-trade-esma-emir-refit-commodity-swap.xml,Fail_MappedNone,trade.tradeHeader.partyTradeInformation(1).reportingRegime(1).name,trade.tradeHeader.partyTradeInformation.reportingRegime.name,0,,Element with value UKEMIR could not be mapped to a rosettaField
cdm-sample-files/events/New-Trade-Portfolio-Rebalancing-record-ex212-new-trade-esma-emir-refit-commodity-swap.xml,Fail_MappedNone,party(0)[id=partyA].classification(0)[industryClassificationScheme=http://www.fpml.org/coding-scheme/esma-emir-refit-regulatory-corporate-sector].industryClassificationScheme,party[id=partyA].classification[industryClassificationScheme=http://www.fpml.org/coding-scheme/esma-emir-refit-regulatory-corporate-sector].industryClassificationScheme,0,,Element with value http://www.fpml.org/coding-scheme/esma-emir-refit-regulatory-corporate-sector could not be mapped to a rosettaField
cdm-sample-files/events/New-Trade-Portfolio-Rebalancing-record-ex212-new-trade-esma-emir-refit-commodity-swap.xml,Fail_MappedNone,trade.commoditySwap.oilPhysicalLeg.deliveryPeriods.periodsSchedule[id=deliveryPeriods].balanceOfFirstPeriod,trade.commoditySwap.oilPhysicalLeg.deliveryPeriods.periodsSchedule[id=deliveryPeriods].balanceOfFirstPeriod,0,,Element with value false could not be mapped to a rosettaField
cdm-sample-files/events/New-Trade-Portfolio-Rebalancing-record-ex212-new-trade-esma-emir-refit-commodity-swap.xml,Fail_MappedNone,trade.tradeHeader.partyTradeInformation(1).reportingRegime(1).mandatorilyClearable,trade.tradeHeader.partyTradeInformation.reportingRegime.mandatorilyClearable,0,,Element with value false could not be mapped to a rosettaField
cdm-sample-files/events/New-Trade-Portfolio-Rebalancing-record-ex212-new-trade-esma-emir-refit-commodity-swap.xml,Fail_MappedNone,trade.tradeHeader.partyTradeInformation(0).reportingRegime(1).entityClassification[entityClassificationScheme=http://www.fpml.org/coding-scheme/esma-entity-classification].entityClassificationScheme,trade.tradeHeader.partyTradeInformation.reportingRegime.entityClassification[entityClassificationScheme=http://www.fpml.org/coding-scheme/esma-entity-classification].entityClassificationScheme,0,,Element with value http://www.fpml.org/coding-scheme/esma-entity-classification could not be mapped to a rosettaField
cdm-sample-files/events/New-Trade-Portfolio-Rebalancing-record-ex212-new-trade-esma-emir-refit-commodity-swap.xml,Fail_MappedNone,party(0)[id=partyA].classification(0)[industryClassificationScheme=http://www.fpml.org/coding-scheme/esma-emir-refit-regulatory-corporate-sector],party[id=partyA].classification[industryClassificationScheme=http://www.fpml.org/coding-scheme/esma-emir-refit-regulatory-corporate-sector],0,,Element with value INVF could not be mapped to a rosettaField
cdm-sample-files/events/New-Trade-Portfolio-Rebalancing-record-ex212-new-trade-esma-emir-refit-commodity-swap.xml,Fail_MappedNone,party(1)[id=partyB].organizationType(0)[organizationTypeScheme=http://www.fpml.org/coding-scheme/organization-type].organizationTypeScheme,party[id=partyB].organizationType[organizationTypeScheme=http://www.fpml.org/coding-scheme/organization-type].organizationTypeScheme,0,,Element with value http://www.fpml.org/coding-scheme/organization-type could not be mapped to a rosettaField
cdm-sample-files/events/New-Trade-Portfolio-Rebalancing-record-ex212-new-trade-esma-emir-refit-commodity-swap.xml,Fail_MappedMultiple,party(0)[id=partyA].partyId[partyIdScheme=http://www.fpml.org/coding-scheme/external/iso17442].partyIdScheme,party[id=partyA].partyId[partyIdScheme=http://www.fpml.org/coding-scheme/external/iso17442].partyIdScheme,2,ReportableEvent.originatingWorkflowStep.proposedEvent.instruction(0).before.value.trade.party(0).partyId(0).identifierType=[LEI] ReportableEvent.originatingWorkflowStep.proposedEvent.instruction(0).before.value.trade.party(0).partyId(0).identifier.meta.scheme=[http://www.fpml.org/coding-scheme/external/iso17442],Element mapped to multiple rosettaFields
cdm-sample-files/events/New-Trade-Portfolio-Rebalancing-record-ex212-new-trade-esma-emir-refit-commodity-swap.xml,Fail_MappedNone,trade.tradeHeader.partyTradeInformation(0).reportingRegime(1).reportingRole,trade.tradeHeader.partyTradeInformation.reportingRegime.reportingRole,0,,Element with value ReportingParty could not be mapped to a rosettaField
cdm-sample-files/events/New-Trade-Portfolio-Rebalancing-record-ex212-new-trade-esma-emir-refit-commodity-swap.xml,Fail_MappedNone,trade.commoditySwap.oilPhysicalLeg.deliveryQuantity.totalPhysicalQuantity.quantityUnit,trade.commoditySwap.oilPhysicalLeg.deliveryQuantity.totalPhysicalQuantity.quantityUnit,0,,Element with value BBL could not be mapped to a rosettaField
cdm-sample-files/events/New-Trade-Portfolio-Rebalancing-record-ex212-new-trade-esma-emir-refit-commodity-swap.xml,Fail_MappedNone,trade.tradeHeader.partyTradeInformation(0).reportingRegime(0).name,trade.tradeHeader.partyTradeInformation.reportingRegime.name,0,,Element with value EMIR could not be mapped to a rosettaField
cdm-sample-files/events/New-Trade-Portfolio-Rebalancing-record-ex212-new-trade-esma-emir-refit-commodity-swap.xml,Fail_MappedNone,trade.tradeHeader.partyTradeInformation(1).reportingRegime(0).entityClassification[entityClassificationScheme=http://www.fpml.org/coding-scheme/esma-entity-classification],trade.tradeHeader.partyTradeInformation.reportingRegime.entityClassification[entityClassificationScheme=http://www.fpml.org/coding-scheme/esma-entity-classification],0,,Element with value Financial could not be mapped to a rosettaField
cdm-sample-files/events/New-Trade-Portfolio-Rebalancing-record-ex212-new-trade-esma-emir-refit-commodity-swap.xml,Fail_MappedNone,trade.commoditySwap.oilPhysicalLeg.deliveryPeriods.periodsSchedule[id=deliveryPeriods].periodMultiplier,trade.commoditySwap.oilPhysicalLeg.deliveryPeriods.periodsSchedule[id=deliveryPeriods].periodMultiplier,0,,Element with value 1 could not be mapped to a rosettaField
cdm-sample-files/events/New-Trade-Portfolio-Rebalancing-record-ex212-new-trade-esma-emir-refit-commodity-swap.xml,Fail_MappedNone,trade.tradeHeader.partyTradeInformation(0).reportingRegime(0).reportingPurpose,trade.tradeHeader.partyTradeInformation.reportingRegime.reportingPurpose,0,,Element with value PrimaryEconomicTerms could not be mapped to a rosettaField
cdm-sample-files/events/New-Trade-Portfolio-Rebalancing-record-ex212-new-trade-esma-emir-refit-commodity-swap.xml,Fail_MappedNone,trade.tradeHeader.partyTradeInformation(0).reportingRegime(4).name,trade.tradeHeader.partyTradeInformation.reportingRegime.name,0,,Element with value HKTR could not be mapped to a rosettaField
cdm-sample-files/events/New-Trade-Portfolio-Rebalancing-record-ex212-new-trade-esma-emir-refit-commodity-swap.xml,Fail_MappedNone,trade.commoditySwap.oilPhysicalLeg.deliveryConditions.pipeline.pipelineName[pipelineScheme=http://www.PartyA.com/pipeline-scheme-1-0],trade.commoditySwap.oilPhysicalLeg.deliveryConditions.pipeline.pipelineName[pipelineScheme=http://www.PartyA.com/pipeline-scheme-1-0],0,,Element with value TeppcoSeawayCrude could not be mapped to a rosettaField
cdm-sample-files/events/New-Trade-Portfolio-Rebalancing-record-ex212-new-trade-esma-emir-refit-commodity-swap.xml,Fail_MappedNone,trade.tradeHeader.partyTradeInformation(1).reportingRegime(4).entityClassification,trade.tradeHeader.partyTradeInformation.reportingRegime.entityClassification,0,,Element with value Financial could not be mapped to a rosettaField
cdm-sample-files/events/New-Trade-Portfolio-Rebalancing-record-ex212-new-trade-esma-emir-refit-commodity-swap.xml,Fail_MappedNone,trade.commoditySwap.oilPhysicalLeg.deliveryConditions.pipeline.deliverableByBarge,trade.commoditySwap.oilPhysicalLeg.deliveryConditions.pipeline.deliverableByBarge,0,,Element with value false could not be mapped to a rosettaField
cdm-sample-files/events/New-Trade-Portfolio-Rebalancing-record-ex212-new-trade-esma-emir-refit-commodity-swap.xml,Success,trade.commoditySwap.oilPhysicalLeg.commodityClassification(1).code(1)[commodityClassificationScheme=http://www.fpml.org/coding-scheme/esma-emir-refit-layer-2-commodity-classification],trade.commoditySwap.oilPhysicalLeg.commodityClassification.code[commodityClassificationScheme=http://www.fpml.org/coding-scheme/esma-emir-refit-layer-2-commodity-classification],1,"ReportableEvent.originatingWorkflowStep.proposedEvent.instruction(0).before.value.trade.tradeLot(0).priceQuantity(1).observable.value.Asset.Commodity.taxonomy(1).value.classification(1).value=[Energy, NRGY, OILP, Oil, OilWTI, WTIO]",had no destination
cdm-sample-files/events/New-Trade-Portfolio-Rebalancing-record-ex212-new-trade-esma-emir-refit-commodity-swap.xml,Fail_MappedNone,trade.tradeHeader.partyTradeInformation(0).reportingRegime(0).entityClassification[entityClassificationScheme=http://www.fpml.org/coding-scheme/esma-entity-classification].entityClassificationScheme,trade.tradeHeader.partyTradeInformation.reportingRegime.entityClassification[entityClassificationScheme=http://www.fpml.org/coding-scheme/esma-entity-classification].entityClassificationScheme,0,,Element with value http://www.fpml.org/coding-scheme/esma-entity-classification could not be mapped to a rosettaField
cdm-sample-files/events/New-Trade-Portfolio-Rebalancing-record-ex212-new-trade-esma-emir-refit-commodity-swap.xml,Fail_MappedNone,party(0)[id=partyA].organizationType(0)[organizationTypeScheme=http://www.fpml.org/coding-scheme/organization-type].organizationTypeScheme,party[id=partyA].organizationType[organizationTypeScheme=http://www.fpml.org/coding-scheme/organization-type].organizationTypeScheme,0,,Element with value http://www.fpml.org/coding-scheme/organization-type could not be mapped to a rosettaField
cdm-sample-files/events/New-Trade-Portfolio-Rebalancing-record-ex212-new-trade-esma-emir-refit-commodity-swap.xml,Fail_MappedMultiple,party(1)[id=partyB].partyId[partyIdScheme=http://www.fpml.org/coding-scheme/external/iso17442].partyIdScheme,party[id=partyB].partyId[partyIdScheme=http://www.fpml.org/coding-scheme/external/iso17442].partyIdScheme,2,ReportableEvent.originatingWorkflowStep.proposedEvent.instruction(0).before.value.trade.party(1).partyId(0).identifier.meta.scheme=[http://www.fpml.org/coding-scheme/external/iso17442] ReportableEvent.originatingWorkflowStep.proposedEvent.instruction(0).before.value.trade.party(1).partyId(0).identifierType=[LEI],Element mapped to multiple rosettaFields
cdm-sample-files/events/New-Trade-Portfolio-Rebalancing-record-ex212-new-trade-esma-emir-refit-commodity-swap.xml,Fail_MappedNone,trade.tradeHeader.partyTradeInformation(1).reportingRegime(2).reportingRole,trade.tradeHeader.partyTradeInformation.reportingRegime.reportingRole,0,,Element with value ReportingParty could not be mapped to a rosettaField
cdm-sample-files/events/New-Trade-Portfolio-Rebalancing-record-ex212-new-trade-esma-emir-refit-commodity-swap.xml,Fail_MappedNone,trade.tradeHeader.partyTradeInformation(0).reportingRegime(3).supervisorRegistration.supervisoryBody,trade.tradeHeader.partyTradeInformation.reportingRegime.supervisorRegistration.supervisoryBody,0,,Element with value CA.AB.ASC could not be mapped to a rosettaField
cdm-sample-files/events/New-Trade-Portfolio-Rebalancing-record-ex212-new-trade-esma-emir-refit-commodity-swap.xml,Fail_MappedNone,trade.tradeHeader.partyTradeInformation(0).reportingRegime(3).entityClassification[entityClassificationScheme=http://www.fpml.org/coding-scheme/cftc-entity-classification].entityClassificationScheme,trade.tradeHeader.partyTradeInformation.reportingRegime.entityClassification[entityClassificationScheme=http://www.fpml.org/coding-scheme/cftc-entity-classification].entityClassificationScheme,0,,Element with value http://www.fpml.org/coding-scheme/cftc-entity-classification could not be mapped to a rosettaField
cdm-sample-files/events/New-Trade-Portfolio-Rebalancing-record-ex212-new-trade-esma-emir-refit-commodity-swap.xml,Fail_MappedNone,trade.tradeHeader.partyTradeInformation(0).reportingRegime(1).exceedsClearingThreshold,trade.tradeHeader.partyTradeInformation.reportingRegime.exceedsClearingThreshold,0,,Element with value true could not be mapped to a rosettaField
cdm-sample-files/events/New-Trade-Portfolio-Rebalancing-record-ex212-new-trade-esma-emir-refit-commodity-swap.xml,Fail_MappedNone,trade.commoditySwap.oilPhysicalLeg.deliveryPeriods.periodsSchedule[id=deliveryPeriods].id,trade.commoditySwap.oilPhysicalLeg.deliveryPeriods.periodsSchedule[id=deliveryPeriods].id,0,,Element with value deliveryPeriods could not be mapped to a rosettaField
cdm-sample-files/events/New-Trade-Portfolio-Rebalancing-record-ex212-new-trade-esma-emir-refit-commodity-swap.xml,Fail_MappedNone,trade.tradeHeader.partyTradeInformation(1).reportingRegime(1).supervisorRegistration.supervisoryBody,trade.tradeHeader.partyTradeInformation.reportingRegime.supervisorRegistration.supervisoryBody,0,,Element with value FCA could not be mapped to a rosettaField
cdm-sample-files/events/New-Trade-Portfolio-Rebalancing-record-ex212-new-trade-esma-emir-refit-commodity-swap.xml,Fail_MappedNone,trade.tradeHeader.partyTradeInformation(1).reportingRegime(2).name,trade.tradeHeader.partyTradeInformation.reportingRegime.name,0,,Element with value JFSA could not be mapped to a rosettaField
cdm-sample-files/events/New-Trade-Portfolio-Rebalancing-record-ex212-new-trade-esma-emir-refit-commodity-swap.xml,Fail_MappedNone,trade.tradeHeader.partyTradeInformation(1).reportingRegime(1).reportingPurpose,trade.tradeHeader.partyTradeInformation.reportingRegime.reportingPurpose,0,,Element with value PrimaryEconomicTerms could not be mapped to a rosettaField
cdm-sample-files/events/New-Trade-Portfolio-Rebalancing-record-ex212-new-trade-esma-emir-refit-commodity-swap.xml,Fail_MappedNone,trade.tradeHeader.partyTradeInformation(0).reportingRegime(3).entityClassification[entityClassificationScheme=http://www.fpml.org/coding-scheme/cftc-entity-classification],trade.tradeHeader.partyTradeInformation.reportingRegime.entityClassification[entityClassificationScheme=http://www.fpml.org/coding-scheme/cftc-entity-classification],0,,Element with value SBSD could not be mapped to a rosettaField
cdm-sample-files/events/New-Trade-Portfolio-Rebalancing-record-ex212-new-trade-esma-emir-refit-commodity-swap.xml,Fail_MappedNone,sequenceNumber,sequenceNumber,0,,Element with value 1 could not be mapped to a rosettaField
cdm-sample-files/events/New-Trade-Portfolio-Rebalancing-record-ex212-new-trade-esma-emir-refit-commodity-swap.xml,Fail_MappedNone,correlationId[correlationIdScheme=http://www.xxx.com/coding-scheme/correlation-id],correlationId[correlationIdScheme=http://www.xxx.com/coding-scheme/correlation-id],0,,Element with value COMMODITYFPMLORGTRADEID could not be mapped to a rosettaField
cdm-sample-files/events/New-Trade-Portfolio-Rebalancing-record-ex212-new-trade-esma-emir-refit-commodity-swap.xml,Fail_MappedNone,trade.tradeHeader.partyTradeInformation(1).reportingRegime(4).supervisorRegistration.supervisoryBody,trade.tradeHeader.partyTradeInformation.reportingRegime.supervisorRegistration.supervisoryBody,0,,Element with value HKMA could not be mapped to a rosettaField
cdm-sample-files/events/New-Trade-Portfolio-Rebalancing-record-ex212-new-trade-esma-emir-refit-commodity-swap.xml,Fail_MappedNone,trade.tradeHeader.partyTradeInformation(0).reportingRegime(4).reportingRole,trade.tradeHeader.partyTradeInformation.reportingRegime.reportingRole,0,,Element with value ReportingParty could not be mapped to a rosettaField
cdm-sample-files/events/New-Trade-Portfolio-Rebalancing-record-ex212-new-trade-esma-emir-refit-commodity-swap.xml,Success,trade.commoditySwap.oilPhysicalLeg.commodityClassification(1).code(0)[commodityClassificationScheme=http://www.fpml.org/coding-scheme/esma-emir-refit-layer-1-commodity-classification],trade.commoditySwap.oilPhysicalLeg.commodityClassification.code[commodityClassificationScheme=http://www.fpml.org/coding-scheme/esma-emir-refit-layer-1-commodity-classification],1,"ReportableEvent.originatingWorkflowStep.proposedEvent.instruction(0).before.value.trade.tradeLot(0).priceQuantity(1).observable.value.Asset.Commodity.taxonomy(1).value.classification(0).value=[Energy, NRGY, OILP, Oil, OilWTI, WTIO]",had no destination
cdm-sample-files/events/New-Trade-Portfolio-Rebalancing-record-ex212-new-trade-esma-emir-refit-commodity-swap.xml,Fail_MappedNone,trade.commoditySwap.oilPhysicalLeg.deliveryQuantity.physicalQuantity[id=deliveryQuantity].quantityUnit,trade.commoditySwap.oilPhysicalLeg.deliveryQuantity.physicalQuantity[id=deliveryQuantity].quantityUnit,0,,Element with value BBL could not be mapped to a rosettaField
cdm-sample-files/events/New-Trade-Portfolio-Rebalancing-record-ex212-new-trade-esma-emir-refit-commodity-swap.xml,Fail_MappedNone,trade.tradeHeader.partyTradeInformation(1).reportingRegime(0).mandatorilyClearable,trade.tradeHeader.partyTradeInformation.reportingRegime.mandatorilyClearable,0,,Element with value false could not be mapped to a rosettaField
cdm-sample-files/events/New-Trade-Portfolio-Rebalancing-record-ex212-new-trade-esma-emir-refit-commodity-swap.xml,Fail_MappedNone,party(0)[id=partyA].classification(1)[industryClassificationScheme=http://www.fpml.org/coding-scheme/hkma-rewrite-regulatory-corporate-sector].industryClassificationScheme,party[id=partyA].classification[industryClassificationScheme=http://www.fpml.org/coding-scheme/hkma-rewrite-regulatory-corporate-sector].industryClassificationScheme,0,,Element with value http://www.fpml.org/coding-scheme/hkma-rewrite-regulatory-corporate-sector could not be mapped to a rosettaField
cdm-sample-files/events/New-Trade-Portfolio-Rebalancing-record-ex212-new-trade-esma-emir-refit-commodity-swap.xml,Fail_MappedNone,trade.tradeHeader.partyTradeInformation(0).reportingRegime(0).supervisorRegistration.supervisoryBody,trade.tradeHeader.partyTradeInformation.reportingRegime.supervisorRegistration.supervisoryBody,0,,Element with value ESMA could not be mapped to a rosettaField
cdm-sample-files/events/New-Trade-Portfolio-Rebalancing-record-ex212-new-trade-esma-emir-refit-commodity-swap.xml,Fail_MappedNone,party(1)[id=partyB].classification(0)[industryClassificationScheme=http://www.fpml.org/coding-scheme/esma-emir-refit-regulatory-corporate-sector],party[id=partyB].classification[industryClassificationScheme=http://www.fpml.org/coding-scheme/esma-emir-refit-regulatory-corporate-sector],0,,Element with value ORPI could not be mapped to a rosettaField
cdm-sample-files/events/New-Trade-Portfolio-Rebalancing-record-ex212-new-trade-esma-emir-refit-commodity-swap.xml,Fail_MappedNone,trade.commoditySwap.oilPhysicalLeg.deliveryQuantity.physicalQuantity[id=deliveryQuantity].id,trade.commoditySwap.oilPhysicalLeg.deliveryQuantity.physicalQuantity[id=deliveryQuantity].id,0,,Element with value deliveryQuantity could not be mapped to a rosettaField
cdm-sample-files/events/New-Trade-Portfolio-Rebalancing-record-ex212-new-trade-esma-emir-refit-commodity-swap.xml,Fail_MappedNone,trade.commoditySwap.oilPhysicalLeg.deliveryConditions.pipeline.withdrawalPoint[deliveryPointScheme=http://www.PartyA.com/delivery-point-scheme-oil-1-0].deliveryPointScheme,trade.commoditySwap.oilPhysicalLeg.deliveryConditions.pipeline.withdrawalPoint[deliveryPointScheme=http://www.PartyA.com/delivery-point-scheme-oil-1-0].deliveryPointScheme,0,,Element with value http://www.PartyA.com/delivery-point-scheme-oil-1-0 could not be mapped to a rosettaField
cdm-sample-files/events/New-Trade-Portfolio-Rebalancing-record-ex212-new-trade-esma-emir-refit-commodity-swap.xml,Fail_MappedNone,trade.tradeHeader.partyTradeInformation(1).reportingRegime(4).mandatorilyClearable,trade.tradeHeader.partyTradeInformation.reportingRegime.mandatorilyClearable,0,,Element with value false could not be mapped to a rosettaField
cdm-sample-files/events/New-Trade-Portfolio-Rebalancing-record-ex212-new-trade-esma-emir-refit-commodity-swap.xml,Fail_MappedNone,trade.tradeHeader.partyTradeInformation(0).reportingRegime(0).reportingRole,trade.tradeHeader.partyTradeInformation.reportingRegime.reportingRole,0,,Element with value ReportingParty could not be mapped to a rosettaField
cdm-sample-files/events/New-Trade-Portfolio-Rebalancing-record-ex212-new-trade-esma-emir-refit-commodity-swap.xml,Fail_MappedNone,party(1)[id=partyB].organizationType(1)[organizationTypeScheme=http://www.fpml.org/coding-scheme/cftc-organization-type].organizationTypeScheme,party[id=partyB].organizationType[organizationTypeScheme=http://www.fpml.org/coding-scheme/cftc-organization-type].organizationTypeScheme,0,,Element with value http://www.fpml.org/coding-scheme/cftc-organization-type could not be mapped to a rosettaField
cdm-sample-files/events/Trade-Allocation.xml,Fail_MappedNone,trade.tradeHeader.partyTradeInformation(0).reportingRegime(2).supervisorRegistration.supervisoryBody,trade.tradeHeader.partyTradeInformation.reportingRegime.supervisorRegistration.supervisoryBody,0,,Element with value JFSA could not be mapped to a rosettaField
cdm-sample-files/events/Trade-Allocation.xml,Fail_MappedNone,trade.tradeHeader.partyTradeInformation(1).reportingRegime(1).entityClassification[entityClassificationScheme=http://www.fpml.org/coding-scheme/esma-entity-classification],trade.tradeHeader.partyTradeInformation.reportingRegime.entityClassification[entityClassificationScheme=http://www.fpml.org/coding-scheme/esma-entity-classification],0,,Element with value Financial could not be mapped to a rosettaField
cdm-sample-files/events/Trade-Allocation.xml,Fail_MappedNone,correlationId[correlationIdScheme=http://fpml.org/submitter_trade_id].correlationIdScheme,correlationId[correlationIdScheme=http://fpml.org/submitter_trade_id].correlationIdScheme,0,,Element with value http://fpml.org/submitter_trade_id could not be mapped to a rosettaField
cdm-sample-files/events/Trade-Allocation.xml,Fail_MappedNone,trade.tradeHeader.partyTradeInformation(1).reportingRegime(0).reportingPurpose,trade.tradeHeader.partyTradeInformation.reportingRegime.reportingPurpose,0,,Element with value PrimaryEconomicTerms could not be mapped to a rosettaField
cdm-sample-files/events/Trade-Allocation.xml,Fail_MappedNone,party(1)[id=party2].classification(0)[industryClassificationScheme=http://www.fpml.org/coding-scheme/esma-emir-refit-regulatory-corporate-sector].industryClassificationScheme,party[id=party2].classification[industryClassificationScheme=http://www.fpml.org/coding-scheme/esma-emir-refit-regulatory-corporate-sector].industryClassificationScheme,0,,Element with value http://www.fpml.org/coding-scheme/esma-emir-refit-regulatory-corporate-sector could not be mapped to a rosettaField
cdm-sample-files/events/Trade-Allocation.xml,Fail_MappedNone,trade.tradeHeader.partyTradeInformation(0).offMarketPrice,trade.tradeHeader.partyTradeInformation.offMarketPrice,0,,Element with value false could not be mapped to a rosettaField
cdm-sample-files/events/Trade-Allocation.xml,Fail_MappedNone,trade.tradeHeader.partyTradeInformation(0).reportingRegime(0).exceedsClearingThreshold,trade.tradeHeader.partyTradeInformation.reportingRegime.exceedsClearingThreshold,0,,Element with value true could not be mapped to a rosettaField
cdm-sample-files/events/Trade-Allocation.xml,Fail_MappedNone,trade.tradeHeader.partyTradeInformation(1).reportingRegime(1).entityClassification[entityClassificationScheme=http://www.fpml.org/coding-scheme/esma-entity-classification].entityClassificationScheme,trade.tradeHeader.partyTradeInformation.reportingRegime.entityClassification[entityClassificationScheme=http://www.fpml.org/coding-scheme/esma-entity-classification].entityClassificationScheme,0,,Element with value http://www.fpml.org/coding-scheme/esma-entity-classification could not be mapped to a rosettaField
cdm-sample-files/events/Trade-Allocation.xml,Fail_MappedNone,trade.tradeHeader.partyTradeInformation(0).reportingRegime(0).entityClassification[entityClassificationScheme=http://www.fpml.org/coding-scheme/esma-entity-classification],trade.tradeHeader.partyTradeInformation.reportingRegime.entityClassification[entityClassificationScheme=http://www.fpml.org/coding-scheme/esma-entity-classification],0,,Element with value Financial could not be mapped to a rosettaField
cdm-sample-files/events/Trade-Allocation.xml,Fail_MappedNone,trade.tradeHeader.partyTradeInformation(0).relatedBusinessUnit.role,trade.tradeHeader.partyTradeInformation.relatedBusinessUnit.role,0,,Element with value TradingDesk could not be mapped to a rosettaField
cdm-sample-files/events/Trade-Allocation.xml,Fail_MappedNone,trade.tradeHeader.partyTradeIdentifier.blockTradeId.issuer[issuerIdScheme=http://www.fpml.org/coding-scheme/external/cftc/issuer-identifier],trade.tradeHeader.partyTradeIdentifier.blockTradeId.issuer[issuerIdScheme=http://www.fpml.org/coding-scheme/external/cftc/issuer-identifier],0,,Element with value 1031234567 could not be mapped to a rosettaField
cdm-sample-files/events/Trade-Allocation.xml,Fail_MappedNone,trade.tradeHeader.partyTradeInformation(0).reportingRegime(3).reportingRole,trade.tradeHeader.partyTradeInformation.reportingRegime.reportingRole,0,,Element with value ReportingParty could not be mapped to a rosettaField
cdm-sample-files/events/Trade-Allocation.xml,Fail_MappedNone,trade.tradeHeader.partyTradeInformation(1).reportingRegime(1).exceedsClearingThreshold,trade.tradeHeader.partyTradeInformation.reportingRegime.exceedsClearingThreshold,0,,Element with value true could not be mapped to a rosettaField
cdm-sample-files/events/Trade-Allocation.xml,Fail_MappedNone,trade.tradeHeader.partyTradeInformation(1).reportingRegime(0).entityClassification[entityClassificationScheme=http://www.fpml.org/coding-scheme/esma-entity-classification].entityClassificationScheme,trade.tradeHeader.partyTradeInformation.reportingRegime.entityClassification[entityClassificationScheme=http://www.fpml.org/coding-scheme/esma-entity-classification].entityClassificationScheme,0,,Element with value http://www.fpml.org/coding-scheme/esma-entity-classification could not be mapped to a rosettaField
cdm-sample-files/events/Trade-Allocation.xml,Fail_MappedNone,trade.tradeHeader.partyTradeIdentifier.blockTradeId.tradeId[tradeIdScheme=http://www.fpml.org/coding-scheme/external/unique-transaction-identifier],trade.tradeHeader.partyTradeIdentifier.blockTradeId.tradeId[tradeIdScheme=http://www.fpml.org/coding-scheme/external/unique-transaction-identifier],0,,Element with value 712345678901234567890123456789012 could not be mapped to a rosettaField
cdm-sample-files/events/Trade-Allocation.xml,Fail_MappedNone,trade.tradeHeader.partyTradeInformation(1).reportingRegime(3).supervisorRegistration.supervisoryBody,trade.tradeHeader.partyTradeInformation.reportingRegime.supervisorRegistration.supervisoryBody,0,,Element with value CA.AB.ASC could not be mapped to a rosettaField
cdm-sample-files/events/Trade-Allocation.xml,Fail_MappedNone,party(1)[id=party2].classification(1)[industryClassificationScheme=http://www.fpml.org/coding-scheme/hkma-rewrite-regulatory-corporate-sector].industryClassificationScheme,party[id=party2].classification[industryClassificationScheme=http://www.fpml.org/coding-scheme/hkma-rewrite-regulatory-corporate-sector].industryClassificationScheme,0,,Element with value http://www.fpml.org/coding-scheme/hkma-rewrite-regulatory-corporate-sector could not be mapped to a rosettaField
cdm-sample-files/events/Trade-Allocation.xml,Fail_MappedNone,trade.tradeHeader.partyTradeInformation(1).reportingRegime(4).reportingRole,trade.tradeHeader.partyTradeInformation.reportingRegime.reportingRole,0,,Element with value ReportingParty could not be mapped to a rosettaField
cdm-sample-files/events/Trade-Allocation.xml,Fail_MappedNone,trade.tradeHeader.partyTradeInformation(0).reportingRegime(4).mandatorilyClearable,trade.tradeHeader.partyTradeInformation.reportingRegime.mandatorilyClearable,0,,Element with value false could not be mapped to a rosettaField
cdm-sample-files/events/Trade-Allocation.xml,Fail_MappedNone,trade.tradeHeader.partyTradeInformation(0).reportingRegime(1).supervisorRegistration.supervisoryBody,trade.tradeHeader.partyTradeInformation.reportingRegime.supervisorRegistration.supervisoryBody,0,,Element with value FCA could not be mapped to a rosettaField
cdm-sample-files/events/Trade-Allocation.xml,Fail_MappedNone,party(0)[id=party1].organizationType,party[id=party1].organizationType,0,,Element with value SD could not be mapped to a rosettaField
cdm-sample-files/events/Trade-Allocation.xml,Fail_MappedNone,trade.tradeHeader.partyTradeInformation(0).reportingRegime(1).entityClassification[entityClassificationScheme=http://www.fpml.org/coding-scheme/esma-entity-classification],trade.tradeHeader.partyTradeInformation.reportingRegime.entityClassification[entityClassificationScheme=http://www.fpml.org/coding-scheme/esma-entity-classification],0,,Element with value Financial could not be mapped to a rosettaField
cdm-sample-files/events/Trade-Allocation.xml,Fail_MappedNone,trade.tradeHeader.partyTradeInformation(1).reportingRegime(0).name,trade.tradeHeader.partyTradeInformation.reportingRegime.name,0,,Element with value EMIR could not be mapped to a rosettaField
cdm-sample-files/events/Trade-Allocation.xml,Fail_MappedMultiple,party(2)[id=broker1].partyId[partyIdScheme=http://www.fpml.org/coding-scheme/external/iso17442].partyIdScheme,party[id=broker1].partyId[partyIdScheme=http://www.fpml.org/coding-scheme/external/iso17442].partyIdScheme,2,ReportableEvent.originatingWorkflowStep.proposedEvent.instruction(0).before.value.trade.party(2).partyId(0).identifierType=[LEI] ReportableEvent.originatingWorkflowStep.proposedEvent.instruction(0).before.value.trade.party(2).partyId(0).identifier.meta.scheme=[http://www.fpml.org/coding-scheme/external/iso17442],Element mapped to multiple rosettaFields
cdm-sample-files/events/Trade-Allocation.xml,Fail_MappedNone,trade.tradeHeader.partyTradeInformation(0).reportingRegime(2).reportingRole,trade.tradeHeader.partyTradeInformation.reportingRegime.reportingRole,0,,Element with value ReportingParty could not be mapped to a rosettaField
cdm-sample-files/events/Trade-Allocation.xml,Fail_MappedMultiple,party(3)[id=clearing-svc].partyId[partyIdScheme=http://www.fpml.org/coding-scheme/external/iso17442].partyIdScheme,party[id=clearing-svc].partyId[partyIdScheme=http://www.fpml.org/coding-scheme/external/iso17442].partyIdScheme,2,ReportableEvent.originatingWorkflowStep.proposedEvent.instruction(0).before.value.trade.party(3).partyId(0).identifierType=[LEI] ReportableEvent.originatingWorkflowStep.proposedEvent.instruction(0).before.value.trade.party(3).partyId(0).identifier.meta.scheme=[http://www.fpml.org/coding-scheme/external/iso17442],Element mapped to multiple rosettaFields
cdm-sample-files/events/Trade-Allocation.xml,Fail_MappedNone,trade.tradeHeader.partyTradeInformation(0).reportingRegime(3).mandatorilyClearable,trade.tradeHeader.partyTradeInformation.reportingRegime.mandatorilyClearable,0,,Element with value false could not be mapped to a rosettaField
cdm-sample-files/events/Trade-Allocation.xml,Fail_MappedNone,party(1)[id=party2].organizationType,party[id=party2].organizationType,0,,Element with value SD could not be mapped to a rosettaField
cdm-sample-files/events/Trade-Allocation.xml,Fail_MappedNone,trade.tradeHeader.partyTradeInformation(1).reportingRegime(1).name,trade.tradeHeader.partyTradeInformation.reportingRegime.name,0,,Element with value UKEMIR could not be mapped to a rosettaField
cdm-sample-files/events/Trade-Allocation.xml,Fail_MappedNone,onBehalfOf.partyReference[href=party1].href,onBehalfOf.partyReference[href=party1].href,0,,Element with value party1 could not be mapped to a rosettaField
cdm-sample-files/events/Trade-Allocation.xml,Fail_MappedNone,party(0)[id=party1].classification(0)[industryClassificationScheme=http://www.fpml.org/coding-scheme/esma-emir-refit-regulatory-corporate-sector].industryClassificationScheme,party[id=party1].classification[industryClassificationScheme=http://www.fpml.org/coding-scheme/esma-emir-refit-regulatory-corporate-sector].industryClassificationScheme,0,,Element with value http://www.fpml.org/coding-scheme/esma-emir-refit-regulatory-corporate-sector could not be mapped to a rosettaField
cdm-sample-files/events/Trade-Allocation.xml,Fail_MappedNone,trade.tradeHeader.partyTradeInformation(0).reportingRegime(1).entityClassification[entityClassificationScheme=http://www.fpml.org/coding-scheme/esma-entity-classification].entityClassificationScheme,trade.tradeHeader.partyTradeInformation.reportingRegime.entityClassification[entityClassificationScheme=http://www.fpml.org/coding-scheme/esma-entity-classification].entityClassificationScheme,0,,Element with value http://www.fpml.org/coding-scheme/esma-entity-classification could not be mapped to a rosettaField
cdm-sample-files/events/Trade-Allocation.xml,Fail_MappedNone,trade.tradeHeader.partyTradeInformation(0).reportingRegime(0).name,trade.tradeHeader.partyTradeInformation.reportingRegime.name,0,,Element with value EMIR could not be mapped to a rosettaField
cdm-sample-files/events/Trade-Allocation.xml,Fail_MappedNone,trade.tradeHeader.partyTradeInformation(1).reportingRegime(0).entityClassification[entityClassificationScheme=http://www.fpml.org/coding-scheme/esma-entity-classification],trade.tradeHeader.partyTradeInformation.reportingRegime.entityClassification[entityClassificationScheme=http://www.fpml.org/coding-scheme/esma-entity-classification],0,,Element with value Financial could not be mapped to a rosettaField
cdm-sample-files/events/Trade-Allocation.xml,Fail_MappedNone,trade.tradeHeader.partyTradeInformation(0).reportingRegime(0).entityClassification[entityClassificationScheme=http://www.fpml.org/coding-scheme/esma-entity-classification].entityClassificationScheme,trade.tradeHeader.partyTradeInformation.reportingRegime.entityClassification[entityClassificationScheme=http://www.fpml.org/coding-scheme/esma-entity-classification].entityClassificationScheme,0,,Element with value http://www.fpml.org/coding-scheme/esma-entity-classification could not be mapped to a rosettaField
cdm-sample-files/events/Trade-Allocation.xml,Fail_MappedNone,trade.tradeHeader.partyTradeInformation(0).reportingRegime(3).supervisorRegistration.supervisoryBody,trade.tradeHeader.partyTradeInformation.reportingRegime.supervisorRegistration.supervisoryBody,0,,Element with value CA.AB.ASC could not be mapped to a rosettaField
cdm-sample-files/events/Trade-Allocation.xml,Fail_MappedNone,trade.tradeHeader.partyTradeInformation(0).executionType,trade.tradeHeader.partyTradeInformation.executionType,0,,Element with value Electronic could not be mapped to a rosettaField
cdm-sample-files/events/Trade-Allocation.xml,Fail_MappedNone,trade.tradeHeader.partyTradeInformation(0).reportingRegime(1).exceedsClearingThreshold,trade.tradeHeader.partyTradeInformation.reportingRegime.exceedsClearingThreshold,0,,Element with value true could not be mapped to a rosettaField
cdm-sample-files/events/Trade-Allocation.xml,Fail_MappedNone,trade.tradeHeader.partyTradeInformation(1).reportingRegime(2).name,trade.tradeHeader.partyTradeInformation.reportingRegime.name,0,,Element with value JFSA could not be mapped to a rosettaField
cdm-sample-files/events/Trade-Allocation.xml,Fail_MappedNone,correlationId[correlationIdScheme=http://fpml.org/submitter_trade_id],correlationId[correlationIdScheme=http://fpml.org/submitter_trade_id],0,,Element with value TW19235 could not be mapped to a rosettaField
cdm-sample-files/events/Trade-Allocation.xml,Fail_MappedNone,trade.tradeHeader.partyTradeInformation(1).reportingRegime(4).supervisorRegistration.supervisoryBody,trade.tradeHeader.partyTradeInformation.reportingRegime.supervisorRegistration.supervisoryBody,0,,Element with value HKMA could not be mapped to a rosettaField
cdm-sample-files/events/Trade-Allocation.xml,Fail_MappedNone,trade.tradeHeader.partyTradeInformation(0).reportingRegime(4).reportingRole,trade.tradeHeader.partyTradeInformation.reportingRegime.reportingRole,0,,Element with value ReportingParty could not be mapped to a rosettaField
cdm-sample-files/events/Trade-Allocation.xml,Fail_MappedNone,trade.tradeHeader.partyTradeInformation(0).relatedBusinessUnit.businessUnitReference[href=desk1].href,trade.tradeHeader.partyTradeInformation.relatedBusinessUnit.businessUnitReference[href=desk1].href,0,,Element with value desk1 could not be mapped to a rosettaField
cdm-sample-files/events/Trade-Allocation.xml,Fail_MappedNone,party(0)[id=party1].classification(1)[industryClassificationScheme=http://www.fpml.org/coding-scheme/hkma-rewrite-regulatory-corporate-sector].industryClassificationScheme,party[id=party1].classification[industryClassificationScheme=http://www.fpml.org/coding-scheme/hkma-rewrite-regulatory-corporate-sector].industryClassificationScheme,0,,Element with value http://www.fpml.org/coding-scheme/hkma-rewrite-regulatory-corporate-sector could not be mapped to a rosettaField
cdm-sample-files/events/Trade-Allocation.xml,Fail_MappedNone,trade.tradeHeader.partyTradeInformation(1).reportingRegime(4).mandatorilyClearable,trade.tradeHeader.partyTradeInformation.reportingRegime.mandatorilyClearable,0,,Element with value false could not be mapped to a rosettaField
cdm-sample-files/events/Trade-Allocation.xml,Fail_MappedNone,trade.tradeHeader.partyTradeInformation(0).reportingRegime(1).name,trade.tradeHeader.partyTradeInformation.reportingRegime.name,0,,Element with value UKEMIR could not be mapped to a rosettaField
cdm-sample-files/events/Trade-Allocation.xml,Fail_MappedNone,trade.tradeHeader.partyTradeInformation(0).reportingRegime(1).mandatorilyClearable,trade.tradeHeader.partyTradeInformation.reportingRegime.mandatorilyClearable,0,,Element with value false could not be mapped to a rosettaField
cdm-sample-files/events/Trade-Allocation.xml,Fail_MappedNone,trade.tradeHeader.partyTradeInformation(1).reportingRegime(1).reportingRole,trade.tradeHeader.partyTradeInformation.reportingRegime.reportingRole,0,,Element with value ReportingParty could not be mapped to a rosettaField
cdm-sample-files/events/Trade-Allocation.xml,Fail_MappedNone,trade.tradeHeader.partyTradeInformation(1).reportingRegime(3).name,trade.tradeHeader.partyTradeInformation.reportingRegime.name,0,,Element with value CSA could not be mapped to a rosettaField
cdm-sample-files/events/Trade-Allocation.xml,Fail_MappedNone,trade.tradeHeader.partyTradeInformation(0).reportingRegime(4).entityClassification,trade.tradeHeader.partyTradeInformation.reportingRegime.entityClassification,0,,Element with value Financial could not be mapped to a rosettaField
cdm-sample-files/events/Trade-Allocation.xml,Fail_MappedNone,trade.tradeHeader.partyTradeInformation(1).reportingRegime(3).mandatorilyClearable,trade.tradeHeader.partyTradeInformation.reportingRegime.mandatorilyClearable,0,,Element with value false could not be mapped to a rosettaField
cdm-sample-files/events/Trade-Allocation.xml,Fail_MappedNone,trade.tradeHeader.partyTradeInformation(0).reportingRegime(4).supervisorRegistration.supervisoryBody,trade.tradeHeader.partyTradeInformation.reportingRegime.supervisorRegistration.supervisoryBody,0,,Element with value HKMA could not be mapped to a rosettaField
cdm-sample-files/events/Trade-Allocation.xml,Fail_MappedNone,trade.tradeHeader.partyTradeInformation(1).reportingRegime(0).supervisorRegistration.supervisoryBody,trade.tradeHeader.partyTradeInformation.reportingRegime.supervisorRegistration.supervisoryBody,0,,Element with value ESMA could not be mapped to a rosettaField
cdm-sample-files/events/Trade-Allocation.xml,Fail_MappedNone,trade.tradeHeader.partyTradeInformation(0).reportingRegime(2).name,trade.tradeHeader.partyTradeInformation.reportingRegime.name,0,,Element with value JFSA could not be mapped to a rosettaField
cdm-sample-files/events/Trade-Allocation.xml,Fail_MappedNone,trade.tradeHeader.partyTradeInformation(0).clearingStatus,trade.tradeHeader.partyTradeInformation.clearingStatus,0,,Element with value Uncleared could not be mapped to a rosettaField
cdm-sample-files/events/Trade-Allocation.xml,Fail_MappedNone,trade.tradeHeader.partyTradeInformation(0).executionVenueType,trade.tradeHeader.partyTradeInformation.executionVenueType,0,,Element with value SEF could not be mapped to a rosettaField
cdm-sample-files/events/Trade-Allocation.xml,Fail_MappedNone,trade.tradeHeader.partyTradeInformation(1).reportingRegime(0).reportingRole,trade.tradeHeader.partyTradeInformation.reportingRegime.reportingRole,0,,Element with value ReportingParty could not be mapped to a rosettaField
cdm-sample-files/events/Trade-Allocation.xml,Fail_MappedNone,trade.tradeHeader.partyTradeInformation(0).reportingRegime(0).mandatorilyClearable,trade.tradeHeader.partyTradeInformation.reportingRegime.mandatorilyClearable,0,,Element with value false could not be mapped to a rosettaField
cdm-sample-files/events/Trade-Allocation.xml,Fail_MappedNone,party(0)[id=party1].classification(1)[industryClassificationScheme=http://www.fpml.org/coding-scheme/hkma-rewrite-regulatory-corporate-sector],party[id=party1].classification[industryClassificationScheme=http://www.fpml.org/coding-scheme/hkma-rewrite-regulatory-corporate-sector],0,,Element with value UCIT could not be mapped to a rosettaField
cdm-sample-files/events/Trade-Allocation.xml,Fail_MappedNone,trade.tradeHeader.partyTradeIdentifier.blockTradeId.issuer[issuerIdScheme=http://www.fpml.org/coding-scheme/external/cftc/issuer-identifier].issuerIdScheme,trade.tradeHeader.partyTradeIdentifier.blockTradeId.issuer[issuerIdScheme=http://www.fpml.org/coding-scheme/external/cftc/issuer-identifier].issuerIdScheme,0,,Element with value http://www.fpml.org/coding-scheme/external/cftc/issuer-identifier could not be mapped to a rosettaField
cdm-sample-files/events/Trade-Allocation.xml,Fail_MappedNone,trade.tradeHeader.partyTradeInformation(1).reportingRegime(3).entityClassification[entityClassificationScheme=http://www.fpml.org/coding-scheme/cftc-entity-classification].entityClassificationScheme,trade.tradeHeader.partyTradeInformation.reportingRegime.entityClassification[entityClassificationScheme=http://www.fpml.org/coding-scheme/cftc-entity-classification].entityClassificationScheme,0,,Element with value http://www.fpml.org/coding-scheme/cftc-entity-classification could not be mapped to a rosettaField
cdm-sample-files/events/Trade-Allocation.xml,Fail_MappedNone,trade.tradeHeader.partyTradeInformation(1).reportingRegime(4).name,trade.tradeHeader.partyTradeInformation.reportingRegime.name,0,,Element with value HKTR could not be mapped to a rosettaField
cdm-sample-files/events/Trade-Allocation.xml,Fail_MappedNone,trade.tradeHeader.partyTradeInformation(1).reportingRegime(3).entityClassification[entityClassificationScheme=http://www.fpml.org/coding-scheme/cftc-entity-classification],trade.tradeHeader.partyTradeInformation.reportingRegime.entityClassification[entityClassificationScheme=http://www.fpml.org/coding-scheme/cftc-entity-classification],0,,Element with value SBSD could not be mapped to a rosettaField
cdm-sample-files/events/Trade-Allocation.xml,Fail_MappedNone,trade.tradeHeader.partyTradeInformation(1).reportingRegime(0).exceedsClearingThreshold,trade.tradeHeader.partyTradeInformation.reportingRegime.exceedsClearingThreshold,0,,Element with value true could not be mapped to a rosettaField
cdm-sample-files/events/Trade-Allocation.xml,Fail_MappedNone,trade.tradeHeader.partyTradeInformation(1).reportingRegime(2).supervisorRegistration.supervisoryBody,trade.tradeHeader.partyTradeInformation.reportingRegime.supervisorRegistration.supervisoryBody,0,,Element with value JFSA could not be mapped to a rosettaField
cdm-sample-files/events/Trade-Allocation.xml,Fail_MappedNone,trade.tradeHeader.partyTradeInformation(0).reportingRegime(1).reportingPurpose,trade.tradeHeader.partyTradeInformation.reportingRegime.reportingPurpose,0,,Element with value PrimaryEconomicTerms could not be mapped to a rosettaField
cdm-sample-files/events/Trade-Allocation.xml,Fail_MappedNone,trade.tradeHeader.partyTradeInformation(0).reportingRegime(3).name,trade.tradeHeader.partyTradeInformation.reportingRegime.name,0,,Element with value CSA could not be mapped to a rosettaField
cdm-sample-files/events/Trade-Allocation.xml,Fail_MappedNone,party(1)[id=party2].classification(1)[industryClassificationScheme=http://www.fpml.org/coding-scheme/hkma-rewrite-regulatory-corporate-sector],party[id=party2].classification[industryClassificationScheme=http://www.fpml.org/coding-scheme/hkma-rewrite-regulatory-corporate-sector],0,,Element with value AIFD could not be mapped to a rosettaField
cdm-sample-files/events/Trade-Allocation.xml,Fail_MappedNone,trade.tradeHeader.partyTradeInformation(1).reportingRegime(3).reportingRole,trade.tradeHeader.partyTradeInformation.reportingRegime.reportingRole,0,,Element with value ReportingParty could not be mapped to a rosettaField
cdm-sample-files/events/Trade-Allocation.xml,Fail_MappedNone,trade.tradeHeader.partyTradeIdentifier.blockTradeId.tradeId[tradeIdScheme=http://www.fpml.org/coding-scheme/external/unique-transaction-identifier].tradeIdScheme,trade.tradeHeader.partyTradeIdentifier.blockTradeId.tradeId[tradeIdScheme=http://www.fpml.org/coding-scheme/external/unique-transaction-identifier].tradeIdScheme,0,,Element with value http://www.fpml.org/coding-scheme/external/unique-transaction-identifier could not be mapped to a rosettaField
cdm-sample-files/events/Trade-Allocation.xml,Fail_MappedNone,trade.tradeHeader.partyTradeInformation(1).reportingRegime(1).mandatorilyClearable,trade.tradeHeader.partyTradeInformation.reportingRegime.mandatorilyClearable,0,,Element with value false could not be mapped to a rosettaField
cdm-sample-files/events/Trade-Allocation.xml,Fail_MappedNone,party(0)[id=party1].classification(0)[industryClassificationScheme=http://www.fpml.org/coding-scheme/esma-emir-refit-regulatory-corporate-sector],party[id=party1].classification[industryClassificationScheme=http://www.fpml.org/coding-scheme/esma-emir-refit-regulatory-corporate-sector],0,,Element with value UCIT could not be mapped to a rosettaField
cdm-sample-files/events/Trade-Allocation.xml,Fail_MappedMultiple,party(0)[id=party1].partyId[partyIdScheme=http://www.fpml.org/coding-scheme/external/iso17442].partyIdScheme,party[id=party1].partyId[partyIdScheme=http://www.fpml.org/coding-scheme/external/iso17442].partyIdScheme,2,ReportableEvent.originatingWorkflowStep.proposedEvent.instruction(0).before.value.trade.party(0).partyId(0).identifierType=[LEI] ReportableEvent.originatingWorkflowStep.proposedEvent.instruction(0).before.value.trade.party(0).partyId(0).identifier.meta.scheme=[http://www.fpml.org/coding-scheme/external/iso17442],Element mapped to multiple rosettaFields
cdm-sample-files/events/Trade-Allocation.xml,Fail_MappedNone,trade.tradeHeader.partyTradeInformation(0).reportingRegime(1).reportingRole,trade.tradeHeader.partyTradeInformation.reportingRegime.reportingRole,0,,Element with value ReportingParty could not be mapped to a rosettaField
cdm-sample-files/events/Trade-Allocation.xml,Fail_MappedNone,trade.tradeHeader.partyTradeInformation(0).reportingRegime(0).reportingPurpose,trade.tradeHeader.partyTradeInformation.reportingRegime.reportingPurpose,0,,Element with value PrimaryEconomicTerms could not be mapped to a rosettaField
cdm-sample-files/events/Trade-Allocation.xml,Fail_MappedNone,trade.tradeHeader.partyTradeInformation(0).reportingRegime(4).name,trade.tradeHeader.partyTradeInformation.reportingRegime.name,0,,Element with value HKTR could not be mapped to a rosettaField
cdm-sample-files/events/Trade-Allocation.xml,Fail_MappedNone,trade.tradeHeader.partyTradeInformation(1).reportingRegime(4).entityClassification,trade.tradeHeader.partyTradeInformation.reportingRegime.entityClassification,0,,Element with value Financial could not be mapped to a rosettaField
cdm-sample-files/events/Trade-Allocation.xml,Fail_MappedNone,trade.tradeHeader.partyTradeInformation(0).largeSizeTrade,trade.tradeHeader.partyTradeInformation.largeSizeTrade,0,,Element with value false could not be mapped to a rosettaField
cdm-sample-files/events/Trade-Allocation.xml,Fail_MappedMultiple,party(1)[id=party2].partyId[partyIdScheme=http://www.fpml.org/coding-scheme/external/iso17442].partyIdScheme,party[id=party2].partyId[partyIdScheme=http://www.fpml.org/coding-scheme/external/iso17442].partyIdScheme,2,ReportableEvent.originatingWorkflowStep.proposedEvent.instruction(0).before.value.trade.party(1).partyId(0).identifier.meta.scheme=[http://www.fpml.org/coding-scheme/external/iso17442] ReportableEvent.originatingWorkflowStep.proposedEvent.instruction(0).before.value.trade.party(1).partyId(0).identifierType=[LEI],Element mapped to multiple rosettaFields
cdm-sample-files/events/Trade-Allocation.xml,Fail_MappedNone,trade.tradeHeader.partyTradeInformation(1).reportingRegime(2).reportingRole,trade.tradeHeader.partyTradeInformation.reportingRegime.reportingRole,0,,Element with value ReportingParty could not be mapped to a rosettaField
cdm-sample-files/events/Trade-Allocation.xml,Fail_MappedNone,trade.tradeHeader.partyTradeInformation(0).reportingRegime(3).entityClassification[entityClassificationScheme=http://www.fpml.org/coding-scheme/cftc-entity-classification].entityClassificationScheme,trade.tradeHeader.partyTradeInformation.reportingRegime.entityClassification[entityClassificationScheme=http://www.fpml.org/coding-scheme/cftc-entity-classification].entityClassificationScheme,0,,Element with value http://www.fpml.org/coding-scheme/cftc-entity-classification could not be mapped to a rosettaField
cdm-sample-files/events/Trade-Allocation.xml,Fail_MappedNone,trade.tradeHeader.partyTradeInformation(1).reportingRegime(1).supervisorRegistration.supervisoryBody,trade.tradeHeader.partyTradeInformation.reportingRegime.supervisorRegistration.supervisoryBody,0,,Element with value FCA could not be mapped to a rosettaField
cdm-sample-files/events/Trade-Allocation.xml,Fail_MappedNone,trade.tradeHeader.partyTradeInformation(1).reportingRegime(1).reportingPurpose,trade.tradeHeader.partyTradeInformation.reportingRegime.reportingPurpose,0,,Element with value PrimaryEconomicTerms could not be mapped to a rosettaField
cdm-sample-files/events/Trade-Allocation.xml,Fail_MappedNone,trade.tradeHeader.partyTradeInformation(0).reportingRegime(3).entityClassification[entityClassificationScheme=http://www.fpml.org/coding-scheme/cftc-entity-classification],trade.tradeHeader.partyTradeInformation.reportingRegime.entityClassification[entityClassificationScheme=http://www.fpml.org/coding-scheme/cftc-entity-classification],0,,Element with value SBSD could not be mapped to a rosettaField
cdm-sample-files/events/Trade-Allocation.xml,Fail_MappedNone,sequenceNumber,sequenceNumber,0,,Element with value 1 could not be mapped to a rosettaField
cdm-sample-files/events/Trade-Allocation.xml,Fail_MappedNone,trade.tradeHeader.partyTradeInformation(1).reportingRegime(0).mandatorilyClearable,trade.tradeHeader.partyTradeInformation.reportingRegime.mandatorilyClearable,0,,Element with value false could not be mapped to a rosettaField
cdm-sample-files/events/Trade-Allocation.xml,Fail_MappedNone,trade.tradeHeader.partyTradeInformation(0).reportingRegime(0).supervisorRegistration.supervisoryBody,trade.tradeHeader.partyTradeInformation.reportingRegime.supervisorRegistration.supervisoryBody,0,,Element with value ESMA could not be mapped to a rosettaField
cdm-sample-files/events/Trade-Allocation.xml,Fail_MappedNone,party(1)[id=party2].classification(0)[industryClassificationScheme=http://www.fpml.org/coding-scheme/esma-emir-refit-regulatory-corporate-sector],party[id=party2].classification[industryClassificationScheme=http://www.fpml.org/coding-scheme/esma-emir-refit-regulatory-corporate-sector],0,,Element with value AIFD could not be mapped to a rosettaField
cdm-sample-files/events/Trade-Allocation.xml,Fail_MappedNone,trade.tradeHeader.partyTradeInformation(0).reportingRegime(0).reportingRole,trade.tradeHeader.partyTradeInformation.reportingRegime.reportingRole,0,,Element with value ReportingParty could not be mapped to a rosettaField
cdm-sample-files/events/Trade-Correction-ex01.xml,Fail_MappedNone,trade.tradeHeader.partyTradeInformation(0).reportingRegime(2).supervisorRegistration.supervisoryBody,trade.tradeHeader.partyTradeInformation.reportingRegime.supervisorRegistration.supervisoryBody,0,,Element with value JFSA could not be mapped to a rosettaField
cdm-sample-files/events/Trade-Correction-ex01.xml,Fail_MappedNone,trade.tradeHeader.partyTradeInformation(1).reportingRegime(1).entityClassification[entityClassificationScheme=http://www.fpml.org/coding-scheme/esma-entity-classification],trade.tradeHeader.partyTradeInformation.reportingRegime.entityClassification[entityClassificationScheme=http://www.fpml.org/coding-scheme/esma-entity-classification],0,,Element with value Financial could not be mapped to a rosettaField
cdm-sample-files/events/Trade-Correction-ex01.xml,Fail_MappedNone,correlationId[correlationIdScheme=http://fpml.org/submitter_trade_id].correlationIdScheme,correlationId[correlationIdScheme=http://fpml.org/submitter_trade_id].correlationIdScheme,0,,Element with value http://fpml.org/submitter_trade_id could not be mapped to a rosettaField
cdm-sample-files/events/Trade-Correction-ex01.xml,Fail_MappedNone,trade.swap.swapStream(1).calculationPeriodAmount.calculation.currentNotional.amount,trade.swap.swapStream.calculationPeriodAmount.calculation.currentNotional.amount,0,,Element with value 10000000.00 could not be mapped to a rosettaField
cdm-sample-files/events/Trade-Correction-ex01.xml,Fail_MappedNone,trade.tradeHeader.partyTradeInformation(1).reportingRegime(0).reportingPurpose,trade.tradeHeader.partyTradeInformation.reportingRegime.reportingPurpose,0,,Element with value PrimaryEconomicTerms could not be mapped to a rosettaField
cdm-sample-files/events/Trade-Correction-ex01.xml,Fail_MappedNone,party(1)[id=party2].classification(0)[industryClassificationScheme=http://www.fpml.org/coding-scheme/esma-emir-refit-regulatory-corporate-sector].industryClassificationScheme,party[id=party2].classification[industryClassificationScheme=http://www.fpml.org/coding-scheme/esma-emir-refit-regulatory-corporate-sector].industryClassificationScheme,0,,Element with value http://www.fpml.org/coding-scheme/esma-emir-refit-regulatory-corporate-sector could not be mapped to a rosettaField
cdm-sample-files/events/Trade-Correction-ex01.xml,Fail_MappedNone,trade.tradeHeader.partyTradeInformation(0).offMarketPrice,trade.tradeHeader.partyTradeInformation.offMarketPrice,0,,Element with value false could not be mapped to a rosettaField
cdm-sample-files/events/Trade-Correction-ex01.xml,Fail_MappedNone,trade.tradeHeader.partyTradeInformation(0).reportingRegime(0).exceedsClearingThreshold,trade.tradeHeader.partyTradeInformation.reportingRegime.exceedsClearingThreshold,0,,Element with value true could not be mapped to a rosettaField
cdm-sample-files/events/Trade-Correction-ex01.xml,Fail_MappedNone,trade.tradeHeader.partyTradeInformation(1).reportingRegime(1).entityClassification[entityClassificationScheme=http://www.fpml.org/coding-scheme/esma-entity-classification].entityClassificationScheme,trade.tradeHeader.partyTradeInformation.reportingRegime.entityClassification[entityClassificationScheme=http://www.fpml.org/coding-scheme/esma-entity-classification].entityClassificationScheme,0,,Element with value http://www.fpml.org/coding-scheme/esma-entity-classification could not be mapped to a rosettaField
cdm-sample-files/events/Trade-Correction-ex01.xml,Fail_MappedNone,trade.tradeHeader.partyTradeInformation(0).reportingRegime(0).entityClassification[entityClassificationScheme=http://www.fpml.org/coding-scheme/esma-entity-classification],trade.tradeHeader.partyTradeInformation.reportingRegime.entityClassification[entityClassificationScheme=http://www.fpml.org/coding-scheme/esma-entity-classification],0,,Element with value Financial could not be mapped to a rosettaField
cdm-sample-files/events/Trade-Correction-ex01.xml,Fail_MappedNone,trade.tradeHeader.partyTradeInformation(0).relatedBusinessUnit.role,trade.tradeHeader.partyTradeInformation.relatedBusinessUnit.role,0,,Element with value TradingDesk could not be mapped to a rosettaField
cdm-sample-files/events/Trade-Correction-ex01.xml,Fail_MappedNone,trade.tradeHeader.partyTradeInformation(0).reportingRegime(3).reportingRole,trade.tradeHeader.partyTradeInformation.reportingRegime.reportingRole,0,,Element with value ReportingParty could not be mapped to a rosettaField
cdm-sample-files/events/Trade-Correction-ex01.xml,Fail_MappedNone,trade.tradeHeader.partyTradeInformation(1).reportingRegime(1).exceedsClearingThreshold,trade.tradeHeader.partyTradeInformation.reportingRegime.exceedsClearingThreshold,0,,Element with value true could not be mapped to a rosettaField
cdm-sample-files/events/Trade-Correction-ex01.xml,Fail_MappedNone,trade.tradeHeader.partyTradeInformation(1).reportingRegime(0).entityClassification[entityClassificationScheme=http://www.fpml.org/coding-scheme/esma-entity-classification].entityClassificationScheme,trade.tradeHeader.partyTradeInformation.reportingRegime.entityClassification[entityClassificationScheme=http://www.fpml.org/coding-scheme/esma-entity-classification].entityClassificationScheme,0,,Element with value http://www.fpml.org/coding-scheme/esma-entity-classification could not be mapped to a rosettaField
cdm-sample-files/events/Trade-Correction-ex01.xml,Fail_MappedNone,trade.tradeHeader.partyTradeInformation(1).reportingRegime(3).supervisorRegistration.supervisoryBody,trade.tradeHeader.partyTradeInformation.reportingRegime.supervisorRegistration.supervisoryBody,0,,Element with value CA.AB.ASC could not be mapped to a rosettaField
cdm-sample-files/events/Trade-Correction-ex01.xml,Fail_MappedNone,party(1)[id=party2].classification(1)[industryClassificationScheme=http://www.fpml.org/coding-scheme/hkma-rewrite-regulatory-corporate-sector].industryClassificationScheme,party[id=party2].classification[industryClassificationScheme=http://www.fpml.org/coding-scheme/hkma-rewrite-regulatory-corporate-sector].industryClassificationScheme,0,,Element with value http://www.fpml.org/coding-scheme/hkma-rewrite-regulatory-corporate-sector could not be mapped to a rosettaField
cdm-sample-files/events/Trade-Correction-ex01.xml,Fail_MappedNone,trade.tradeHeader.partyTradeInformation(1).reportingRegime(4).reportingRole,trade.tradeHeader.partyTradeInformation.reportingRegime.reportingRole,0,,Element with value ReportingParty could not be mapped to a rosettaField
cdm-sample-files/events/Trade-Correction-ex01.xml,Fail_MappedNone,trade.tradeHeader.partyTradeInformation(0).reportingRegime(4).mandatorilyClearable,trade.tradeHeader.partyTradeInformation.reportingRegime.mandatorilyClearable,0,,Element with value false could not be mapped to a rosettaField
cdm-sample-files/events/Trade-Correction-ex01.xml,Fail_MappedNone,trade.tradeHeader.partyTradeInformation(0).reportingRegime(1).supervisorRegistration.supervisoryBody,trade.tradeHeader.partyTradeInformation.reportingRegime.supervisorRegistration.supervisoryBody,0,,Element with value FCA could not be mapped to a rosettaField
cdm-sample-files/events/Trade-Correction-ex01.xml,Fail_MappedNone,party(0)[id=party1].organizationType,party[id=party1].organizationType,0,,Element with value SD could not be mapped to a rosettaField
cdm-sample-files/events/Trade-Correction-ex01.xml,Fail_MappedNone,trade.tradeHeader.partyTradeInformation(0).reportingRegime(1).entityClassification[entityClassificationScheme=http://www.fpml.org/coding-scheme/esma-entity-classification],trade.tradeHeader.partyTradeInformation.reportingRegime.entityClassification[entityClassificationScheme=http://www.fpml.org/coding-scheme/esma-entity-classification],0,,Element with value Financial could not be mapped to a rosettaField
cdm-sample-files/events/Trade-Correction-ex01.xml,Fail_MappedNone,trade.tradeHeader.partyTradeInformation(1).reportingRegime(0).name,trade.tradeHeader.partyTradeInformation.reportingRegime.name,0,,Element with value EMIR could not be mapped to a rosettaField
cdm-sample-files/events/Trade-Correction-ex01.xml,Fail_MappedMultiple,party(2)[id=broker1].partyId[partyIdScheme=http://www.fpml.org/coding-scheme/external/iso17442].partyIdScheme,party[id=broker1].partyId[partyIdScheme=http://www.fpml.org/coding-scheme/external/iso17442].partyIdScheme,2,ReportableEvent.originatingWorkflowStep.proposedEvent.instruction(0).before.value.trade.party(2).partyId(0).identifierType=[LEI] ReportableEvent.originatingWorkflowStep.proposedEvent.instruction(0).before.value.trade.party(2).partyId(0).identifier.meta.scheme=[http://www.fpml.org/coding-scheme/external/iso17442],Element mapped to multiple rosettaFields
cdm-sample-files/events/Trade-Correction-ex01.xml,Fail_MappedNone,trade.tradeHeader.partyTradeInformation(0).reportingRegime(2).reportingRole,trade.tradeHeader.partyTradeInformation.reportingRegime.reportingRole,0,,Element with value ReportingParty could not be mapped to a rosettaField
cdm-sample-files/events/Trade-Correction-ex01.xml,Fail_MappedMultiple,party(3)[id=clearing-svc].partyId[partyIdScheme=http://www.fpml.org/coding-scheme/external/iso17442].partyIdScheme,party[id=clearing-svc].partyId[partyIdScheme=http://www.fpml.org/coding-scheme/external/iso17442].partyIdScheme,2,ReportableEvent.originatingWorkflowStep.proposedEvent.instruction(0).before.value.trade.party(3).partyId(0).identifierType=[LEI] ReportableEvent.originatingWorkflowStep.proposedEvent.instruction(0).before.value.trade.party(3).partyId(0).identifier.meta.scheme=[http://www.fpml.org/coding-scheme/external/iso17442],Element mapped to multiple rosettaFields
cdm-sample-files/events/Trade-Correction-ex01.xml,Fail_MappedNone,trade.tradeHeader.partyTradeInformation(0).reportingRegime(3).mandatorilyClearable,trade.tradeHeader.partyTradeInformation.reportingRegime.mandatorilyClearable,0,,Element with value false could not be mapped to a rosettaField
cdm-sample-files/events/Trade-Correction-ex01.xml,Fail_MappedNone,party(1)[id=party2].organizationType,party[id=party2].organizationType,0,,Element with value SD could not be mapped to a rosettaField
cdm-sample-files/events/Trade-Correction-ex01.xml,Fail_MappedNone,trade.tradeHeader.partyTradeInformation(1).reportingRegime(1).name,trade.tradeHeader.partyTradeInformation.reportingRegime.name,0,,Element with value UKEMIR could not be mapped to a rosettaField
cdm-sample-files/events/Trade-Correction-ex01.xml,Fail_MappedNone,onBehalfOf.partyReference[href=party1].href,onBehalfOf.partyReference[href=party1].href,0,,Element with value party1 could not be mapped to a rosettaField
cdm-sample-files/events/Trade-Correction-ex01.xml,Fail_MappedNone,party(0)[id=party1].classification(0)[industryClassificationScheme=http://www.fpml.org/coding-scheme/esma-emir-refit-regulatory-corporate-sector].industryClassificationScheme,party[id=party1].classification[industryClassificationScheme=http://www.fpml.org/coding-scheme/esma-emir-refit-regulatory-corporate-sector].industryClassificationScheme,0,,Element with value http://www.fpml.org/coding-scheme/esma-emir-refit-regulatory-corporate-sector could not be mapped to a rosettaField
cdm-sample-files/events/Trade-Correction-ex01.xml,Fail_MappedNone,trade.tradeHeader.partyTradeInformation(0).reportingRegime(1).entityClassification[entityClassificationScheme=http://www.fpml.org/coding-scheme/esma-entity-classification].entityClassificationScheme,trade.tradeHeader.partyTradeInformation.reportingRegime.entityClassification[entityClassificationScheme=http://www.fpml.org/coding-scheme/esma-entity-classification].entityClassificationScheme,0,,Element with value http://www.fpml.org/coding-scheme/esma-entity-classification could not be mapped to a rosettaField
cdm-sample-files/events/Trade-Correction-ex01.xml,Fail_MappedNone,trade.tradeHeader.partyTradeInformation(0).reportingRegime(0).name,trade.tradeHeader.partyTradeInformation.reportingRegime.name,0,,Element with value EMIR could not be mapped to a rosettaField
cdm-sample-files/events/Trade-Correction-ex01.xml,Fail_MappedNone,trade.tradeHeader.partyTradeInformation(1).reportingRegime(0).entityClassification[entityClassificationScheme=http://www.fpml.org/coding-scheme/esma-entity-classification],trade.tradeHeader.partyTradeInformation.reportingRegime.entityClassification[entityClassificationScheme=http://www.fpml.org/coding-scheme/esma-entity-classification],0,,Element with value Financial could not be mapped to a rosettaField
cdm-sample-files/events/Trade-Correction-ex01.xml,Fail_MappedNone,trade.swap.swapStream(0).calculationPeriodAmount.calculation.currentNotional.currency,trade.swap.swapStream.calculationPeriodAmount.calculation.currentNotional.currency,0,,Element with value USD could not be mapped to a rosettaField
cdm-sample-files/events/Trade-Correction-ex01.xml,Fail_MappedNone,trade.tradeHeader.partyTradeInformation(0).reportingRegime(0).entityClassification[entityClassificationScheme=http://www.fpml.org/coding-scheme/esma-entity-classification].entityClassificationScheme,trade.tradeHeader.partyTradeInformation.reportingRegime.entityClassification[entityClassificationScheme=http://www.fpml.org/coding-scheme/esma-entity-classification].entityClassificationScheme,0,,Element with value http://www.fpml.org/coding-scheme/esma-entity-classification could not be mapped to a rosettaField
cdm-sample-files/events/Trade-Correction-ex01.xml,Fail_MappedNone,trade.tradeHeader.partyTradeInformation(0).reportingRegime(3).supervisorRegistration.supervisoryBody,trade.tradeHeader.partyTradeInformation.reportingRegime.supervisorRegistration.supervisoryBody,0,,Element with value CA.AB.ASC could not be mapped to a rosettaField
cdm-sample-files/events/Trade-Correction-ex01.xml,Fail_MappedNone,trade.tradeHeader.partyTradeInformation(0).executionType,trade.tradeHeader.partyTradeInformation.executionType,0,,Element with value Electronic could not be mapped to a rosettaField
cdm-sample-files/events/Trade-Correction-ex01.xml,Fail_MappedNone,trade.tradeHeader.partyTradeInformation(0).reportingRegime(1).exceedsClearingThreshold,trade.tradeHeader.partyTradeInformation.reportingRegime.exceedsClearingThreshold,0,,Element with value true could not be mapped to a rosettaField
cdm-sample-files/events/Trade-Correction-ex01.xml,Fail_MappedNone,trade.tradeHeader.partyTradeInformation(1).reportingRegime(2).name,trade.tradeHeader.partyTradeInformation.reportingRegime.name,0,,Element with value JFSA could not be mapped to a rosettaField
cdm-sample-files/events/Trade-Correction-ex01.xml,Fail_MappedNone,correlationId[correlationIdScheme=http://fpml.org/submitter_trade_id],correlationId[correlationIdScheme=http://fpml.org/submitter_trade_id],0,,Element with value TW19235 could not be mapped to a rosettaField
cdm-sample-files/events/Trade-Correction-ex01.xml,Fail_MappedNone,trade.tradeHeader.partyTradeInformation(1).reportingRegime(4).supervisorRegistration.supervisoryBody,trade.tradeHeader.partyTradeInformation.reportingRegime.supervisorRegistration.supervisoryBody,0,,Element with value HKMA could not be mapped to a rosettaField
cdm-sample-files/events/Trade-Correction-ex01.xml,Fail_MappedNone,trade.tradeHeader.partyTradeInformation(0).reportingRegime(4).reportingRole,trade.tradeHeader.partyTradeInformation.reportingRegime.reportingRole,0,,Element with value ReportingParty could not be mapped to a rosettaField
cdm-sample-files/events/Trade-Correction-ex01.xml,Fail_MappedNone,trade.tradeHeader.partyTradeInformation(0).relatedBusinessUnit.businessUnitReference[href=desk1].href,trade.tradeHeader.partyTradeInformation.relatedBusinessUnit.businessUnitReference[href=desk1].href,0,,Element with value desk1 could not be mapped to a rosettaField
cdm-sample-files/events/Trade-Correction-ex01.xml,Fail_MappedNone,party(0)[id=party1].classification(1)[industryClassificationScheme=http://www.fpml.org/coding-scheme/hkma-rewrite-regulatory-corporate-sector].industryClassificationScheme,party[id=party1].classification[industryClassificationScheme=http://www.fpml.org/coding-scheme/hkma-rewrite-regulatory-corporate-sector].industryClassificationScheme,0,,Element with value http://www.fpml.org/coding-scheme/hkma-rewrite-regulatory-corporate-sector could not be mapped to a rosettaField
cdm-sample-files/events/Trade-Correction-ex01.xml,Fail_MappedNone,trade.tradeHeader.partyTradeInformation(1).reportingRegime(4).mandatorilyClearable,trade.tradeHeader.partyTradeInformation.reportingRegime.mandatorilyClearable,0,,Element with value false could not be mapped to a rosettaField
cdm-sample-files/events/Trade-Correction-ex01.xml,Fail_MappedNone,trade.tradeHeader.partyTradeInformation(0).reportingRegime(1).name,trade.tradeHeader.partyTradeInformation.reportingRegime.name,0,,Element with value UKEMIR could not be mapped to a rosettaField
cdm-sample-files/events/Trade-Correction-ex01.xml,Fail_MappedNone,trade.tradeHeader.partyTradeInformation(0).reportingRegime(1).mandatorilyClearable,trade.tradeHeader.partyTradeInformation.reportingRegime.mandatorilyClearable,0,,Element with value false could not be mapped to a rosettaField
cdm-sample-files/events/Trade-Correction-ex01.xml,Fail_MappedNone,trade.swap.swapStream(0).calculationPeriodAmount.calculation.currentNotional.amount,trade.swap.swapStream.calculationPeriodAmount.calculation.currentNotional.amount,0,,Element with value 10000000.00 could not be mapped to a rosettaField
cdm-sample-files/events/Trade-Correction-ex01.xml,Fail_MappedNone,trade.tradeHeader.partyTradeInformation(1).reportingRegime(1).reportingRole,trade.tradeHeader.partyTradeInformation.reportingRegime.reportingRole,0,,Element with value ReportingParty could not be mapped to a rosettaField
cdm-sample-files/events/Trade-Correction-ex01.xml,Fail_MappedNone,trade.tradeHeader.partyTradeInformation(1).reportingRegime(3).name,trade.tradeHeader.partyTradeInformation.reportingRegime.name,0,,Element with value CSA could not be mapped to a rosettaField
cdm-sample-files/events/Trade-Correction-ex01.xml,Fail_MappedNone,trade.tradeHeader.partyTradeInformation(0).reportingRegime(4).entityClassification,trade.tradeHeader.partyTradeInformation.reportingRegime.entityClassification,0,,Element with value Financial could not be mapped to a rosettaField
cdm-sample-files/events/Trade-Correction-ex01.xml,Fail_MappedNone,trade.tradeHeader.partyTradeInformation(1).reportingRegime(3).mandatorilyClearable,trade.tradeHeader.partyTradeInformation.reportingRegime.mandatorilyClearable,0,,Element with value false could not be mapped to a rosettaField
cdm-sample-files/events/Trade-Correction-ex01.xml,Fail_MappedNone,trade.tradeHeader.partyTradeInformation(0).reportingRegime(4).supervisorRegistration.supervisoryBody,trade.tradeHeader.partyTradeInformation.reportingRegime.supervisorRegistration.supervisoryBody,0,,Element with value HKMA could not be mapped to a rosettaField
cdm-sample-files/events/Trade-Correction-ex01.xml,Fail_MappedNone,trade.tradeHeader.partyTradeInformation(1).reportingRegime(0).supervisorRegistration.supervisoryBody,trade.tradeHeader.partyTradeInformation.reportingRegime.supervisorRegistration.supervisoryBody,0,,Element with value ESMA could not be mapped to a rosettaField
cdm-sample-files/events/Trade-Correction-ex01.xml,Fail_MappedNone,trade.tradeHeader.partyTradeInformation(0).reportingRegime(2).name,trade.tradeHeader.partyTradeInformation.reportingRegime.name,0,,Element with value JFSA could not be mapped to a rosettaField
cdm-sample-files/events/Trade-Correction-ex01.xml,Fail_MappedNone,trade.tradeHeader.partyTradeInformation(0).clearingStatus,trade.tradeHeader.partyTradeInformation.clearingStatus,0,,Element with value Uncleared could not be mapped to a rosettaField
cdm-sample-files/events/Trade-Correction-ex01.xml,Fail_MappedNone,trade.tradeHeader.partyTradeInformation(0).executionVenueType,trade.tradeHeader.partyTradeInformation.executionVenueType,0,,Element with value SEF could not be mapped to a rosettaField
cdm-sample-files/events/Trade-Correction-ex01.xml,Fail_MappedNone,trade.tradeHeader.partyTradeInformation(1).reportingRegime(0).reportingRole,trade.tradeHeader.partyTradeInformation.reportingRegime.reportingRole,0,,Element with value ReportingParty could not be mapped to a rosettaField
cdm-sample-files/events/Trade-Correction-ex01.xml,Fail_MappedNone,trade.tradeHeader.partyTradeInformation(0).reportingRegime(0).mandatorilyClearable,trade.tradeHeader.partyTradeInformation.reportingRegime.mandatorilyClearable,0,,Element with value false could not be mapped to a rosettaField
cdm-sample-files/events/Trade-Correction-ex01.xml,Fail_MappedNone,party(0)[id=party1].classification(1)[industryClassificationScheme=http://www.fpml.org/coding-scheme/hkma-rewrite-regulatory-corporate-sector],party[id=party1].classification[industryClassificationScheme=http://www.fpml.org/coding-scheme/hkma-rewrite-regulatory-corporate-sector],0,,Element with value UCIT could not be mapped to a rosettaField
cdm-sample-files/events/Trade-Correction-ex01.xml,Fail_MappedNone,trade.tradeHeader.partyTradeInformation(1).reportingRegime(3).entityClassification[entityClassificationScheme=http://www.fpml.org/coding-scheme/cftc-entity-classification].entityClassificationScheme,trade.tradeHeader.partyTradeInformation.reportingRegime.entityClassification[entityClassificationScheme=http://www.fpml.org/coding-scheme/cftc-entity-classification].entityClassificationScheme,0,,Element with value http://www.fpml.org/coding-scheme/cftc-entity-classification could not be mapped to a rosettaField
cdm-sample-files/events/Trade-Correction-ex01.xml,Fail_MappedNone,trade.tradeHeader.partyTradeInformation(1).reportingRegime(4).name,trade.tradeHeader.partyTradeInformation.reportingRegime.name,0,,Element with value HKTR could not be mapped to a rosettaField
cdm-sample-files/events/Trade-Correction-ex01.xml,Fail_MappedNone,trade.swap.swapStream(1).calculationPeriodAmount.calculation.currentNotional.currency,trade.swap.swapStream.calculationPeriodAmount.calculation.currentNotional.currency,0,,Element with value USD could not be mapped to a rosettaField
cdm-sample-files/events/Trade-Correction-ex01.xml,Fail_MappedNone,trade.tradeHeader.partyTradeInformation(1).reportingRegime(3).entityClassification[entityClassificationScheme=http://www.fpml.org/coding-scheme/cftc-entity-classification],trade.tradeHeader.partyTradeInformation.reportingRegime.entityClassification[entityClassificationScheme=http://www.fpml.org/coding-scheme/cftc-entity-classification],0,,Element with value SBSD could not be mapped to a rosettaField
cdm-sample-files/events/Trade-Correction-ex01.xml,Fail_MappedNone,trade.tradeHeader.partyTradeInformation(1).reportingRegime(0).exceedsClearingThreshold,trade.tradeHeader.partyTradeInformation.reportingRegime.exceedsClearingThreshold,0,,Element with value true could not be mapped to a rosettaField
cdm-sample-files/events/Trade-Correction-ex01.xml,Fail_MappedNone,trade.tradeHeader.partyTradeInformation(1).reportingRegime(2).supervisorRegistration.supervisoryBody,trade.tradeHeader.partyTradeInformation.reportingRegime.supervisorRegistration.supervisoryBody,0,,Element with value JFSA could not be mapped to a rosettaField
cdm-sample-files/events/Trade-Correction-ex01.xml,Fail_MappedNone,trade.tradeHeader.partyTradeInformation(0).reportingRegime(1).reportingPurpose,trade.tradeHeader.partyTradeInformation.reportingRegime.reportingPurpose,0,,Element with value PrimaryEconomicTerms could not be mapped to a rosettaField
cdm-sample-files/events/Trade-Correction-ex01.xml,Fail_MappedNone,trade.tradeHeader.partyTradeInformation(0).reportingRegime(3).name,trade.tradeHeader.partyTradeInformation.reportingRegime.name,0,,Element with value CSA could not be mapped to a rosettaField
cdm-sample-files/events/Trade-Correction-ex01.xml,Fail_MappedNone,party(1)[id=party2].classification(1)[industryClassificationScheme=http://www.fpml.org/coding-scheme/hkma-rewrite-regulatory-corporate-sector],party[id=party2].classification[industryClassificationScheme=http://www.fpml.org/coding-scheme/hkma-rewrite-regulatory-corporate-sector],0,,Element with value AIFD could not be mapped to a rosettaField
cdm-sample-files/events/Trade-Correction-ex01.xml,Fail_MappedNone,trade.tradeHeader.partyTradeInformation(1).reportingRegime(3).reportingRole,trade.tradeHeader.partyTradeInformation.reportingRegime.reportingRole,0,,Element with value ReportingParty could not be mapped to a rosettaField
cdm-sample-files/events/Trade-Correction-ex01.xml,Fail_MappedNone,trade.tradeHeader.partyTradeInformation(1).reportingRegime(1).mandatorilyClearable,trade.tradeHeader.partyTradeInformation.reportingRegime.mandatorilyClearable,0,,Element with value false could not be mapped to a rosettaField
cdm-sample-files/events/Trade-Correction-ex01.xml,Fail_MappedNone,party(0)[id=party1].classification(0)[industryClassificationScheme=http://www.fpml.org/coding-scheme/esma-emir-refit-regulatory-corporate-sector],party[id=party1].classification[industryClassificationScheme=http://www.fpml.org/coding-scheme/esma-emir-refit-regulatory-corporate-sector],0,,Element with value UCIT could not be mapped to a rosettaField
cdm-sample-files/events/Trade-Correction-ex01.xml,Fail_MappedMultiple,party(0)[id=party1].partyId[partyIdScheme=http://www.fpml.org/coding-scheme/external/iso17442].partyIdScheme,party[id=party1].partyId[partyIdScheme=http://www.fpml.org/coding-scheme/external/iso17442].partyIdScheme,2,ReportableEvent.originatingWorkflowStep.proposedEvent.instruction(0).before.value.trade.party(0).partyId(0).identifierType=[LEI] ReportableEvent.originatingWorkflowStep.proposedEvent.instruction(0).before.value.trade.party(0).partyId(0).identifier.meta.scheme=[http://www.fpml.org/coding-scheme/external/iso17442],Element mapped to multiple rosettaFields
cdm-sample-files/events/Trade-Correction-ex01.xml,Fail_MappedNone,trade.tradeHeader.partyTradeInformation(0).reportingRegime(1).reportingRole,trade.tradeHeader.partyTradeInformation.reportingRegime.reportingRole,0,,Element with value ReportingParty could not be mapped to a rosettaField
cdm-sample-files/events/Trade-Correction-ex01.xml,Fail_MappedNone,trade.tradeHeader.partyTradeInformation(0).reportingRegime(0).reportingPurpose,trade.tradeHeader.partyTradeInformation.reportingRegime.reportingPurpose,0,,Element with value PrimaryEconomicTerms could not be mapped to a rosettaField
cdm-sample-files/events/Trade-Correction-ex01.xml,Fail_MappedNone,trade.tradeHeader.partyTradeInformation(0).reportingRegime(4).name,trade.tradeHeader.partyTradeInformation.reportingRegime.name,0,,Element with value HKTR could not be mapped to a rosettaField
cdm-sample-files/events/Trade-Correction-ex01.xml,Fail_MappedNone,trade.tradeHeader.partyTradeInformation(1).reportingRegime(4).entityClassification,trade.tradeHeader.partyTradeInformation.reportingRegime.entityClassification,0,,Element with value Financial could not be mapped to a rosettaField
cdm-sample-files/events/Trade-Correction-ex01.xml,Fail_MappedNone,trade.tradeHeader.partyTradeInformation(0).largeSizeTrade,trade.tradeHeader.partyTradeInformation.largeSizeTrade,0,,Element with value false could not be mapped to a rosettaField
cdm-sample-files/events/Trade-Correction-ex01.xml,Fail_MappedMultiple,party(1)[id=party2].partyId[partyIdScheme=http://www.fpml.org/coding-scheme/external/iso17442].partyIdScheme,party[id=party2].partyId[partyIdScheme=http://www.fpml.org/coding-scheme/external/iso17442].partyIdScheme,2,ReportableEvent.originatingWorkflowStep.proposedEvent.instruction(0).before.value.trade.party(1).partyId(0).identifier.meta.scheme=[http://www.fpml.org/coding-scheme/external/iso17442] ReportableEvent.originatingWorkflowStep.proposedEvent.instruction(0).before.value.trade.party(1).partyId(0).identifierType=[LEI],Element mapped to multiple rosettaFields
cdm-sample-files/events/Trade-Correction-ex01.xml,Fail_MappedNone,trade.tradeHeader.partyTradeInformation(1).reportingRegime(2).reportingRole,trade.tradeHeader.partyTradeInformation.reportingRegime.reportingRole,0,,Element with value ReportingParty could not be mapped to a rosettaField
cdm-sample-files/events/Trade-Correction-ex01.xml,Fail_MappedNone,trade.tradeHeader.partyTradeInformation(0).reportingRegime(3).entityClassification[entityClassificationScheme=http://www.fpml.org/coding-scheme/cftc-entity-classification].entityClassificationScheme,trade.tradeHeader.partyTradeInformation.reportingRegime.entityClassification[entityClassificationScheme=http://www.fpml.org/coding-scheme/cftc-entity-classification].entityClassificationScheme,0,,Element with value http://www.fpml.org/coding-scheme/cftc-entity-classification could not be mapped to a rosettaField
cdm-sample-files/events/Trade-Correction-ex01.xml,Fail_MappedNone,trade.tradeHeader.partyTradeInformation(1).reportingRegime(1).supervisorRegistration.supervisoryBody,trade.tradeHeader.partyTradeInformation.reportingRegime.supervisorRegistration.supervisoryBody,0,,Element with value FCA could not be mapped to a rosettaField
cdm-sample-files/events/Trade-Correction-ex01.xml,Fail_MappedNone,trade.tradeHeader.partyTradeInformation(1).reportingRegime(1).reportingPurpose,trade.tradeHeader.partyTradeInformation.reportingRegime.reportingPurpose,0,,Element with value PrimaryEconomicTerms could not be mapped to a rosettaField
cdm-sample-files/events/Trade-Correction-ex01.xml,Fail_MappedNone,trade.tradeHeader.partyTradeInformation(0).reportingRegime(3).entityClassification[entityClassificationScheme=http://www.fpml.org/coding-scheme/cftc-entity-classification],trade.tradeHeader.partyTradeInformation.reportingRegime.entityClassification[entityClassificationScheme=http://www.fpml.org/coding-scheme/cftc-entity-classification],0,,Element with value SBSD could not be mapped to a rosettaField
cdm-sample-files/events/Trade-Correction-ex01.xml,Fail_MappedNone,sequenceNumber,sequenceNumber,0,,Element with value 2 could not be mapped to a rosettaField
cdm-sample-files/events/Trade-Correction-ex01.xml,Fail_MappedNone,trade.tradeHeader.partyTradeInformation(1).reportingRegime(0).mandatorilyClearable,trade.tradeHeader.partyTradeInformation.reportingRegime.mandatorilyClearable,0,,Element with value false could not be mapped to a rosettaField
cdm-sample-files/events/Trade-Correction-ex01.xml,Fail_MappedNone,trade.tradeHeader.partyTradeInformation(0).reportingRegime(0).supervisorRegistration.supervisoryBody,trade.tradeHeader.partyTradeInformation.reportingRegime.supervisorRegistration.supervisoryBody,0,,Element with value ESMA could not be mapped to a rosettaField
cdm-sample-files/events/Trade-Correction-ex01.xml,Fail_MappedNone,party(1)[id=party2].classification(0)[industryClassificationScheme=http://www.fpml.org/coding-scheme/esma-emir-refit-regulatory-corporate-sector],party[id=party2].classification[industryClassificationScheme=http://www.fpml.org/coding-scheme/esma-emir-refit-regulatory-corporate-sector],0,,Element with value AIFD could not be mapped to a rosettaField
cdm-sample-files/events/Trade-Correction-ex01.xml,Fail_MappedNone,trade.tradeHeader.partyTradeInformation(0).reportingRegime(0).reportingRole,trade.tradeHeader.partyTradeInformation.reportingRegime.reportingRole,0,,Element with value ReportingParty could not be mapped to a rosettaField
cdm-sample-files/events/Trade-Correction-ex02.xml,Fail_MappedNone,trade.tradeHeader.partyTradeInformation(0).reportingRegime(2).supervisorRegistration.supervisoryBody,trade.tradeHeader.partyTradeInformation.reportingRegime.supervisorRegistration.supervisoryBody,0,,Element with value JFSA could not be mapped to a rosettaField
cdm-sample-files/events/Trade-Correction-ex02.xml,Fail_MappedNone,trade.tradeHeader.partyTradeInformation(1).reportingRegime(1).entityClassification[entityClassificationScheme=http://www.fpml.org/coding-scheme/esma-entity-classification],trade.tradeHeader.partyTradeInformation.reportingRegime.entityClassification[entityClassificationScheme=http://www.fpml.org/coding-scheme/esma-entity-classification],0,,Element with value Financial could not be mapped to a rosettaField
cdm-sample-files/events/Trade-Correction-ex02.xml,Fail_MappedNone,correlationId[correlationIdScheme=http://fpml.org/submitter_trade_id].correlationIdScheme,correlationId[correlationIdScheme=http://fpml.org/submitter_trade_id].correlationIdScheme,0,,Element with value http://fpml.org/submitter_trade_id could not be mapped to a rosettaField
cdm-sample-files/events/Trade-Correction-ex02.xml,Fail_MappedNone,trade.tradeHeader.partyTradeInformation(1).reportingRegime(0).reportingPurpose,trade.tradeHeader.partyTradeInformation.reportingRegime.reportingPurpose,0,,Element with value PrimaryEconomicTerms could not be mapped to a rosettaField
cdm-sample-files/events/Trade-Correction-ex02.xml,Fail_MappedNone,party(1)[id=party2].classification(0)[industryClassificationScheme=http://www.fpml.org/coding-scheme/esma-emir-refit-regulatory-corporate-sector].industryClassificationScheme,party[id=party2].classification[industryClassificationScheme=http://www.fpml.org/coding-scheme/esma-emir-refit-regulatory-corporate-sector].industryClassificationScheme,0,,Element with value http://www.fpml.org/coding-scheme/esma-emir-refit-regulatory-corporate-sector could not be mapped to a rosettaField
cdm-sample-files/events/Trade-Correction-ex02.xml,Fail_MappedNone,trade.tradeHeader.partyTradeInformation(0).offMarketPrice,trade.tradeHeader.partyTradeInformation.offMarketPrice,0,,Element with value false could not be mapped to a rosettaField
cdm-sample-files/events/Trade-Correction-ex02.xml,Fail_MappedNone,trade.tradeHeader.partyTradeInformation(0).reportingRegime(0).exceedsClearingThreshold,trade.tradeHeader.partyTradeInformation.reportingRegime.exceedsClearingThreshold,0,,Element with value true could not be mapped to a rosettaField
cdm-sample-files/events/Trade-Correction-ex02.xml,Fail_MappedNone,trade.tradeHeader.partyTradeInformation(1).reportingRegime(1).entityClassification[entityClassificationScheme=http://www.fpml.org/coding-scheme/esma-entity-classification].entityClassificationScheme,trade.tradeHeader.partyTradeInformation.reportingRegime.entityClassification[entityClassificationScheme=http://www.fpml.org/coding-scheme/esma-entity-classification].entityClassificationScheme,0,,Element with value http://www.fpml.org/coding-scheme/esma-entity-classification could not be mapped to a rosettaField
cdm-sample-files/events/Trade-Correction-ex02.xml,Fail_MappedNone,trade.tradeHeader.partyTradeInformation(0).reportingRegime(0).entityClassification[entityClassificationScheme=http://www.fpml.org/coding-scheme/esma-entity-classification],trade.tradeHeader.partyTradeInformation.reportingRegime.entityClassification[entityClassificationScheme=http://www.fpml.org/coding-scheme/esma-entity-classification],0,,Element with value Financial could not be mapped to a rosettaField
cdm-sample-files/events/Trade-Correction-ex02.xml,Fail_MappedNone,trade.tradeHeader.partyTradeInformation(0).relatedBusinessUnit.role,trade.tradeHeader.partyTradeInformation.relatedBusinessUnit.role,0,,Element with value TradingDesk could not be mapped to a rosettaField
cdm-sample-files/events/Trade-Correction-ex02.xml,Fail_MappedNone,trade.tradeHeader.partyTradeInformation(0).timestamps.updatedForConfirmation,trade.tradeHeader.partyTradeInformation.timestamps.updatedForConfirmation,0,,Element with value 2011-02-04T17:02:12Z could not be mapped to a rosettaField
cdm-sample-files/events/Trade-Correction-ex02.xml,Fail_MappedNone,trade.tradeHeader.partyTradeInformation(0).reportingRegime(3).reportingRole,trade.tradeHeader.partyTradeInformation.reportingRegime.reportingRole,0,,Element with value ReportingParty could not be mapped to a rosettaField
cdm-sample-files/events/Trade-Correction-ex02.xml,Fail_MappedNone,trade.tradeHeader.partyTradeInformation(1).reportingRegime(1).exceedsClearingThreshold,trade.tradeHeader.partyTradeInformation.reportingRegime.exceedsClearingThreshold,0,,Element with value true could not be mapped to a rosettaField
cdm-sample-files/events/Trade-Correction-ex02.xml,Fail_MappedNone,trade.tradeHeader.partyTradeInformation(1).reportingRegime(0).entityClassification[entityClassificationScheme=http://www.fpml.org/coding-scheme/esma-entity-classification].entityClassificationScheme,trade.tradeHeader.partyTradeInformation.reportingRegime.entityClassification[entityClassificationScheme=http://www.fpml.org/coding-scheme/esma-entity-classification].entityClassificationScheme,0,,Element with value http://www.fpml.org/coding-scheme/esma-entity-classification could not be mapped to a rosettaField
cdm-sample-files/events/Trade-Correction-ex02.xml,Fail_MappedNone,trade.tradeHeader.partyTradeInformation(1).reportingRegime(3).supervisorRegistration.supervisoryBody,trade.tradeHeader.partyTradeInformation.reportingRegime.supervisorRegistration.supervisoryBody,0,,Element with value CA.AB.ASC could not be mapped to a rosettaField
cdm-sample-files/events/Trade-Correction-ex02.xml,Fail_MappedNone,party(1)[id=party2].classification(1)[industryClassificationScheme=http://www.fpml.org/coding-scheme/hkma-rewrite-regulatory-corporate-sector].industryClassificationScheme,party[id=party2].classification[industryClassificationScheme=http://www.fpml.org/coding-scheme/hkma-rewrite-regulatory-corporate-sector].industryClassificationScheme,0,,Element with value http://www.fpml.org/coding-scheme/hkma-rewrite-regulatory-corporate-sector could not be mapped to a rosettaField
cdm-sample-files/events/Trade-Correction-ex02.xml,Fail_MappedNone,trade.tradeHeader.partyTradeInformation(1).reportingRegime(4).reportingRole,trade.tradeHeader.partyTradeInformation.reportingRegime.reportingRole,0,,Element with value ReportingParty could not be mapped to a rosettaField
cdm-sample-files/events/Trade-Correction-ex02.xml,Fail_MappedNone,trade.tradeHeader.partyTradeInformation(0).reportingRegime(4).mandatorilyClearable,trade.tradeHeader.partyTradeInformation.reportingRegime.mandatorilyClearable,0,,Element with value false could not be mapped to a rosettaField
cdm-sample-files/events/Trade-Correction-ex02.xml,Fail_MappedNone,trade.tradeHeader.partyTradeInformation(0).reportingRegime(1).supervisorRegistration.supervisoryBody,trade.tradeHeader.partyTradeInformation.reportingRegime.supervisorRegistration.supervisoryBody,0,,Element with value FCA could not be mapped to a rosettaField
cdm-sample-files/events/Trade-Correction-ex02.xml,Fail_MappedNone,party(0)[id=party1].organizationType,party[id=party1].organizationType,0,,Element with value SD could not be mapped to a rosettaField
cdm-sample-files/events/Trade-Correction-ex02.xml,Fail_MappedNone,trade.tradeHeader.partyTradeInformation(0).reportingRegime(1).entityClassification[entityClassificationScheme=http://www.fpml.org/coding-scheme/esma-entity-classification],trade.tradeHeader.partyTradeInformation.reportingRegime.entityClassification[entityClassificationScheme=http://www.fpml.org/coding-scheme/esma-entity-classification],0,,Element with value Financial could not be mapped to a rosettaField
cdm-sample-files/events/Trade-Correction-ex02.xml,Fail_MappedNone,trade.tradeHeader.partyTradeInformation(1).reportingRegime(0).name,trade.tradeHeader.partyTradeInformation.reportingRegime.name,0,,Element with value EMIR could not be mapped to a rosettaField
cdm-sample-files/events/Trade-Correction-ex02.xml,Fail_MappedMultiple,party(2)[id=broker1].partyId[partyIdScheme=http://www.fpml.org/coding-scheme/external/iso17442].partyIdScheme,party[id=broker1].partyId[partyIdScheme=http://www.fpml.org/coding-scheme/external/iso17442].partyIdScheme,2,ReportableEvent.originatingWorkflowStep.proposedEvent.instruction(0).before.value.trade.party(2).partyId(0).identifierType=[LEI] ReportableEvent.originatingWorkflowStep.proposedEvent.instruction(0).before.value.trade.party(2).partyId(0).identifier.meta.scheme=[http://www.fpml.org/coding-scheme/external/iso17442],Element mapped to multiple rosettaFields
cdm-sample-files/events/Trade-Correction-ex02.xml,Fail_MappedNone,trade.tradeHeader.partyTradeInformation(0).reportingRegime(2).reportingRole,trade.tradeHeader.partyTradeInformation.reportingRegime.reportingRole,0,,Element with value ReportingParty could not be mapped to a rosettaField
cdm-sample-files/events/Trade-Correction-ex02.xml,Fail_MappedMultiple,party(3)[id=clearing-svc].partyId[partyIdScheme=http://www.fpml.org/coding-scheme/external/iso17442].partyIdScheme,party[id=clearing-svc].partyId[partyIdScheme=http://www.fpml.org/coding-scheme/external/iso17442].partyIdScheme,2,ReportableEvent.originatingWorkflowStep.proposedEvent.instruction(0).before.value.trade.party(3).partyId(0).identifierType=[LEI] ReportableEvent.originatingWorkflowStep.proposedEvent.instruction(0).before.value.trade.party(3).partyId(0).identifier.meta.scheme=[http://www.fpml.org/coding-scheme/external/iso17442],Element mapped to multiple rosettaFields
cdm-sample-files/events/Trade-Correction-ex02.xml,Fail_MappedNone,trade.tradeHeader.partyTradeInformation(0).timestamps.nonpublicReportUpdated,trade.tradeHeader.partyTradeInformation.timestamps.nonpublicReportUpdated,0,,Element with value 2011-02-04T16:37:12Z could not be mapped to a rosettaField
cdm-sample-files/events/Trade-Correction-ex02.xml,Fail_MappedNone,trade.tradeHeader.partyTradeInformation(0).reportingRegime(3).mandatorilyClearable,trade.tradeHeader.partyTradeInformation.reportingRegime.mandatorilyClearable,0,,Element with value false could not be mapped to a rosettaField
cdm-sample-files/events/Trade-Correction-ex02.xml,Fail_MappedNone,party(1)[id=party2].organizationType,party[id=party2].organizationType,0,,Element with value SD could not be mapped to a rosettaField
cdm-sample-files/events/Trade-Correction-ex02.xml,Fail_MappedNone,trade.tradeHeader.partyTradeInformation(1).reportingRegime(1).name,trade.tradeHeader.partyTradeInformation.reportingRegime.name,0,,Element with value UKEMIR could not be mapped to a rosettaField
cdm-sample-files/events/Trade-Correction-ex02.xml,Fail_MappedNone,onBehalfOf.partyReference[href=party1].href,onBehalfOf.partyReference[href=party1].href,0,,Element with value party1 could not be mapped to a rosettaField
cdm-sample-files/events/Trade-Correction-ex02.xml,Fail_MappedNone,party(0)[id=party1].classification(0)[industryClassificationScheme=http://www.fpml.org/coding-scheme/esma-emir-refit-regulatory-corporate-sector].industryClassificationScheme,party[id=party1].classification[industryClassificationScheme=http://www.fpml.org/coding-scheme/esma-emir-refit-regulatory-corporate-sector].industryClassificationScheme,0,,Element with value http://www.fpml.org/coding-scheme/esma-emir-refit-regulatory-corporate-sector could not be mapped to a rosettaField
cdm-sample-files/events/Trade-Correction-ex02.xml,Fail_MappedNone,trade.tradeHeader.partyTradeInformation(0).reportingRegime(1).entityClassification[entityClassificationScheme=http://www.fpml.org/coding-scheme/esma-entity-classification].entityClassificationScheme,trade.tradeHeader.partyTradeInformation.reportingRegime.entityClassification[entityClassificationScheme=http://www.fpml.org/coding-scheme/esma-entity-classification].entityClassificationScheme,0,,Element with value http://www.fpml.org/coding-scheme/esma-entity-classification could not be mapped to a rosettaField
cdm-sample-files/events/Trade-Correction-ex02.xml,Fail_MappedNone,trade.tradeHeader.partyTradeInformation(0).reportingRegime(0).name,trade.tradeHeader.partyTradeInformation.reportingRegime.name,0,,Element with value EMIR could not be mapped to a rosettaField
cdm-sample-files/events/Trade-Correction-ex02.xml,Fail_MappedNone,trade.tradeHeader.partyTradeInformation(1).reportingRegime(0).entityClassification[entityClassificationScheme=http://www.fpml.org/coding-scheme/esma-entity-classification],trade.tradeHeader.partyTradeInformation.reportingRegime.entityClassification[entityClassificationScheme=http://www.fpml.org/coding-scheme/esma-entity-classification],0,,Element with value Financial could not be mapped to a rosettaField
cdm-sample-files/events/Trade-Correction-ex02.xml,Fail_MappedNone,trade.tradeHeader.partyTradeInformation(0).reportingRegime(0).entityClassification[entityClassificationScheme=http://www.fpml.org/coding-scheme/esma-entity-classification].entityClassificationScheme,trade.tradeHeader.partyTradeInformation.reportingRegime.entityClassification[entityClassificationScheme=http://www.fpml.org/coding-scheme/esma-entity-classification].entityClassificationScheme,0,,Element with value http://www.fpml.org/coding-scheme/esma-entity-classification could not be mapped to a rosettaField
cdm-sample-files/events/Trade-Correction-ex02.xml,Fail_MappedNone,trade.tradeHeader.partyTradeInformation(0).reportingRegime(3).supervisorRegistration.supervisoryBody,trade.tradeHeader.partyTradeInformation.reportingRegime.supervisorRegistration.supervisoryBody,0,,Element with value CA.AB.ASC could not be mapped to a rosettaField
cdm-sample-files/events/Trade-Correction-ex02.xml,Fail_MappedNone,trade.tradeHeader.partyTradeInformation(0).executionType,trade.tradeHeader.partyTradeInformation.executionType,0,,Element with value Electronic could not be mapped to a rosettaField
cdm-sample-files/events/Trade-Correction-ex02.xml,Fail_MappedNone,trade.tradeHeader.partyTradeInformation(0).reportingRegime(1).exceedsClearingThreshold,trade.tradeHeader.partyTradeInformation.reportingRegime.exceedsClearingThreshold,0,,Element with value true could not be mapped to a rosettaField
cdm-sample-files/events/Trade-Correction-ex02.xml,Fail_MappedNone,trade.tradeHeader.partyTradeInformation(1).reportingRegime(2).name,trade.tradeHeader.partyTradeInformation.reportingRegime.name,0,,Element with value JFSA could not be mapped to a rosettaField
cdm-sample-files/events/Trade-Correction-ex02.xml,Fail_MappedNone,correlationId[correlationIdScheme=http://fpml.org/submitter_trade_id],correlationId[correlationIdScheme=http://fpml.org/submitter_trade_id],0,,Element with value TW19235 could not be mapped to a rosettaField
cdm-sample-files/events/Trade-Correction-ex02.xml,Fail_MappedNone,trade.tradeHeader.partyTradeInformation(1).reportingRegime(4).supervisorRegistration.supervisoryBody,trade.tradeHeader.partyTradeInformation.reportingRegime.supervisorRegistration.supervisoryBody,0,,Element with value HKMA could not be mapped to a rosettaField
cdm-sample-files/events/Trade-Correction-ex02.xml,Fail_MappedNone,trade.tradeHeader.partyTradeInformation(0).reportingRegime(4).reportingRole,trade.tradeHeader.partyTradeInformation.reportingRegime.reportingRole,0,,Element with value ReportingParty could not be mapped to a rosettaField
cdm-sample-files/events/Trade-Correction-ex02.xml,Fail_MappedNone,trade.tradeHeader.partyTradeInformation(0).relatedBusinessUnit.businessUnitReference[href=desk1].href,trade.tradeHeader.partyTradeInformation.relatedBusinessUnit.businessUnitReference[href=desk1].href,0,,Element with value desk1 could not be mapped to a rosettaField
cdm-sample-files/events/Trade-Correction-ex02.xml,Fail_MappedNone,party(0)[id=party1].classification(1)[industryClassificationScheme=http://www.fpml.org/coding-scheme/hkma-rewrite-regulatory-corporate-sector].industryClassificationScheme,party[id=party1].classification[industryClassificationScheme=http://www.fpml.org/coding-scheme/hkma-rewrite-regulatory-corporate-sector].industryClassificationScheme,0,,Element with value http://www.fpml.org/coding-scheme/hkma-rewrite-regulatory-corporate-sector could not be mapped to a rosettaField
cdm-sample-files/events/Trade-Correction-ex02.xml,Fail_MappedNone,trade.tradeHeader.partyTradeInformation(1).reportingRegime(4).mandatorilyClearable,trade.tradeHeader.partyTradeInformation.reportingRegime.mandatorilyClearable,0,,Element with value false could not be mapped to a rosettaField
cdm-sample-files/events/Trade-Correction-ex02.xml,Fail_MappedNone,trade.tradeHeader.partyTradeInformation(0).reportingRegime(1).name,trade.tradeHeader.partyTradeInformation.reportingRegime.name,0,,Element with value UKEMIR could not be mapped to a rosettaField
cdm-sample-files/events/Trade-Correction-ex02.xml,Fail_MappedNone,trade.tradeHeader.partyTradeInformation(0).reportingRegime(1).mandatorilyClearable,trade.tradeHeader.partyTradeInformation.reportingRegime.mandatorilyClearable,0,,Element with value false could not be mapped to a rosettaField
cdm-sample-files/events/Trade-Correction-ex02.xml,Fail_MappedNone,trade.tradeHeader.partyTradeInformation(1).reportingRegime(1).reportingRole,trade.tradeHeader.partyTradeInformation.reportingRegime.reportingRole,0,,Element with value ReportingParty could not be mapped to a rosettaField
cdm-sample-files/events/Trade-Correction-ex02.xml,Fail_MappedNone,trade.tradeHeader.partyTradeInformation(1).reportingRegime(3).name,trade.tradeHeader.partyTradeInformation.reportingRegime.name,0,,Element with value CSA could not be mapped to a rosettaField
cdm-sample-files/events/Trade-Correction-ex02.xml,Fail_MappedNone,trade.tradeHeader.partyTradeInformation(0).reportingRegime(4).entityClassification,trade.tradeHeader.partyTradeInformation.reportingRegime.entityClassification,0,,Element with value Financial could not be mapped to a rosettaField
cdm-sample-files/events/Trade-Correction-ex02.xml,Fail_MappedNone,trade.tradeHeader.partyTradeInformation(0).timestamps.nonpubliclyReported,trade.tradeHeader.partyTradeInformation.timestamps.nonpubliclyReported,0,,Element with value 2011-02-04T16:25:08Z could not be mapped to a rosettaField
cdm-sample-files/events/Trade-Correction-ex02.xml,Fail_MappedNone,trade.tradeHeader.partyTradeInformation(1).reportingRegime(3).mandatorilyClearable,trade.tradeHeader.partyTradeInformation.reportingRegime.mandatorilyClearable,0,,Element with value false could not be mapped to a rosettaField
cdm-sample-files/events/Trade-Correction-ex02.xml,Fail_MappedNone,trade.tradeHeader.partyTradeInformation(0).timestamps.publicReportUpdated,trade.tradeHeader.partyTradeInformation.timestamps.publicReportUpdated,0,,Element with value 2011-02-04T16:22:12Z could not be mapped to a rosettaField
cdm-sample-files/events/Trade-Correction-ex02.xml,Fail_MappedNone,trade.tradeHeader.partyTradeInformation(0).reportingRegime(4).supervisorRegistration.supervisoryBody,trade.tradeHeader.partyTradeInformation.reportingRegime.supervisorRegistration.supervisoryBody,0,,Element with value HKMA could not be mapped to a rosettaField
cdm-sample-files/events/Trade-Correction-ex02.xml,Fail_MappedNone,trade.tradeHeader.partyTradeInformation(0).timestamps.updatedForClearing,trade.tradeHeader.partyTradeInformation.timestamps.updatedForClearing,0,,Element with value 2011-02-04T17:32:12Z could not be mapped to a rosettaField
cdm-sample-files/events/Trade-Correction-ex02.xml,Fail_MappedNone,trade.tradeHeader.partyTradeInformation(1).reportingRegime(0).supervisorRegistration.supervisoryBody,trade.tradeHeader.partyTradeInformation.reportingRegime.supervisorRegistration.supervisoryBody,0,,Element with value ESMA could not be mapped to a rosettaField
cdm-sample-files/events/Trade-Correction-ex02.xml,Fail_MappedNone,trade.tradeHeader.partyTradeInformation(0).reportingRegime(2).name,trade.tradeHeader.partyTradeInformation.reportingRegime.name,0,,Element with value JFSA could not be mapped to a rosettaField
cdm-sample-files/events/Trade-Correction-ex02.xml,Fail_MappedNone,trade.tradeHeader.partyTradeInformation(0).executionVenueType,trade.tradeHeader.partyTradeInformation.executionVenueType,0,,Element with value SEF could not be mapped to a rosettaField
cdm-sample-files/events/Trade-Correction-ex02.xml,Fail_MappedNone,trade.tradeHeader.partyTradeInformation(1).reportingRegime(0).reportingRole,trade.tradeHeader.partyTradeInformation.reportingRegime.reportingRole,0,,Element with value ReportingParty could not be mapped to a rosettaField
cdm-sample-files/events/Trade-Correction-ex02.xml,Fail_MappedNone,trade.tradeHeader.partyTradeInformation(0).reportingRegime(0).mandatorilyClearable,trade.tradeHeader.partyTradeInformation.reportingRegime.mandatorilyClearable,0,,Element with value false could not be mapped to a rosettaField
cdm-sample-files/events/Trade-Correction-ex02.xml,Fail_MappedNone,party(0)[id=party1].classification(1)[industryClassificationScheme=http://www.fpml.org/coding-scheme/hkma-rewrite-regulatory-corporate-sector],party[id=party1].classification[industryClassificationScheme=http://www.fpml.org/coding-scheme/hkma-rewrite-regulatory-corporate-sector],0,,Element with value CDTI could not be mapped to a rosettaField
cdm-sample-files/events/Trade-Correction-ex02.xml,Fail_MappedNone,quote.value,quote.value,0,,Element with value 1235 could not be mapped to a rosettaField
cdm-sample-files/events/Trade-Correction-ex02.xml,Fail_MappedNone,trade.tradeHeader.partyTradeInformation(1).reportingRegime(3).entityClassification[entityClassificationScheme=http://www.fpml.org/coding-scheme/cftc-entity-classification].entityClassificationScheme,trade.tradeHeader.partyTradeInformation.reportingRegime.entityClassification[entityClassificationScheme=http://www.fpml.org/coding-scheme/cftc-entity-classification].entityClassificationScheme,0,,Element with value http://www.fpml.org/coding-scheme/cftc-entity-classification could not be mapped to a rosettaField
cdm-sample-files/events/Trade-Correction-ex02.xml,Fail_MappedNone,trade.tradeHeader.partyTradeInformation(1).reportingRegime(4).name,trade.tradeHeader.partyTradeInformation.reportingRegime.name,0,,Element with value HKTR could not be mapped to a rosettaField
cdm-sample-files/events/Trade-Correction-ex02.xml,Fail_MappedNone,trade.tradeHeader.partyTradeInformation(0).timestamps.publiclyReported,trade.tradeHeader.partyTradeInformation.timestamps.publiclyReported,0,,Element with value 2011-02-04T16:20:08Z could not be mapped to a rosettaField
cdm-sample-files/events/Trade-Correction-ex02.xml,Fail_MappedNone,trade.tradeHeader.partyTradeInformation(1).reportingRegime(3).entityClassification[entityClassificationScheme=http://www.fpml.org/coding-scheme/cftc-entity-classification],trade.tradeHeader.partyTradeInformation.reportingRegime.entityClassification[entityClassificationScheme=http://www.fpml.org/coding-scheme/cftc-entity-classification],0,,Element with value SBSD could not be mapped to a rosettaField
cdm-sample-files/events/Trade-Correction-ex02.xml,Fail_MappedNone,trade.tradeHeader.partyTradeInformation(1).reportingRegime(0).exceedsClearingThreshold,trade.tradeHeader.partyTradeInformation.reportingRegime.exceedsClearingThreshold,0,,Element with value true could not be mapped to a rosettaField
cdm-sample-files/events/Trade-Correction-ex02.xml,Fail_MappedNone,trade.tradeHeader.partyTradeInformation(1).reportingRegime(2).supervisorRegistration.supervisoryBody,trade.tradeHeader.partyTradeInformation.reportingRegime.supervisorRegistration.supervisoryBody,0,,Element with value JFSA could not be mapped to a rosettaField
cdm-sample-files/events/Trade-Correction-ex02.xml,Fail_MappedNone,trade.tradeHeader.partyTradeInformation(0).reportingRegime(1).reportingPurpose,trade.tradeHeader.partyTradeInformation.reportingRegime.reportingPurpose,0,,Element with value PrimaryEconomicTerms could not be mapped to a rosettaField
cdm-sample-files/events/Trade-Correction-ex02.xml,Fail_MappedNone,trade.tradeHeader.partyTradeInformation(0).timestamps.submittedForConfirmation,trade.tradeHeader.partyTradeInformation.timestamps.submittedForConfirmation,0,,Element with value 2011-02-04T16:22:12Z could not be mapped to a rosettaField
cdm-sample-files/events/Trade-Correction-ex02.xml,Fail_MappedNone,trade.tradeHeader.partyTradeInformation(0).reportingRegime(3).name,trade.tradeHeader.partyTradeInformation.reportingRegime.name,0,,Element with value CSA could not be mapped to a rosettaField
cdm-sample-files/events/Trade-Correction-ex02.xml,Fail_MappedNone,party(1)[id=party2].classification(1)[industryClassificationScheme=http://www.fpml.org/coding-scheme/hkma-rewrite-regulatory-corporate-sector],party[id=party2].classification[industryClassificationScheme=http://www.fpml.org/coding-scheme/hkma-rewrite-regulatory-corporate-sector],0,,Element with value AIFD could not be mapped to a rosettaField
cdm-sample-files/events/Trade-Correction-ex02.xml,Fail_MappedNone,trade.tradeHeader.partyTradeInformation(1).reportingRegime(3).reportingRole,trade.tradeHeader.partyTradeInformation.reportingRegime.reportingRole,0,,Element with value ReportingParty could not be mapped to a rosettaField
cdm-sample-files/events/Trade-Correction-ex02.xml,Fail_MappedNone,trade.tradeHeader.partyTradeInformation(1).reportingRegime(1).mandatorilyClearable,trade.tradeHeader.partyTradeInformation.reportingRegime.mandatorilyClearable,0,,Element with value false could not be mapped to a rosettaField
cdm-sample-files/events/Trade-Correction-ex02.xml,Fail_MappedNone,party(0)[id=party1].classification(0)[industryClassificationScheme=http://www.fpml.org/coding-scheme/esma-emir-refit-regulatory-corporate-sector],party[id=party1].classification[industryClassificationScheme=http://www.fpml.org/coding-scheme/esma-emir-refit-regulatory-corporate-sector],0,,Element with value CDTI could not be mapped to a rosettaField
cdm-sample-files/events/Trade-Correction-ex02.xml,Fail_MappedMultiple,party(0)[id=party1].partyId[partyIdScheme=http://www.fpml.org/coding-scheme/external/iso17442].partyIdScheme,party[id=party1].partyId[partyIdScheme=http://www.fpml.org/coding-scheme/external/iso17442].partyIdScheme,2,ReportableEvent.originatingWorkflowStep.proposedEvent.instruction(0).before.value.trade.party(0).partyId(0).identifierType=[LEI] ReportableEvent.originatingWorkflowStep.proposedEvent.instruction(0).before.value.trade.party(0).partyId(0).identifier.meta.scheme=[http://www.fpml.org/coding-scheme/external/iso17442],Element mapped to multiple rosettaFields
cdm-sample-files/events/Trade-Correction-ex02.xml,Fail_MappedNone,trade.tradeHeader.partyTradeInformation(0).reportingRegime(1).reportingRole,trade.tradeHeader.partyTradeInformation.reportingRegime.reportingRole,0,,Element with value ReportingParty could not be mapped to a rosettaField
cdm-sample-files/events/Trade-Correction-ex02.xml,Fail_MappedNone,trade.tradeHeader.partyTradeInformation(0).reportingRegime(0).reportingPurpose,trade.tradeHeader.partyTradeInformation.reportingRegime.reportingPurpose,0,,Element with value PrimaryEconomicTerms could not be mapped to a rosettaField
cdm-sample-files/events/Trade-Correction-ex02.xml,Fail_MappedNone,trade.tradeHeader.partyTradeInformation(0).reportingRegime(4).name,trade.tradeHeader.partyTradeInformation.reportingRegime.name,0,,Element with value HKTR could not be mapped to a rosettaField
cdm-sample-files/events/Trade-Correction-ex02.xml,Fail_MappedNone,trade.tradeHeader.partyTradeInformation(1).reportingRegime(4).entityClassification,trade.tradeHeader.partyTradeInformation.reportingRegime.entityClassification,0,,Element with value Financial could not be mapped to a rosettaField
cdm-sample-files/events/Trade-Correction-ex02.xml,Fail_MappedNone,trade.tradeHeader.partyTradeInformation(0).largeSizeTrade,trade.tradeHeader.partyTradeInformation.largeSizeTrade,0,,Element with value false could not be mapped to a rosettaField
cdm-sample-files/events/Trade-Correction-ex02.xml,Fail_MappedNone,quote.currency,quote.currency,0,,Element with value USD could not be mapped to a rosettaField
cdm-sample-files/events/Trade-Correction-ex02.xml,Fail_MappedMultiple,party(1)[id=party2].partyId[partyIdScheme=http://www.fpml.org/coding-scheme/external/iso17442].partyIdScheme,party[id=party2].partyId[partyIdScheme=http://www.fpml.org/coding-scheme/external/iso17442].partyIdScheme,2,ReportableEvent.originatingWorkflowStep.proposedEvent.instruction(0).before.value.trade.party(1).partyId(0).identifier.meta.scheme=[http://www.fpml.org/coding-scheme/external/iso17442] ReportableEvent.originatingWorkflowStep.proposedEvent.instruction(0).before.value.trade.party(1).partyId(0).identifierType=[LEI],Element mapped to multiple rosettaFields
cdm-sample-files/events/Trade-Correction-ex02.xml,Fail_MappedNone,trade.tradeHeader.partyTradeInformation(1).reportingRegime(2).reportingRole,trade.tradeHeader.partyTradeInformation.reportingRegime.reportingRole,0,,Element with value ReportingParty could not be mapped to a rosettaField
cdm-sample-files/events/Trade-Correction-ex02.xml,Fail_MappedNone,trade.tradeHeader.partyTradeInformation(0).reportingRegime(3).entityClassification[entityClassificationScheme=http://www.fpml.org/coding-scheme/cftc-entity-classification].entityClassificationScheme,trade.tradeHeader.partyTradeInformation.reportingRegime.entityClassification[entityClassificationScheme=http://www.fpml.org/coding-scheme/cftc-entity-classification].entityClassificationScheme,0,,Element with value http://www.fpml.org/coding-scheme/cftc-entity-classification could not be mapped to a rosettaField
cdm-sample-files/events/Trade-Correction-ex02.xml,Fail_MappedNone,trade.tradeHeader.partyTradeInformation(1).reportingRegime(1).supervisorRegistration.supervisoryBody,trade.tradeHeader.partyTradeInformation.reportingRegime.supervisorRegistration.supervisoryBody,0,,Element with value FCA could not be mapped to a rosettaField
cdm-sample-files/events/Trade-Correction-ex02.xml,Fail_MappedNone,trade.tradeHeader.partyTradeInformation(1).reportingRegime(1).reportingPurpose,trade.tradeHeader.partyTradeInformation.reportingRegime.reportingPurpose,0,,Element with value PrimaryEconomicTerms could not be mapped to a rosettaField
cdm-sample-files/events/Trade-Correction-ex02.xml,Fail_MappedNone,trade.tradeHeader.partyTradeInformation(0).reportingRegime(3).entityClassification[entityClassificationScheme=http://www.fpml.org/coding-scheme/cftc-entity-classification],trade.tradeHeader.partyTradeInformation.reportingRegime.entityClassification[entityClassificationScheme=http://www.fpml.org/coding-scheme/cftc-entity-classification],0,,Element with value SBSD could not be mapped to a rosettaField
cdm-sample-files/events/Trade-Correction-ex02.xml,Fail_MappedNone,sequenceNumber,sequenceNumber,0,,Element with value 2 could not be mapped to a rosettaField
cdm-sample-files/events/Trade-Correction-ex02.xml,Fail_MappedNone,trade.tradeHeader.partyTradeInformation(1).reportingRegime(0).mandatorilyClearable,trade.tradeHeader.partyTradeInformation.reportingRegime.mandatorilyClearable,0,,Element with value false could not be mapped to a rosettaField
cdm-sample-files/events/Trade-Correction-ex02.xml,Fail_MappedNone,trade.tradeHeader.partyTradeInformation(0).reportingRegime(0).supervisorRegistration.supervisoryBody,trade.tradeHeader.partyTradeInformation.reportingRegime.supervisorRegistration.supervisoryBody,0,,Element with value ESMA could not be mapped to a rosettaField
cdm-sample-files/events/Trade-Correction-ex02.xml,Fail_MappedNone,party(1)[id=party2].classification(0)[industryClassificationScheme=http://www.fpml.org/coding-scheme/esma-emir-refit-regulatory-corporate-sector],party[id=party2].classification[industryClassificationScheme=http://www.fpml.org/coding-scheme/esma-emir-refit-regulatory-corporate-sector],0,,Element with value AIFD could not be mapped to a rosettaField
cdm-sample-files/events/Trade-Correction-ex02.xml,Fail_MappedNone,trade.tradeHeader.partyTradeInformation(0).reportingRegime(0).reportingRole,trade.tradeHeader.partyTradeInformation.reportingRegime.reportingRole,0,,Element with value ReportingParty could not be mapped to a rosettaField
cdm-sample-files/events/Trade-Modify-Amendment.xml,Fail_MappedNone,amendment.trade.tradeHeader.partyTradeInformation(1).reportingRegime(0).entityClassification[entityClassificationScheme=http://www.fpml.org/coding-scheme/esma-entity-classification].entityClassificationScheme,amendment.trade.tradeHeader.partyTradeInformation.reportingRegime.entityClassification[entityClassificationScheme=http://www.fpml.org/coding-scheme/esma-entity-classification].entityClassificationScheme,0,,Element with value http://www.fpml.org/coding-scheme/esma-entity-classification could not be mapped to a rosettaField
cdm-sample-files/events/Trade-Modify-Amendment.xml,Fail_MappedNone,amendment.trade.swap.swapStream(1).paymentDates.calculationPeriodDatesReference[href=fixedCalcPeriodDates].href,amendment.trade.swap.swapStream.paymentDates.calculationPeriodDatesReference[href=fixedCalcPeriodDates].href,0,,Element with value fixedCalcPeriodDates could not be mapped to a rosettaField
cdm-sample-files/events/Trade-Modify-Amendment.xml,Fail_MappedNone,amendment.trade.tradeHeader.partyTradeInformation(0).reportingRegime(2).name,amendment.trade.tradeHeader.partyTradeInformation.reportingRegime.name,0,,Element with value JFSA could not be mapped to a rosettaField
cdm-sample-files/events/Trade-Modify-Amendment.xml,Fail_MappedNone,correlationId[correlationIdScheme=http://fpml.org/event_id].correlationIdScheme,correlationId[correlationIdScheme=http://fpml.org/event_id].correlationIdScheme,0,,Element with value http://fpml.org/event_id could not be mapped to a rosettaField
cdm-sample-files/events/Trade-Modify-Amendment.xml,Fail_MappedNone,amendment.trade.tradeHeader.partyTradeInformation(0).reportingRegime(1).supervisorRegistration.supervisoryBody,amendment.trade.tradeHeader.partyTradeInformation.reportingRegime.supervisorRegistration.supervisoryBody,0,,Element with value FCA could not be mapped to a rosettaField
cdm-sample-files/events/Trade-Modify-Amendment.xml,Fail_MappedNone,party(1)[id=party2].classification(0)[industryClassificationScheme=http://www.fpml.org/coding-scheme/esma-emir-refit-regulatory-corporate-sector].industryClassificationScheme,party[id=party2].classification[industryClassificationScheme=http://www.fpml.org/coding-scheme/esma-emir-refit-regulatory-corporate-sector].industryClassificationScheme,0,,Element with value http://www.fpml.org/coding-scheme/esma-emir-refit-regulatory-corporate-sector could not be mapped to a rosettaField
cdm-sample-files/events/Trade-Modify-Amendment.xml,Fail_MappedNone,amendment.trade.tradeHeader.partyTradeInformation(1).reportingRegime(2).reportingRole,amendment.trade.tradeHeader.partyTradeInformation.reportingRegime.reportingRole,0,,Element with value ReportingParty could not be mapped to a rosettaField
cdm-sample-files/events/Trade-Modify-Amendment.xml,Fail_MappedNone,amendment.trade.tradeHeader.partyTradeInformation(1).reportingRegime(3).name,amendment.trade.tradeHeader.partyTradeInformation.reportingRegime.name,0,,Element with value CSA could not be mapped to a rosettaField
cdm-sample-files/events/Trade-Modify-Amendment.xml,Fail_MappedNone,amendment.trade.tradeHeader.partyTradeInformation(0).reportingRegime(4).entityClassification,amendment.trade.tradeHeader.partyTradeInformation.reportingRegime.entityClassification,0,,Element with value Financial could not be mapped to a rosettaField
cdm-sample-files/events/Trade-Modify-Amendment.xml,Fail_MappedNone,amendment.trade.tradeHeader.partyTradeInformation(1).reportingRegime(3).mandatorilyClearable,amendment.trade.tradeHeader.partyTradeInformation.reportingRegime.mandatorilyClearable,0,,Element with value false could not be mapped to a rosettaField
cdm-sample-files/events/Trade-Modify-Amendment.xml,Fail_MappedNone,amendment.trade.tradeHeader.partyTradeInformation(1).reportingRegime(2).supervisorRegistration.supervisoryBody,amendment.trade.tradeHeader.partyTradeInformation.reportingRegime.supervisorRegistration.supervisoryBody,0,,Element with value JFSA could not be mapped to a rosettaField
cdm-sample-files/events/Trade-Modify-Amendment.xml,Fail_MappedNone,amendment.trade.tradeHeader.partyTradeInformation(0).reportingRegime(1).reportingRole,amendment.trade.tradeHeader.partyTradeInformation.reportingRegime.reportingRole,0,,Element with value ReportingParty could not be mapped to a rosettaField
cdm-sample-files/events/Trade-Modify-Amendment.xml,Fail_MappedNone,amendment.trade.tradeHeader.partyTradeInformation(0).reportingRegime(3).name,amendment.trade.tradeHeader.partyTradeInformation.reportingRegime.name,0,,Element with value CSA could not be mapped to a rosettaField
cdm-sample-files/events/Trade-Modify-Amendment.xml,Fail_MappedNone,amendment.effectiveDate,amendment.effectiveDate,0,,Element with value 2011-03-03Z could not be mapped to a rosettaField
cdm-sample-files/events/Trade-Modify-Amendment.xml,Fail_MappedNone,amendment.trade.tradeHeader.partyTradeInformation(1).reportingRegime(0).exceedsClearingThreshold,amendment.trade.tradeHeader.partyTradeInformation.reportingRegime.exceedsClearingThreshold,0,,Element with value true could not be mapped to a rosettaField
cdm-sample-files/events/Trade-Modify-Amendment.xml,Fail_MappedNone,amendment.trade.tradeHeader.partyTradeInformation(1).reportingRegime(3).reportingRole,amendment.trade.tradeHeader.partyTradeInformation.reportingRegime.reportingRole,0,,Element with value ReportingParty could not be mapped to a rosettaField
cdm-sample-files/events/Trade-Modify-Amendment.xml,Fail_MappedNone,party(1)[id=party2].classification(1)[industryClassificationScheme=http://www.fpml.org/coding-scheme/hkma-rewrite-regulatory-corporate-sector].industryClassificationScheme,party[id=party2].classification[industryClassificationScheme=http://www.fpml.org/coding-scheme/hkma-rewrite-regulatory-corporate-sector].industryClassificationScheme,0,,Element with value http://www.fpml.org/coding-scheme/hkma-rewrite-regulatory-corporate-sector could not be mapped to a rosettaField
cdm-sample-files/events/Trade-Modify-Amendment.xml,Fail_MappedNone,amendment.trade.tradeHeader.partyTradeInformation(0).reportingRegime(1).mandatorilyClearable,amendment.trade.tradeHeader.partyTradeInformation.reportingRegime.mandatorilyClearable,0,,Element with value false could not be mapped to a rosettaField
cdm-sample-files/events/Trade-Modify-Amendment.xml,Fail_MappedNone,amendment.trade.tradeHeader.partyTradeInformation(1).reportingRegime(3).supervisorRegistration.supervisoryBody,amendment.trade.tradeHeader.partyTradeInformation.reportingRegime.supervisorRegistration.supervisoryBody,0,,Element with value CA.AB.ASC could not be mapped to a rosettaField
cdm-sample-files/events/Trade-Modify-Amendment.xml,Fail_MappedNone,amendment.trade.tradeHeader.partyTradeInformation(0).reportingRegime(0).mandatorilyClearable,amendment.trade.tradeHeader.partyTradeInformation.reportingRegime.mandatorilyClearable,0,,Element with value false could not be mapped to a rosettaField
cdm-sample-files/events/Trade-Modify-Amendment.xml,Fail_MappedNone,party(0)[id=party1].organizationType,party[id=party1].organizationType,0,,Element with value SD could not be mapped to a rosettaField
cdm-sample-files/events/Trade-Modify-Amendment.xml,Fail_MappedNone,amendment.trade.tradeHeader.partyTradeInformation(1).reportingRegime(4).name,amendment.trade.tradeHeader.partyTradeInformation.reportingRegime.name,0,,Element with value HKTR could not be mapped to a rosettaField
cdm-sample-files/events/Trade-Modify-Amendment.xml,Fail_MappedMultiple,party(2)[id=broker1].partyId[partyIdScheme=http://www.fpml.org/coding-scheme/external/iso17442].partyIdScheme,party[id=broker1].partyId[partyIdScheme=http://www.fpml.org/coding-scheme/external/iso17442].partyIdScheme,2,ReportableEvent.originatingWorkflowStep.proposedEvent.instruction(0).before.value.trade.party(2).partyId(0).identifierType=[LEI] ReportableEvent.originatingWorkflowStep.proposedEvent.instruction(0).before.value.trade.party(2).partyId(0).identifier.meta.scheme=[http://www.fpml.org/coding-scheme/external/iso17442],Element mapped to multiple rosettaFields
cdm-sample-files/events/Trade-Modify-Amendment.xml,Fail_MappedNone,amendment.trade.tradeHeader.partyTradeInformation(0).reportingRegime(2).reportingRole,amendment.trade.tradeHeader.partyTradeInformation.reportingRegime.reportingRole,0,,Element with value ReportingParty could not be mapped to a rosettaField
cdm-sample-files/events/Trade-Modify-Amendment.xml,Fail_MappedNone,amendment.trade.tradeHeader.partyTradeInformation(1).reportingRegime(4).supervisorRegistration.supervisoryBody,amendment.trade.tradeHeader.partyTradeInformation.reportingRegime.supervisorRegistration.supervisoryBody,0,,Element with value HKMA could not be mapped to a rosettaField
cdm-sample-files/events/Trade-Modify-Amendment.xml,Fail_MappedNone,amendment.trade.tradeHeader.partyTradeInformation(1).reportingRegime(0).entityClassification[entityClassificationScheme=http://www.fpml.org/coding-scheme/esma-entity-classification],amendment.trade.tradeHeader.partyTradeInformation.reportingRegime.entityClassification[entityClassificationScheme=http://www.fpml.org/coding-scheme/esma-entity-classification],0,,Element with value Financial could not be mapped to a rosettaField
cdm-sample-files/events/Trade-Modify-Amendment.xml,Fail_MappedNone,amendment.trade.tradeHeader.partyTradeInformation(0).reportingRegime(0).name,amendment.trade.tradeHeader.partyTradeInformation.reportingRegime.name,0,,Element with value EMIR could not be mapped to a rosettaField
cdm-sample-files/events/Trade-Modify-Amendment.xml,Fail_MappedNone,amendment.trade.tradeHeader.partyTradeInformation(1).reportingRegime(1).exceedsClearingThreshold,amendment.trade.tradeHeader.partyTradeInformation.reportingRegime.exceedsClearingThreshold,0,,Element with value true could not be mapped to a rosettaField
cdm-sample-files/events/Trade-Modify-Amendment.xml,Fail_MappedNone,amendment.trade.tradeHeader.partyTradeInformation(0).reportingRegime(0).entityClassification[entityClassificationScheme=http://www.fpml.org/coding-scheme/esma-entity-classification].entityClassificationScheme,amendment.trade.tradeHeader.partyTradeInformation.reportingRegime.entityClassification[entityClassificationScheme=http://www.fpml.org/coding-scheme/esma-entity-classification].entityClassificationScheme,0,,Element with value http://www.fpml.org/coding-scheme/esma-entity-classification could not be mapped to a rosettaField
cdm-sample-files/events/Trade-Modify-Amendment.xml,Fail_MappedNone,amendment.trade.tradeHeader.partyTradeInformation(0).reportingRegime(4).mandatorilyClearable,amendment.trade.tradeHeader.partyTradeInformation.reportingRegime.mandatorilyClearable,0,,Element with value false could not be mapped to a rosettaField
cdm-sample-files/events/Trade-Modify-Amendment.xml,Fail_MappedMultiple,party(3)[id=clearing-svc].partyId[partyIdScheme=http://www.fpml.org/coding-scheme/external/iso17442].partyIdScheme,party[id=clearing-svc].partyId[partyIdScheme=http://www.fpml.org/coding-scheme/external/iso17442].partyIdScheme,2,ReportableEvent.originatingWorkflowStep.proposedEvent.instruction(0).before.value.trade.party(3).partyId(0).identifierType=[LEI] ReportableEvent.originatingWorkflowStep.proposedEvent.instruction(0).before.value.trade.party(3).partyId(0).identifier.meta.scheme=[http://www.fpml.org/coding-scheme/external/iso17442],Element mapped to multiple rosettaFields
cdm-sample-files/events/Trade-Modify-Amendment.xml,Fail_MappedNone,amendment.trade.tradeHeader.partyTradeInformation(1).reportingRegime(4).reportingRole,amendment.trade.tradeHeader.partyTradeInformation.reportingRegime.reportingRole,0,,Element with value ReportingParty could not be mapped to a rosettaField
cdm-sample-files/events/Trade-Modify-Amendment.xml,Fail_MappedNone,party(1)[id=party2].organizationType,party[id=party2].organizationType,0,,Element with value SD could not be mapped to a rosettaField
cdm-sample-files/events/Trade-Modify-Amendment.xml,Fail_MappedNone,amendment.trade.tradeHeader.partyTradeInformation(1).reportingRegime(1).entityClassification[entityClassificationScheme=http://www.fpml.org/coding-scheme/esma-entity-classification].entityClassificationScheme,amendment.trade.tradeHeader.partyTradeInformation.reportingRegime.entityClassification[entityClassificationScheme=http://www.fpml.org/coding-scheme/esma-entity-classification].entityClassificationScheme,0,,Element with value http://www.fpml.org/coding-scheme/esma-entity-classification could not be mapped to a rosettaField
cdm-sample-files/events/Trade-Modify-Amendment.xml,Fail_MappedNone,amendment.trade.tradeHeader.partyTradeInformation(1).reportingRegime(1).name,amendment.trade.tradeHeader.partyTradeInformation.reportingRegime.name,0,,Element with value UKEMIR could not be mapped to a rosettaField
cdm-sample-files/events/Trade-Modify-Amendment.xml,Fail_MappedNone,amendment.trade.tradeHeader.partyTradeInformation(0).reportingRegime(2).supervisorRegistration.supervisoryBody,amendment.trade.tradeHeader.partyTradeInformation.reportingRegime.supervisorRegistration.supervisoryBody,0,,Element with value JFSA could not be mapped to a rosettaField
cdm-sample-files/events/Trade-Modify-Amendment.xml,Fail_MappedNone,onBehalfOf.partyReference[href=party1].href,onBehalfOf.partyReference[href=party1].href,0,,Element with value party1 could not be mapped to a rosettaField
cdm-sample-files/events/Trade-Modify-Amendment.xml,Fail_MappedNone,amendment.trade.tradeHeader.partyTradeInformation(0).reportingRegime(0).exceedsClearingThreshold,amendment.trade.tradeHeader.partyTradeInformation.reportingRegime.exceedsClearingThreshold,0,,Element with value true could not be mapped to a rosettaField
cdm-sample-files/events/Trade-Modify-Amendment.xml,Fail_MappedNone,amendment.trade.tradeHeader.partyTradeInformation(0).reportingRegime(3).reportingRole,amendment.trade.tradeHeader.partyTradeInformation.reportingRegime.reportingRole,0,,Element with value ReportingParty could not be mapped to a rosettaField
cdm-sample-files/events/Trade-Modify-Amendment.xml,Fail_MappedNone,party(0)[id=party1].classification(0)[industryClassificationScheme=http://www.fpml.org/coding-scheme/esma-emir-refit-regulatory-corporate-sector].industryClassificationScheme,party[id=party1].classification[industryClassificationScheme=http://www.fpml.org/coding-scheme/esma-emir-refit-regulatory-corporate-sector].industryClassificationScheme,0,,Element with value http://www.fpml.org/coding-scheme/esma-emir-refit-regulatory-corporate-sector could not be mapped to a rosettaField
cdm-sample-files/events/Trade-Modify-Amendment.xml,Fail_MappedNone,amendment.trade.tradeHeader.partyTradeInformation(1).reportingRegime(1).entityClassification[entityClassificationScheme=http://www.fpml.org/coding-scheme/esma-entity-classification],amendment.trade.tradeHeader.partyTradeInformation.reportingRegime.entityClassification[entityClassificationScheme=http://www.fpml.org/coding-scheme/esma-entity-classification],0,,Element with value Financial could not be mapped to a rosettaField
cdm-sample-files/events/Trade-Modify-Amendment.xml,Fail_MappedNone,amendment.trade.tradeHeader.partyTradeInformation(0).reportingRegime(1).name,amendment.trade.tradeHeader.partyTradeInformation.reportingRegime.name,0,,Element with value UKEMIR could not be mapped to a rosettaField
cdm-sample-files/events/Trade-Modify-Amendment.xml,Fail_MappedNone,amendment.trade.tradeHeader.partyTradeInformation(0).reportingRegime(3).supervisorRegistration.supervisoryBody,amendment.trade.tradeHeader.partyTradeInformation.reportingRegime.supervisorRegistration.supervisoryBody,0,,Element with value CA.AB.ASC could not be mapped to a rosettaField
cdm-sample-files/events/Trade-Modify-Amendment.xml,Fail_MappedNone,amendment.trade.tradeHeader.partyTradeInformation(0).reportingRegime(3).mandatorilyClearable,amendment.trade.tradeHeader.partyTradeInformation.reportingRegime.mandatorilyClearable,0,,Element with value false could not be mapped to a rosettaField
cdm-sample-files/events/Trade-Modify-Amendment.xml,Success,amendment.executionDateTime,amendment.executionDateTime,1,ReportableEvent.originatingWorkflowStep.proposedEvent.eventDate=[2011-03-01],Element mapped to already populated field
cdm-sample-files/events/Trade-Modify-Amendment.xml,Fail_MappedNone,amendment.trade.tradeHeader.partyTradeInformation(0).relatedBusinessUnit.businessUnitReference[href=desk1].href,amendment.trade.tradeHeader.partyTradeInformation.relatedBusinessUnit.businessUnitReference[href=desk1].href,0,,Element with value desk1 could not be mapped to a rosettaField
cdm-sample-files/events/Trade-Modify-Amendment.xml,Fail_MappedNone,amendment.trade.tradeHeader.partyTradeInformation(1).reportingRegime(2).name,amendment.trade.tradeHeader.partyTradeInformation.reportingRegime.name,0,,Element with value JFSA could not be mapped to a rosettaField
cdm-sample-files/events/Trade-Modify-Amendment.xml,Fail_MappedNone,correlationId[correlationIdScheme=http://fpml.org/event_id],correlationId[correlationIdScheme=http://fpml.org/event_id],0,,Element with value TW9235-001 could not be mapped to a rosettaField
cdm-sample-files/events/Trade-Modify-Amendment.xml,Fail_MappedNone,amendment.trade.tradeHeader.partyTradeInformation(0).reportingRegime(1).exceedsClearingThreshold,amendment.trade.tradeHeader.partyTradeInformation.reportingRegime.exceedsClearingThreshold,0,,Element with value true could not be mapped to a rosettaField
cdm-sample-files/events/Trade-Modify-Amendment.xml,Fail_MappedNone,amendment.trade.tradeHeader.partyTradeInformation(1).reportingRegime(4).mandatorilyClearable,amendment.trade.tradeHeader.partyTradeInformation.reportingRegime.mandatorilyClearable,0,,Element with value false could not be mapped to a rosettaField
cdm-sample-files/events/Trade-Modify-Amendment.xml,Fail_MappedNone,amendment.trade.tradeHeader.partyTradeInformation(0).reportingRegime(4).reportingRole,amendment.trade.tradeHeader.partyTradeInformation.reportingRegime.reportingRole,0,,Element with value ReportingParty could not be mapped to a rosettaField
cdm-sample-files/events/Trade-Modify-Amendment.xml,Fail_MappedNone,party(0)[id=party1].classification(1)[industryClassificationScheme=http://www.fpml.org/coding-scheme/hkma-rewrite-regulatory-corporate-sector].industryClassificationScheme,party[id=party1].classification[industryClassificationScheme=http://www.fpml.org/coding-scheme/hkma-rewrite-regulatory-corporate-sector].industryClassificationScheme,0,,Element with value http://www.fpml.org/coding-scheme/hkma-rewrite-regulatory-corporate-sector could not be mapped to a rosettaField
cdm-sample-files/events/Trade-Modify-Amendment.xml,Fail_MappedNone,amendment.trade.tradeHeader.partyTradeInformation(0).reportingRegime(4).supervisorRegistration.supervisoryBody,amendment.trade.tradeHeader.partyTradeInformation.reportingRegime.supervisorRegistration.supervisoryBody,0,,Element with value HKMA could not be mapped to a rosettaField
cdm-sample-files/events/Trade-Modify-Amendment.xml,Fail_MappedNone,amendment.trade.tradeHeader.partyTradeInformation(0).intentToClear,amendment.trade.tradeHeader.partyTradeInformation.intentToClear,0,,Element with value true could not be mapped to a rosettaField
cdm-sample-files/events/Trade-Modify-Amendment.xml,Fail_MappedNone,amendment.trade.tradeHeader.partyTradeInformation(1).reportingRegime(1).reportingPurpose,amendment.trade.tradeHeader.partyTradeInformation.reportingRegime.reportingPurpose,0,,Element with value PrimaryEconomicTerms could not be mapped to a rosettaField
cdm-sample-files/events/Trade-Modify-Amendment.xml,Fail_MappedNone,amendment.trade.tradeHeader.partyTradeInformation(0).reportingRegime(0).entityClassification[entityClassificationScheme=http://www.fpml.org/coding-scheme/esma-entity-classification],amendment.trade.tradeHeader.partyTradeInformation.reportingRegime.entityClassification[entityClassificationScheme=http://www.fpml.org/coding-scheme/esma-entity-classification],0,,Element with value Financial could not be mapped to a rosettaField
cdm-sample-files/events/Trade-Modify-Amendment.xml,Fail_MappedNone,amendment.trade.tradeHeader.partyTradeInformation(0).executionType,amendment.trade.tradeHeader.partyTradeInformation.executionType,0,,Element with value Electronic could not be mapped to a rosettaField
cdm-sample-files/events/Trade-Modify-Amendment.xml,Fail_MappedNone,amendment.trade.tradeHeader.partyTradeInformation(0).reportingRegime(0).reportingPurpose,amendment.trade.tradeHeader.partyTradeInformation.reportingRegime.reportingPurpose,0,,Element with value PrimaryEconomicTerms could not be mapped to a rosettaField
cdm-sample-files/events/Trade-Modify-Amendment.xml,Fail_MappedNone,amendment.trade.tradeHeader.partyTradeInformation(0).reportingRegime(1).entityClassification[entityClassificationScheme=http://www.fpml.org/coding-scheme/esma-entity-classification].entityClassificationScheme,amendment.trade.tradeHeader.partyTradeInformation.reportingRegime.entityClassification[entityClassificationScheme=http://www.fpml.org/coding-scheme/esma-entity-classification].entityClassificationScheme,0,,Element with value http://www.fpml.org/coding-scheme/esma-entity-classification could not be mapped to a rosettaField
cdm-sample-files/events/Trade-Modify-Amendment.xml,Fail_MappedNone,amendment.trade.tradeHeader.partyTradeInformation(1).reportingRegime(3).entityClassification[entityClassificationScheme=http://www.fpml.org/coding-scheme/cftc-entity-classification],amendment.trade.tradeHeader.partyTradeInformation.reportingRegime.entityClassification[entityClassificationScheme=http://www.fpml.org/coding-scheme/cftc-entity-classification],0,,Element with value SBSD could not be mapped to a rosettaField
cdm-sample-files/events/Trade-Modify-Amendment.xml,Fail_MappedNone,amendment.trade.tradeHeader.partyTradeInformation(0).executionVenueType,amendment.trade.tradeHeader.partyTradeInformation.executionVenueType,0,,Element with value SEF could not be mapped to a rosettaField
cdm-sample-files/events/Trade-Modify-Amendment.xml,Fail_MappedNone,party(0)[id=party1].classification(1)[industryClassificationScheme=http://www.fpml.org/coding-scheme/hkma-rewrite-regulatory-corporate-sector],party[id=party1].classification[industryClassificationScheme=http://www.fpml.org/coding-scheme/hkma-rewrite-regulatory-corporate-sector],0,,Element with value AIFD could not be mapped to a rosettaField
cdm-sample-files/events/Trade-Modify-Amendment.xml,Fail_MappedNone,quote.value,quote.value,0,,Element with value 1235 could not be mapped to a rosettaField
cdm-sample-files/events/Trade-Modify-Amendment.xml,Fail_MappedNone,amendment.trade.tradeHeader.partyTradeInformation(1).reportingRegime(3).entityClassification[entityClassificationScheme=http://www.fpml.org/coding-scheme/cftc-entity-classification].entityClassificationScheme,amendment.trade.tradeHeader.partyTradeInformation.reportingRegime.entityClassification[entityClassificationScheme=http://www.fpml.org/coding-scheme/cftc-entity-classification].entityClassificationScheme,0,,Element with value http://www.fpml.org/coding-scheme/cftc-entity-classification could not be mapped to a rosettaField
cdm-sample-files/events/Trade-Modify-Amendment.xml,Fail_MappedNone,amendment.trade.tradeHeader.partyTradeInformation(1).reportingRegime(0).name,amendment.trade.tradeHeader.partyTradeInformation.reportingRegime.name,0,,Element with value EMIR could not be mapped to a rosettaField
cdm-sample-files/events/Trade-Modify-Amendment.xml,Fail_MappedNone,amendment.trade.tradeHeader.partyTradeInformation(0).reportingRegime(1).entityClassification[entityClassificationScheme=http://www.fpml.org/coding-scheme/esma-entity-classification],amendment.trade.tradeHeader.partyTradeInformation.reportingRegime.entityClassification[entityClassificationScheme=http://www.fpml.org/coding-scheme/esma-entity-classification],0,,Element with value Financial could not be mapped to a rosettaField
cdm-sample-files/events/Trade-Modify-Amendment.xml,Fail_MappedNone,amendment.trade.tradeHeader.partyTradeInformation(0).reportingRegime(1).reportingPurpose,amendment.trade.tradeHeader.partyTradeInformation.reportingRegime.reportingPurpose,0,,Element with value PrimaryEconomicTerms could not be mapped to a rosettaField
cdm-sample-files/events/Trade-Modify-Amendment.xml,Fail_MappedNone,amendment.trade.documentation.masterAgreement.masterAgreementVersion,amendment.trade.documentation.masterAgreement.masterAgreementVersion,0,,Element with value 2002 could not be mapped to a rosettaField
cdm-sample-files/events/Trade-Modify-Amendment.xml,Fail_MappedNone,amendment.trade.tradeHeader.partyTradeInformation(0).offMarketPrice,amendment.trade.tradeHeader.partyTradeInformation.offMarketPrice,0,,Element with value false could not be mapped to a rosettaField
cdm-sample-files/events/Trade-Modify-Amendment.xml,Fail_MappedNone,amendment.trade.tradeHeader.partyTradeInformation(1).reportingRegime(0).supervisorRegistration.supervisoryBody,amendment.trade.tradeHeader.partyTradeInformation.reportingRegime.supervisorRegistration.supervisoryBody,0,,Element with value ESMA could not be mapped to a rosettaField
cdm-sample-files/events/Trade-Modify-Amendment.xml,Fail_MappedNone,amendment.trade.tradeHeader.partyTradeInformation(1).reportingRegime(1).mandatorilyClearable,amendment.trade.tradeHeader.partyTradeInformation.reportingRegime.mandatorilyClearable,0,,Element with value false could not be mapped to a rosettaField
cdm-sample-files/events/Trade-Modify-Amendment.xml,Fail_MappedNone,amendment.trade.tradeHeader.partyTradeInformation(1).reportingRegime(4).entityClassification,amendment.trade.tradeHeader.partyTradeInformation.reportingRegime.entityClassification,0,,Element with value Financial could not be mapped to a rosettaField
cdm-sample-files/events/Trade-Modify-Amendment.xml,Fail_MappedNone,amendment.trade.tradeHeader.partyTradeInformation(0).reportingRegime(4).name,amendment.trade.tradeHeader.partyTradeInformation.reportingRegime.name,0,,Element with value HKTR could not be mapped to a rosettaField
cdm-sample-files/events/Trade-Modify-Amendment.xml,Fail_MappedNone,party(1)[id=party2].classification(1)[industryClassificationScheme=http://www.fpml.org/coding-scheme/hkma-rewrite-regulatory-corporate-sector],party[id=party2].classification[industryClassificationScheme=http://www.fpml.org/coding-scheme/hkma-rewrite-regulatory-corporate-sector],0,,Element with value CDTI could not be mapped to a rosettaField
cdm-sample-files/events/Trade-Modify-Amendment.xml,Fail_MappedNone,amendment.trade.tradeHeader.partyTradeInformation(1).reportingRegime(1).supervisorRegistration.supervisoryBody,amendment.trade.tradeHeader.partyTradeInformation.reportingRegime.supervisorRegistration.supervisoryBody,0,,Element with value FCA could not be mapped to a rosettaField
cdm-sample-files/events/Trade-Modify-Amendment.xml,Fail_MappedNone,amendment.trade.tradeHeader.partyTradeInformation(1).reportingRegime(0).reportingRole,amendment.trade.tradeHeader.partyTradeInformation.reportingRegime.reportingRole,0,,Element with value ReportingParty could not be mapped to a rosettaField
cdm-sample-files/events/Trade-Modify-Amendment.xml,Fail_MappedNone,amendment.trade.swap.swapStream(0).paymentDates.calculationPeriodDatesReference[href=floatingCalcPeriodDates].href,amendment.trade.swap.swapStream.paymentDates.calculationPeriodDatesReference[href=floatingCalcPeriodDates].href,0,,Element with value floatingCalcPeriodDates could not be mapped to a rosettaField
cdm-sample-files/events/Trade-Modify-Amendment.xml,Fail_MappedNone,party(0)[id=party1].classification(0)[industryClassificationScheme=http://www.fpml.org/coding-scheme/esma-emir-refit-regulatory-corporate-sector],party[id=party1].classification[industryClassificationScheme=http://www.fpml.org/coding-scheme/esma-emir-refit-regulatory-corporate-sector],0,,Element with value AIFD could not be mapped to a rosettaField
cdm-sample-files/events/Trade-Modify-Amendment.xml,Fail_MappedMultiple,party(0)[id=party1].partyId[partyIdScheme=http://www.fpml.org/coding-scheme/external/iso17442].partyIdScheme,party[id=party1].partyId[partyIdScheme=http://www.fpml.org/coding-scheme/external/iso17442].partyIdScheme,2,ReportableEvent.originatingWorkflowStep.proposedEvent.instruction(0).before.value.trade.party(0).partyId(0).identifierType=[LEI] ReportableEvent.originatingWorkflowStep.proposedEvent.instruction(0).before.value.trade.party(0).partyId(0).identifier.meta.scheme=[http://www.fpml.org/coding-scheme/external/iso17442],Element mapped to multiple rosettaFields
cdm-sample-files/events/Trade-Modify-Amendment.xml,Fail_MappedNone,amendment.trade.tradeHeader.partyTradeInformation(1).reportingRegime(0).mandatorilyClearable,amendment.trade.tradeHeader.partyTradeInformation.reportingRegime.mandatorilyClearable,0,,Element with value false could not be mapped to a rosettaField
cdm-sample-files/events/Trade-Modify-Amendment.xml,Fail_MappedNone,amendment.trade.tradeHeader.partyTradeInformation(0).largeSizeTrade,amendment.trade.tradeHeader.partyTradeInformation.largeSizeTrade,0,,Element with value false could not be mapped to a rosettaField
cdm-sample-files/events/Trade-Modify-Amendment.xml,Fail_MappedNone,amendment.trade.tradeHeader.partyTradeInformation(0).relatedBusinessUnit.role,amendment.trade.tradeHeader.partyTradeInformation.relatedBusinessUnit.role,0,,Element with value TradingDesk could not be mapped to a rosettaField
cdm-sample-files/events/Trade-Modify-Amendment.xml,Fail_MappedNone,amendment.trade.tradeHeader.partyTradeInformation(1).reportingRegime(0).reportingPurpose,amendment.trade.tradeHeader.partyTradeInformation.reportingRegime.reportingPurpose,0,,Element with value PrimaryEconomicTerms could not be mapped to a rosettaField
cdm-sample-files/events/Trade-Modify-Amendment.xml,Fail_MappedNone,quote.currency,quote.currency,0,,Element with value USD could not be mapped to a rosettaField
cdm-sample-files/events/Trade-Modify-Amendment.xml,Fail_MappedMultiple,party(1)[id=party2].partyId[partyIdScheme=http://www.fpml.org/coding-scheme/external/iso17442].partyIdScheme,party[id=party2].partyId[partyIdScheme=http://www.fpml.org/coding-scheme/external/iso17442].partyIdScheme,2,ReportableEvent.originatingWorkflowStep.proposedEvent.instruction(0).before.value.trade.party(1).partyId(0).identifier.meta.scheme=[http://www.fpml.org/coding-scheme/external/iso17442] ReportableEvent.originatingWorkflowStep.proposedEvent.instruction(0).before.value.trade.party(1).partyId(0).identifierType=[LEI],Element mapped to multiple rosettaFields
cdm-sample-files/events/Trade-Modify-Amendment.xml,Fail_MappedNone,amendment.trade.tradeHeader.partyTradeInformation(1).reportingRegime(1).reportingRole,amendment.trade.tradeHeader.partyTradeInformation.reportingRegime.reportingRole,0,,Element with value ReportingParty could not be mapped to a rosettaField
cdm-sample-files/events/Trade-Modify-Amendment.xml,Fail_MappedNone,amendment.trade.documentation.masterAgreement.masterAgreementType,amendment.trade.documentation.masterAgreement.masterAgreementType,0,,Element with value ISDA could not be mapped to a rosettaField
cdm-sample-files/events/Trade-Modify-Amendment.xml,Fail_MappedNone,amendment.trade.tradeHeader.partyTradeInformation(0).reportingRegime(3).entityClassification[entityClassificationScheme=http://www.fpml.org/coding-scheme/cftc-entity-classification],amendment.trade.tradeHeader.partyTradeInformation.reportingRegime.entityClassification[entityClassificationScheme=http://www.fpml.org/coding-scheme/cftc-entity-classification],0,,Element with value SBSD could not be mapped to a rosettaField
cdm-sample-files/events/Trade-Modify-Amendment.xml,Fail_MappedNone,sequenceNumber,sequenceNumber,0,,Element with value 1 could not be mapped to a rosettaField
cdm-sample-files/events/Trade-Modify-Amendment.xml,Fail_MappedNone,amendment.trade.tradeHeader.partyTradeInformation(0).reportingRegime(3).entityClassification[entityClassificationScheme=http://www.fpml.org/coding-scheme/cftc-entity-classification].entityClassificationScheme,amendment.trade.tradeHeader.partyTradeInformation.reportingRegime.entityClassification[entityClassificationScheme=http://www.fpml.org/coding-scheme/cftc-entity-classification].entityClassificationScheme,0,,Element with value http://www.fpml.org/coding-scheme/cftc-entity-classification could not be mapped to a rosettaField
cdm-sample-files/events/Trade-Modify-Amendment.xml,Fail_MappedNone,amendment.trade.tradeHeader.partyTradeInformation(0).reportingRegime(0).supervisorRegistration.supervisoryBody,amendment.trade.tradeHeader.partyTradeInformation.reportingRegime.supervisorRegistration.supervisoryBody,0,,Element with value ESMA could not be mapped to a rosettaField
cdm-sample-files/events/Trade-Modify-Amendment.xml,Fail_MappedNone,party(1)[id=party2].classification(0)[industryClassificationScheme=http://www.fpml.org/coding-scheme/esma-emir-refit-regulatory-corporate-sector],party[id=party2].classification[industryClassificationScheme=http://www.fpml.org/coding-scheme/esma-emir-refit-regulatory-corporate-sector],0,,Element with value CDTI could not be mapped to a rosettaField
cdm-sample-files/events/Trade-Modify-Amendment.xml,Fail_MappedNone,amendment.trade.tradeHeader.partyTradeInformation(0).reportingRegime(0).reportingRole,amendment.trade.tradeHeader.partyTradeInformation.reportingRegime.reportingRole,0,,Element with value ReportingParty could not be mapped to a rosettaField
cdm-sample-files/events/Trade-Modify-Partial-Termination-ex-01.xml,Fail_MappedNone,termination.originalTrade.tradeHeader.partyTradeInformation(1).reportingRegime(0).mandatorilyClearable,termination.originalTrade.tradeHeader.partyTradeInformation.reportingRegime.mandatorilyClearable,0,,Element with value false could not be mapped to a rosettaField
cdm-sample-files/events/Trade-Modify-Partial-Termination-ex-01.xml,Fail_MappedNone,correlationId[correlationIdScheme=http://fpml.org/submitter_event_id].correlationIdScheme,correlationId[correlationIdScheme=http://fpml.org/submitter_event_id].correlationIdScheme,0,,Element with value http://fpml.org/submitter_event_id could not be mapped to a rosettaField
cdm-sample-files/events/Trade-Modify-Partial-Termination-ex-01.xml,Fail_MappedNone,party(1)[id=party2].classification(0)[industryClassificationScheme=http://www.fpml.org/coding-scheme/esma-emir-refit-regulatory-corporate-sector].industryClassificationScheme,party[id=party2].classification[industryClassificationScheme=http://www.fpml.org/coding-scheme/esma-emir-refit-regulatory-corporate-sector].industryClassificationScheme,0,,Element with value http://www.fpml.org/coding-scheme/esma-emir-refit-regulatory-corporate-sector could not be mapped to a rosettaField
cdm-sample-files/events/Trade-Modify-Partial-Termination-ex-01.xml,Fail_MappedNone,termination.originalTrade.tradeHeader.partyTradeInformation(1).reportingRegime(3).entityClassification[entityClassificationScheme=http://www.fpml.org/coding-scheme/cftc-entity-classification],termination.originalTrade.tradeHeader.partyTradeInformation.reportingRegime.entityClassification[entityClassificationScheme=http://www.fpml.org/coding-scheme/cftc-entity-classification],0,,Element with value SBSD could not be mapped to a rosettaField
cdm-sample-files/events/Trade-Modify-Partial-Termination-ex-01.xml,Success,termination.executionDateTime,termination.executionDateTime,2,"ReportableEvent.originatingWorkflowStep.proposedEvent.eventDate=[2011-06-01]
ReportableEvent.originatingWorkflowStep.timestamp(1).dateTime=[2011-06-01T10:12:34Z, 2011-06-01T10:13:07Z]",Element mapped to already populated field
cdm-sample-files/events/Trade-Modify-Partial-Termination-ex-01.xml,Fail_MappedNone,termination.originalTrade.tradeHeader.partyTradeInformation(1).reportingRegime(1).supervisorRegistration.supervisoryBody,termination.originalTrade.tradeHeader.partyTradeInformation.reportingRegime.supervisorRegistration.supervisoryBody,0,,Element with value FCA could not be mapped to a rosettaField
cdm-sample-files/events/Trade-Modify-Partial-Termination-ex-01.xml,Fail_MappedNone,termination.originalTrade.tradeHeader.partyTradeInformation(0).reportingRegime(3).entityClassification[entityClassificationScheme=http://www.fpml.org/coding-scheme/cftc-entity-classification].entityClassificationScheme,termination.originalTrade.tradeHeader.partyTradeInformation.reportingRegime.entityClassification[entityClassificationScheme=http://www.fpml.org/coding-scheme/cftc-entity-classification].entityClassificationScheme,0,,Element with value http://www.fpml.org/coding-scheme/cftc-entity-classification could not be mapped to a rosettaField
cdm-sample-files/events/Trade-Modify-Partial-Termination-ex-01.xml,Fail_MappedNone,termination.originalTrade.tradeHeader.partyTradeInformation(0).reportingRegime(0).supervisorRegistration.supervisoryBody,termination.originalTrade.tradeHeader.partyTradeInformation.reportingRegime.supervisorRegistration.supervisoryBody,0,,Element with value ESMA could not be mapped to a rosettaField
cdm-sample-files/events/Trade-Modify-Partial-Termination-ex-01.xml,Fail_MappedNone,termination.originalTrade.tradeHeader.partyTradeInformation(0).offMarketPrice,termination.originalTrade.tradeHeader.partyTradeInformation.offMarketPrice,0,,Element with value false could not be mapped to a rosettaField
cdm-sample-files/events/Trade-Modify-Partial-Termination-ex-01.xml,Fail_MappedNone,termination.originalTrade.tradeHeader.partyTradeInformation(1).reportingRegime(1).name,termination.originalTrade.tradeHeader.partyTradeInformation.reportingRegime.name,0,,Element with value UKEMIR could not be mapped to a rosettaField
cdm-sample-files/events/Trade-Modify-Partial-Termination-ex-01.xml,Fail_MappedNone,termination.originalTrade.tradeHeader.partyTradeInformation(0).reportingRegime(0).reportingPurpose,termination.originalTrade.tradeHeader.partyTradeInformation.reportingRegime.reportingPurpose,0,,Element with value PrimaryEconomicTerms could not be mapped to a rosettaField
cdm-sample-files/events/Trade-Modify-Partial-Termination-ex-01.xml,Fail_MappedNone,termination.originalTrade.tradeHeader.partyTradeInformation(1).reportingRegime(1).mandatorilyClearable,termination.originalTrade.tradeHeader.partyTradeInformation.reportingRegime.mandatorilyClearable,0,,Element with value false could not be mapped to a rosettaField
cdm-sample-files/events/Trade-Modify-Partial-Termination-ex-01.xml,Fail_MappedNone,termination.originalTrade.tradeHeader.partyTradeInformation(1).reportingRegime(2).supervisorRegistration.supervisoryBody,termination.originalTrade.tradeHeader.partyTradeInformation.reportingRegime.supervisorRegistration.supervisoryBody,0,,Element with value JFSA could not be mapped to a rosettaField
cdm-sample-files/events/Trade-Modify-Partial-Termination-ex-01.xml,Fail_MappedNone,termination.originalTrade.tradeHeader.partyTradeInformation(1).reportingRegime(0).reportingRole,termination.originalTrade.tradeHeader.partyTradeInformation.reportingRegime.reportingRole,0,,Element with value ReportingParty could not be mapped to a rosettaField
cdm-sample-files/events/Trade-Modify-Partial-Termination-ex-01.xml,Fail_MappedNone,party(1)[id=party2].classification(1)[industryClassificationScheme=http://www.fpml.org/coding-scheme/hkma-rewrite-regulatory-corporate-sector].industryClassificationScheme,party[id=party2].classification[industryClassificationScheme=http://www.fpml.org/coding-scheme/hkma-rewrite-regulatory-corporate-sector].industryClassificationScheme,0,,Element with value http://www.fpml.org/coding-scheme/hkma-rewrite-regulatory-corporate-sector could not be mapped to a rosettaField
cdm-sample-files/events/Trade-Modify-Partial-Termination-ex-01.xml,Fail_MappedNone,termination.originalTrade.tradeHeader.partyTradeInformation(0).reportingRegime(0).mandatorilyClearable,termination.originalTrade.tradeHeader.partyTradeInformation.reportingRegime.mandatorilyClearable,0,,Element with value false could not be mapped to a rosettaField
cdm-sample-files/events/Trade-Modify-Partial-Termination-ex-01.xml,Fail_MappedNone,party(0)[id=party1].organizationType,party[id=party1].organizationType,0,,Element with value SD could not be mapped to a rosettaField
cdm-sample-files/events/Trade-Modify-Partial-Termination-ex-01.xml,Fail_MappedMultiple,party(2)[id=broker1].partyId[partyIdScheme=http://www.fpml.org/coding-scheme/external/iso17442].partyIdScheme,party[id=broker1].partyId[partyIdScheme=http://www.fpml.org/coding-scheme/external/iso17442].partyIdScheme,2,ReportableEvent.originatingWorkflowStep.proposedEvent.instruction(0).before.value.trade.party(2).partyId(0).identifierType=[LEI] ReportableEvent.originatingWorkflowStep.proposedEvent.instruction(0).before.value.trade.party(2).partyId(0).identifier.meta.scheme=[http://www.fpml.org/coding-scheme/external/iso17442],Element mapped to multiple rosettaFields
cdm-sample-files/events/Trade-Modify-Partial-Termination-ex-01.xml,Fail_MappedNone,termination.originalTrade.tradeHeader.partyTradeInformation(1).reportingRegime(0).name,termination.originalTrade.tradeHeader.partyTradeInformation.reportingRegime.name,0,,Element with value EMIR could not be mapped to a rosettaField
cdm-sample-files/events/Trade-Modify-Partial-Termination-ex-01.xml,Fail_MappedNone,termination.originalTrade.tradeHeader.partyTradeInformation(0).reportingRegime(1).entityClassification[entityClassificationScheme=http://www.fpml.org/coding-scheme/esma-entity-classification],termination.originalTrade.tradeHeader.partyTradeInformation.reportingRegime.entityClassification[entityClassificationScheme=http://www.fpml.org/coding-scheme/esma-entity-classification],0,,Element with value Financial could not be mapped to a rosettaField
cdm-sample-files/events/Trade-Modify-Partial-Termination-ex-01.xml,Fail_MappedNone,termination.originalTrade.tradeHeader.partyTradeInformation(0).reportingRegime(1).reportingPurpose,termination.originalTrade.tradeHeader.partyTradeInformation.reportingRegime.reportingPurpose,0,,Element with value PrimaryEconomicTerms could not be mapped to a rosettaField
cdm-sample-files/events/Trade-Modify-Partial-Termination-ex-01.xml,Fail_MappedNone,termination.originalTrade.tradeHeader.partyTradeInformation(1).reportingRegime(1).entityClassification[entityClassificationScheme=http://www.fpml.org/coding-scheme/esma-entity-classification],termination.originalTrade.tradeHeader.partyTradeInformation.reportingRegime.entityClassification[entityClassificationScheme=http://www.fpml.org/coding-scheme/esma-entity-classification],0,,Element with value Financial could not be mapped to a rosettaField
cdm-sample-files/events/Trade-Modify-Partial-Termination-ex-01.xml,Fail_MappedNone,termination.originalTrade.tradeHeader.partyTradeInformation(1).reportingRegime(0).entityClassification[entityClassificationScheme=http://www.fpml.org/coding-scheme/esma-entity-classification].entityClassificationScheme,termination.originalTrade.tradeHeader.partyTradeInformation.reportingRegime.entityClassification[entityClassificationScheme=http://www.fpml.org/coding-scheme/esma-entity-classification].entityClassificationScheme,0,,Element with value http://www.fpml.org/coding-scheme/esma-entity-classification could not be mapped to a rosettaField
cdm-sample-files/events/Trade-Modify-Partial-Termination-ex-01.xml,Fail_MappedNone,termination.originalTrade.tradeHeader.partyTradeInformation(0).reportingRegime(1).supervisorRegistration.supervisoryBody,termination.originalTrade.tradeHeader.partyTradeInformation.reportingRegime.supervisorRegistration.supervisoryBody,0,,Element with value FCA could not be mapped to a rosettaField
cdm-sample-files/events/Trade-Modify-Partial-Termination-ex-01.xml,Fail_MappedNone,termination.originalTrade.tradeHeader.partyTradeInformation(0).reportingRegime(0).exceedsClearingThreshold,termination.originalTrade.tradeHeader.partyTradeInformation.reportingRegime.exceedsClearingThreshold,0,,Element with value true could not be mapped to a rosettaField
cdm-sample-files/events/Trade-Modify-Partial-Termination-ex-01.xml,Fail_MappedMultiple,party(3)[id=clearing-svc].partyId[partyIdScheme=http://www.fpml.org/coding-scheme/external/iso17442].partyIdScheme,party[id=clearing-svc].partyId[partyIdScheme=http://www.fpml.org/coding-scheme/external/iso17442].partyIdScheme,2,ReportableEvent.originatingWorkflowStep.proposedEvent.instruction(0).before.value.trade.party(3).partyId(0).identifierType=[LEI] ReportableEvent.originatingWorkflowStep.proposedEvent.instruction(0).before.value.trade.party(3).partyId(0).identifier.meta.scheme=[http://www.fpml.org/coding-scheme/external/iso17442],Element mapped to multiple rosettaFields
cdm-sample-files/events/Trade-Modify-Partial-Termination-ex-01.xml,Fail_MappedNone,termination.originalTrade.tradeHeader.partyTradeInformation(0).reportingRegime(1).name,termination.originalTrade.tradeHeader.partyTradeInformation.reportingRegime.name,0,,Element with value UKEMIR could not be mapped to a rosettaField
cdm-sample-files/events/Trade-Modify-Partial-Termination-ex-01.xml,Fail_MappedNone,termination.originalTrade.tradeHeader.partyTradeInformation(0).reportingRegime(0).entityClassification[entityClassificationScheme=http://www.fpml.org/coding-scheme/esma-entity-classification],termination.originalTrade.tradeHeader.partyTradeInformation.reportingRegime.entityClassification[entityClassificationScheme=http://www.fpml.org/coding-scheme/esma-entity-classification],0,,Element with value Financial could not be mapped to a rosettaField
cdm-sample-files/events/Trade-Modify-Partial-Termination-ex-01.xml,Fail_MappedNone,party(1)[id=party2].organizationType,party[id=party2].organizationType,0,,Element with value SD could not be mapped to a rosettaField
cdm-sample-files/events/Trade-Modify-Partial-Termination-ex-01.xml,Fail_MappedNone,termination.originalTrade.tradeHeader.partyTradeInformation(0).relatedBusinessUnit.businessUnitReference[href=desk1].href,termination.originalTrade.tradeHeader.partyTradeInformation.relatedBusinessUnit.businessUnitReference[href=desk1].href,0,,Element with value desk1 could not be mapped to a rosettaField
cdm-sample-files/events/Trade-Modify-Partial-Termination-ex-01.xml,Fail_MappedNone,termination.originalTrade.tradeHeader.partyTradeInformation(0).intentToClear,termination.originalTrade.tradeHeader.partyTradeInformation.intentToClear,0,,Element with value true could not be mapped to a rosettaField
cdm-sample-files/events/Trade-Modify-Partial-Termination-ex-01.xml,Fail_MappedNone,termination.originalTrade.tradeHeader.partyTradeInformation(0).reportingRegime(3).reportingRole,termination.originalTrade.tradeHeader.partyTradeInformation.reportingRegime.reportingRole,0,,Element with value ReportingParty could not be mapped to a rosettaField
cdm-sample-files/events/Trade-Modify-Partial-Termination-ex-01.xml,Fail_MappedNone,termination.originalTrade.tradeHeader.partyTradeInformation(0).reportingRegime(1).mandatorilyClearable,termination.originalTrade.tradeHeader.partyTradeInformation.reportingRegime.mandatorilyClearable,0,,Element with value false could not be mapped to a rosettaField
cdm-sample-files/events/Trade-Modify-Partial-Termination-ex-01.xml,Fail_MappedNone,onBehalfOf.partyReference[href=party1].href,onBehalfOf.partyReference[href=party1].href,0,,Element with value party1 could not be mapped to a rosettaField
cdm-sample-files/events/Trade-Modify-Partial-Termination-ex-01.xml,Fail_MappedNone,termination.originalTrade.tradeHeader.partyTradeInformation(1).reportingRegime(1).exceedsClearingThreshold,termination.originalTrade.tradeHeader.partyTradeInformation.reportingRegime.exceedsClearingThreshold,0,,Element with value true could not be mapped to a rosettaField
cdm-sample-files/events/Trade-Modify-Partial-Termination-ex-01.xml,Fail_MappedNone,party(0)[id=party1].classification(0)[industryClassificationScheme=http://www.fpml.org/coding-scheme/esma-emir-refit-regulatory-corporate-sector].industryClassificationScheme,party[id=party1].classification[industryClassificationScheme=http://www.fpml.org/coding-scheme/esma-emir-refit-regulatory-corporate-sector].industryClassificationScheme,0,,Element with value http://www.fpml.org/coding-scheme/esma-emir-refit-regulatory-corporate-sector could not be mapped to a rosettaField
cdm-sample-files/events/Trade-Modify-Partial-Termination-ex-01.xml,Fail_MappedNone,termination.originalTrade.tradeHeader.partyTradeInformation(1).reportingRegime(3).name,termination.originalTrade.tradeHeader.partyTradeInformation.reportingRegime.name,0,,Element with value CSA could not be mapped to a rosettaField
cdm-sample-files/events/Trade-Modify-Partial-Termination-ex-01.xml,Fail_MappedNone,termination.originalTrade.tradeHeader.partyTradeInformation(1).reportingRegime(0).entityClassification[entityClassificationScheme=http://www.fpml.org/coding-scheme/esma-entity-classification],termination.originalTrade.tradeHeader.partyTradeInformation.reportingRegime.entityClassification[entityClassificationScheme=http://www.fpml.org/coding-scheme/esma-entity-classification],0,,Element with value Financial could not be mapped to a rosettaField
cdm-sample-files/events/Trade-Modify-Partial-Termination-ex-01.xml,Fail_MappedNone,termination.originalTrade.tradeHeader.partyTradeInformation(1).reportingRegime(3).mandatorilyClearable,termination.originalTrade.tradeHeader.partyTradeInformation.reportingRegime.mandatorilyClearable,0,,Element with value false could not be mapped to a rosettaField
cdm-sample-files/events/Trade-Modify-Partial-Termination-ex-01.xml,Fail_MappedNone,termination.originalTrade.tradeHeader.partyTradeInformation(0).executionType,termination.originalTrade.tradeHeader.partyTradeInformation.executionType,0,,Element with value Electronic could not be mapped to a rosettaField
cdm-sample-files/events/Trade-Modify-Partial-Termination-ex-01.xml,Fail_MappedNone,termination.originalTrade.tradeHeader.partyTradeInformation(0).reportingRegime(1).exceedsClearingThreshold,termination.originalTrade.tradeHeader.partyTradeInformation.reportingRegime.exceedsClearingThreshold,0,,Element with value true could not be mapped to a rosettaField
cdm-sample-files/events/Trade-Modify-Partial-Termination-ex-01.xml,Fail_MappedNone,termination.originalTrade.tradeHeader.partyTradeInformation(0).reportingRegime(0).name,termination.originalTrade.tradeHeader.partyTradeInformation.reportingRegime.name,0,,Element with value EMIR could not be mapped to a rosettaField
cdm-sample-files/events/Trade-Modify-Partial-Termination-ex-01.xml,Fail_MappedNone,termination.originalTrade.tradeHeader.partyTradeInformation(1).reportingRegime(1).entityClassification[entityClassificationScheme=http://www.fpml.org/coding-scheme/esma-entity-classification].entityClassificationScheme,termination.originalTrade.tradeHeader.partyTradeInformation.reportingRegime.entityClassification[entityClassificationScheme=http://www.fpml.org/coding-scheme/esma-entity-classification].entityClassificationScheme,0,,Element with value http://www.fpml.org/coding-scheme/esma-entity-classification could not be mapped to a rosettaField
cdm-sample-files/events/Trade-Modify-Partial-Termination-ex-01.xml,Fail_MappedNone,termination.originalTrade.tradeHeader.partyTradeInformation(0).reportingRegime(4).reportingRole,termination.originalTrade.tradeHeader.partyTradeInformation.reportingRegime.reportingRole,0,,Element with value ReportingParty could not be mapped to a rosettaField
cdm-sample-files/events/Trade-Modify-Partial-Termination-ex-01.xml,Fail_MappedNone,termination.originalTrade.tradeHeader.partyTradeInformation(1).reportingRegime(3).supervisorRegistration.supervisoryBody,termination.originalTrade.tradeHeader.partyTradeInformation.reportingRegime.supervisorRegistration.supervisoryBody,0,,Element with value CA.AB.ASC could not be mapped to a rosettaField
cdm-sample-files/events/Trade-Modify-Partial-Termination-ex-01.xml,Fail_MappedNone,correlationId[correlationIdScheme=http://fpml.org/submitter_event_id],correlationId[correlationIdScheme=http://fpml.org/submitter_event_id],0,,Element with value TW19235-002 could not be mapped to a rosettaField
cdm-sample-files/events/Trade-Modify-Partial-Termination-ex-01.xml,Fail_MappedNone,termination.originalTrade.tradeHeader.partyTradeInformation(0).reportingRegime(2).supervisorRegistration.supervisoryBody,termination.originalTrade.tradeHeader.partyTradeInformation.reportingRegime.supervisorRegistration.supervisoryBody,0,,Element with value JFSA could not be mapped to a rosettaField
cdm-sample-files/events/Trade-Modify-Partial-Termination-ex-01.xml,Fail_MappedNone,party(0)[id=party1].classification(1)[industryClassificationScheme=http://www.fpml.org/coding-scheme/hkma-rewrite-regulatory-corporate-sector].industryClassificationScheme,party[id=party1].classification[industryClassificationScheme=http://www.fpml.org/coding-scheme/hkma-rewrite-regulatory-corporate-sector].industryClassificationScheme,0,,Element with value http://www.fpml.org/coding-scheme/hkma-rewrite-regulatory-corporate-sector could not be mapped to a rosettaField
cdm-sample-files/events/Trade-Modify-Partial-Termination-ex-01.xml,Fail_MappedNone,termination.originalTrade.tradeHeader.partyTradeInformation(1).reportingRegime(2).name,termination.originalTrade.tradeHeader.partyTradeInformation.reportingRegime.name,0,,Element with value JFSA could not be mapped to a rosettaField
cdm-sample-files/events/Trade-Modify-Partial-Termination-ex-01.xml,Fail_MappedNone,termination.originalTrade.tradeHeader.partyTradeInformation(1).reportingRegime(3).reportingRole,termination.originalTrade.tradeHeader.partyTradeInformation.reportingRegime.reportingRole,0,,Element with value ReportingParty could not be mapped to a rosettaField
cdm-sample-files/events/Trade-Modify-Partial-Termination-ex-01.xml,Fail_MappedNone,termination.originalTrade.tradeHeader.partyTradeInformation(1).reportingRegime(4).mandatorilyClearable,termination.originalTrade.tradeHeader.partyTradeInformation.reportingRegime.mandatorilyClearable,0,,Element with value false could not be mapped to a rosettaField
cdm-sample-files/events/Trade-Modify-Partial-Termination-ex-01.xml,Fail_MappedNone,termination.originalTrade.tradeHeader.partyTradeInformation(1).reportingRegime(4).supervisorRegistration.supervisoryBody,termination.originalTrade.tradeHeader.partyTradeInformation.reportingRegime.supervisorRegistration.supervisoryBody,0,,Element with value HKMA could not be mapped to a rosettaField
cdm-sample-files/events/Trade-Modify-Partial-Termination-ex-01.xml,Fail_MappedNone,termination.originalTrade.tradeHeader.partyTradeInformation(0).reportingRegime(0).entityClassification[entityClassificationScheme=http://www.fpml.org/coding-scheme/esma-entity-classification].entityClassificationScheme,termination.originalTrade.tradeHeader.partyTradeInformation.reportingRegime.entityClassification[entityClassificationScheme=http://www.fpml.org/coding-scheme/esma-entity-classification].entityClassificationScheme,0,,Element with value http://www.fpml.org/coding-scheme/esma-entity-classification could not be mapped to a rosettaField
cdm-sample-files/events/Trade-Modify-Partial-Termination-ex-01.xml,Fail_MappedNone,termination.originalTrade.tradeHeader.partyTradeInformation(0).reportingRegime(3).name,termination.originalTrade.tradeHeader.partyTradeInformation.reportingRegime.name,0,,Element with value CSA could not be mapped to a rosettaField
cdm-sample-files/events/Trade-Modify-Partial-Termination-ex-01.xml,Fail_MappedNone,termination.originalTrade.tradeHeader.partyTradeInformation(0).reportingRegime(1).reportingRole,termination.originalTrade.tradeHeader.partyTradeInformation.reportingRegime.reportingRole,0,,Element with value ReportingParty could not be mapped to a rosettaField
cdm-sample-files/events/Trade-Modify-Partial-Termination-ex-01.xml,Fail_MappedNone,termination.originalTrade.tradeHeader.partyTradeInformation(0).reportingRegime(3).mandatorilyClearable,termination.originalTrade.tradeHeader.partyTradeInformation.reportingRegime.mandatorilyClearable,0,,Element with value false could not be mapped to a rosettaField
cdm-sample-files/events/Trade-Modify-Partial-Termination-ex-01.xml,Fail_MappedNone,termination.originalTrade.tradeHeader.partyTradeInformation(0).executionVenueType,termination.originalTrade.tradeHeader.partyTradeInformation.executionVenueType,0,,Element with value SEF could not be mapped to a rosettaField
cdm-sample-files/events/Trade-Modify-Partial-Termination-ex-01.xml,Fail_MappedNone,termination.originalTrade.tradeHeader.partyTradeInformation(1).reportingRegime(4).reportingRole,termination.originalTrade.tradeHeader.partyTradeInformation.reportingRegime.reportingRole,0,,Element with value ReportingParty could not be mapped to a rosettaField
cdm-sample-files/events/Trade-Modify-Partial-Termination-ex-01.xml,Fail_MappedNone,termination.originalTrade.tradeHeader.partyTradeInformation(0).reportingRegime(3).supervisorRegistration.supervisoryBody,termination.originalTrade.tradeHeader.partyTradeInformation.reportingRegime.supervisorRegistration.supervisoryBody,0,,Element with value CA.AB.ASC could not be mapped to a rosettaField
cdm-sample-files/events/Trade-Modify-Partial-Termination-ex-01.xml,Fail_MappedNone,party(0)[id=party1].classification(1)[industryClassificationScheme=http://www.fpml.org/coding-scheme/hkma-rewrite-regulatory-corporate-sector],party[id=party1].classification[industryClassificationScheme=http://www.fpml.org/coding-scheme/hkma-rewrite-regulatory-corporate-sector],0,,Element with value CSDS could not be mapped to a rosettaField
cdm-sample-files/events/Trade-Modify-Partial-Termination-ex-01.xml,Fail_MappedNone,quote.value,quote.value,0,,Element with value 1235 could not be mapped to a rosettaField
cdm-sample-files/events/Trade-Modify-Partial-Termination-ex-01.xml,Fail_MappedNone,termination.originalTrade.tradeHeader.partyTradeInformation(0).reportingRegime(2).name,termination.originalTrade.tradeHeader.partyTradeInformation.reportingRegime.name,0,,Element with value JFSA could not be mapped to a rosettaField
cdm-sample-files/events/Trade-Modify-Partial-Termination-ex-01.xml,Fail_MappedNone,termination.originalTrade.tradeHeader.partyTradeInformation(0).reportingRegime(2).reportingRole,termination.originalTrade.tradeHeader.partyTradeInformation.reportingRegime.reportingRole,0,,Element with value ReportingParty could not be mapped to a rosettaField
cdm-sample-files/events/Trade-Modify-Partial-Termination-ex-01.xml,Fail_MappedNone,termination.originalTrade.tradeHeader.partyTradeInformation(0).reportingRegime(4).mandatorilyClearable,termination.originalTrade.tradeHeader.partyTradeInformation.reportingRegime.mandatorilyClearable,0,,Element with value false could not be mapped to a rosettaField
cdm-sample-files/events/Trade-Modify-Partial-Termination-ex-01.xml,Fail_MappedNone,termination.originalTrade.tradeHeader.partyTradeInformation(1).reportingRegime(0).exceedsClearingThreshold,termination.originalTrade.tradeHeader.partyTradeInformation.reportingRegime.exceedsClearingThreshold,0,,Element with value true could not be mapped to a rosettaField
cdm-sample-files/events/Trade-Modify-Partial-Termination-ex-01.xml,Fail_MappedNone,termination.originalTrade.tradeHeader.partyTradeInformation(0).reportingRegime(1).entityClassification[entityClassificationScheme=http://www.fpml.org/coding-scheme/esma-entity-classification].entityClassificationScheme,termination.originalTrade.tradeHeader.partyTradeInformation.reportingRegime.entityClassification[entityClassificationScheme=http://www.fpml.org/coding-scheme/esma-entity-classification].entityClassificationScheme,0,,Element with value http://www.fpml.org/coding-scheme/esma-entity-classification could not be mapped to a rosettaField
cdm-sample-files/events/Trade-Modify-Partial-Termination-ex-01.xml,Fail_MappedNone,termination.originalTrade.tradeHeader.partyTradeInformation(1).reportingRegime(4).name,termination.originalTrade.tradeHeader.partyTradeInformation.reportingRegime.name,0,,Element with value HKTR could not be mapped to a rosettaField
cdm-sample-files/events/Trade-Modify-Partial-Termination-ex-01.xml,Fail_MappedNone,termination.changeInNotionalAmount.currency,termination.changeInNotionalAmount.currency,0,,Element with value USD could not be mapped to a rosettaField
cdm-sample-files/events/Trade-Modify-Partial-Termination-ex-01.xml,Fail_MappedNone,termination.originalTrade.tradeHeader.partyTradeInformation(1).reportingRegime(0).supervisorRegistration.supervisoryBody,termination.originalTrade.tradeHeader.partyTradeInformation.reportingRegime.supervisorRegistration.supervisoryBody,0,,Element with value ESMA could not be mapped to a rosettaField
cdm-sample-files/events/Trade-Modify-Partial-Termination-ex-01.xml,Fail_MappedNone,termination.originalTrade.tradeHeader.partyTradeInformation(1).reportingRegime(1).reportingRole,termination.originalTrade.tradeHeader.partyTradeInformation.reportingRegime.reportingRole,0,,Element with value ReportingParty could not be mapped to a rosettaField
cdm-sample-files/events/Trade-Modify-Partial-Termination-ex-01.xml,Fail_MappedNone,termination.originalTrade.tradeHeader.partyTradeInformation(1).reportingRegime(0).reportingPurpose,termination.originalTrade.tradeHeader.partyTradeInformation.reportingRegime.reportingPurpose,0,,Element with value PrimaryEconomicTerms could not be mapped to a rosettaField
cdm-sample-files/events/Trade-Modify-Partial-Termination-ex-01.xml,Fail_MappedNone,party(1)[id=party2].classification(1)[industryClassificationScheme=http://www.fpml.org/coding-scheme/hkma-rewrite-regulatory-corporate-sector],party[id=party2].classification[industryClassificationScheme=http://www.fpml.org/coding-scheme/hkma-rewrite-regulatory-corporate-sector],0,,Element with value INUN could not be mapped to a rosettaField
cdm-sample-files/events/Trade-Modify-Partial-Termination-ex-01.xml,Fail_MappedNone,termination.originalTrade.tradeHeader.partyTradeInformation(1).reportingRegime(3).entityClassification[entityClassificationScheme=http://www.fpml.org/coding-scheme/cftc-entity-classification].entityClassificationScheme,termination.originalTrade.tradeHeader.partyTradeInformation.reportingRegime.entityClassification[entityClassificationScheme=http://www.fpml.org/coding-scheme/cftc-entity-classification].entityClassificationScheme,0,,Element with value http://www.fpml.org/coding-scheme/cftc-entity-classification could not be mapped to a rosettaField
cdm-sample-files/events/Trade-Modify-Partial-Termination-ex-01.xml,Fail_MappedNone,termination.originalTrade.tradeHeader.partyTradeInformation(0).largeSizeTrade,termination.originalTrade.tradeHeader.partyTradeInformation.largeSizeTrade,0,,Element with value false could not be mapped to a rosettaField
cdm-sample-files/events/Trade-Modify-Partial-Termination-ex-01.xml,Fail_MappedNone,termination.originalTrade.tradeHeader.partyTradeInformation(0).relatedBusinessUnit.role,termination.originalTrade.tradeHeader.partyTradeInformation.relatedBusinessUnit.role,0,,Element with value TradingDesk could not be mapped to a rosettaField
cdm-sample-files/events/Trade-Modify-Partial-Termination-ex-01.xml,Fail_MappedNone,party(0)[id=party1].classification(0)[industryClassificationScheme=http://www.fpml.org/coding-scheme/esma-emir-refit-regulatory-corporate-sector],party[id=party1].classification[industryClassificationScheme=http://www.fpml.org/coding-scheme/esma-emir-refit-regulatory-corporate-sector],0,,Element with value CSDS could not be mapped to a rosettaField
cdm-sample-files/events/Trade-Modify-Partial-Termination-ex-01.xml,Fail_MappedNone,termination.originalTrade.tradeHeader.partyTradeInformation(0).reportingRegime(4).entityClassification,termination.originalTrade.tradeHeader.partyTradeInformation.reportingRegime.entityClassification,0,,Element with value Financial could not be mapped to a rosettaField
cdm-sample-files/events/Trade-Modify-Partial-Termination-ex-01.xml,Fail_MappedNone,termination.originalTrade.tradeHeader.partyTradeInformation(0).reportingRegime(4).supervisorRegistration.supervisoryBody,termination.originalTrade.tradeHeader.partyTradeInformation.reportingRegime.supervisorRegistration.supervisoryBody,0,,Element with value HKMA could not be mapped to a rosettaField
cdm-sample-files/events/Trade-Modify-Partial-Termination-ex-01.xml,Fail_MappedMultiple,party(0)[id=party1].partyId[partyIdScheme=http://www.fpml.org/coding-scheme/external/iso17442].partyIdScheme,party[id=party1].partyId[partyIdScheme=http://www.fpml.org/coding-scheme/external/iso17442].partyIdScheme,2,ReportableEvent.originatingWorkflowStep.proposedEvent.instruction(0).before.value.trade.party(0).partyId(0).identifierType=[LEI] ReportableEvent.originatingWorkflowStep.proposedEvent.instruction(0).before.value.trade.party(0).partyId(0).identifier.meta.scheme=[http://www.fpml.org/coding-scheme/external/iso17442],Element mapped to multiple rosettaFields
cdm-sample-files/events/Trade-Modify-Partial-Termination-ex-01.xml,Fail_MappedNone,termination.originalTrade.tradeHeader.partyTradeInformation(1).reportingRegime(2).reportingRole,termination.originalTrade.tradeHeader.partyTradeInformation.reportingRegime.reportingRole,0,,Element with value ReportingParty could not be mapped to a rosettaField
cdm-sample-files/events/Trade-Modify-Partial-Termination-ex-01.xml,Fail_MappedNone,termination.changeInNotionalAmount.amount,termination.changeInNotionalAmount.amount,0,,Element with value 2500000 could not be mapped to a rosettaField
cdm-sample-files/events/Trade-Modify-Partial-Termination-ex-01.xml,Fail_MappedNone,termination.originalTrade.tradeHeader.partyTradeInformation(0).reportingRegime(4).name,termination.originalTrade.tradeHeader.partyTradeInformation.reportingRegime.name,0,,Element with value HKTR could not be mapped to a rosettaField
cdm-sample-files/events/Trade-Modify-Partial-Termination-ex-01.xml,Fail_MappedNone,termination.originalTrade.tradeHeader.partyTradeInformation(1).reportingRegime(4).entityClassification,termination.originalTrade.tradeHeader.partyTradeInformation.reportingRegime.entityClassification,0,,Element with value Financial could not be mapped to a rosettaField
cdm-sample-files/events/Trade-Modify-Partial-Termination-ex-01.xml,Fail_MappedNone,quote.currency,quote.currency,0,,Element with value USD could not be mapped to a rosettaField
cdm-sample-files/events/Trade-Modify-Partial-Termination-ex-01.xml,Fail_MappedMultiple,party(1)[id=party2].partyId[partyIdScheme=http://www.fpml.org/coding-scheme/external/iso17442].partyIdScheme,party[id=party2].partyId[partyIdScheme=http://www.fpml.org/coding-scheme/external/iso17442].partyIdScheme,2,ReportableEvent.originatingWorkflowStep.proposedEvent.instruction(0).before.value.trade.party(1).partyId(0).identifier.meta.scheme=[http://www.fpml.org/coding-scheme/external/iso17442] ReportableEvent.originatingWorkflowStep.proposedEvent.instruction(0).before.value.trade.party(1).partyId(0).identifierType=[LEI],Element mapped to multiple rosettaFields
cdm-sample-files/events/Trade-Modify-Partial-Termination-ex-01.xml,Fail_MappedNone,termination.originalTrade.tradeHeader.partyTradeInformation(1).reportingRegime(1).reportingPurpose,termination.originalTrade.tradeHeader.partyTradeInformation.reportingRegime.reportingPurpose,0,,Element with value PrimaryEconomicTerms could not be mapped to a rosettaField
cdm-sample-files/events/Trade-Modify-Partial-Termination-ex-01.xml,Fail_MappedNone,termination.originalTrade.tradeHeader.partyTradeInformation(0).reportingRegime(0).reportingRole,termination.originalTrade.tradeHeader.partyTradeInformation.reportingRegime.reportingRole,0,,Element with value ReportingParty could not be mapped to a rosettaField
cdm-sample-files/events/Trade-Modify-Partial-Termination-ex-01.xml,Fail_MappedNone,sequenceNumber,sequenceNumber,0,,Element with value 1 could not be mapped to a rosettaField
cdm-sample-files/events/Trade-Modify-Partial-Termination-ex-01.xml,Fail_MappedNone,termination.originalTrade.tradeHeader.partyTradeInformation(0).reportingRegime(3).entityClassification[entityClassificationScheme=http://www.fpml.org/coding-scheme/cftc-entity-classification],termination.originalTrade.tradeHeader.partyTradeInformation.reportingRegime.entityClassification[entityClassificationScheme=http://www.fpml.org/coding-scheme/cftc-entity-classification],0,,Element with value SBSD could not be mapped to a rosettaField
cdm-sample-files/events/Trade-Modify-Partial-Termination-ex-01.xml,Fail_MappedNone,party(1)[id=party2].classification(0)[industryClassificationScheme=http://www.fpml.org/coding-scheme/esma-emir-refit-regulatory-corporate-sector],party[id=party2].classification[industryClassificationScheme=http://www.fpml.org/coding-scheme/esma-emir-refit-regulatory-corporate-sector],0,,Element with value INUN could not be mapped to a rosettaField
cdm-sample-files/events/Trade-Modify-Partial-Termination-ex-02.xml,Fail_MappedNone,termination.originalTrade.tradeHeader.partyTradeInformation(1).reportingRegime(0).mandatorilyClearable,termination.originalTrade.tradeHeader.partyTradeInformation.reportingRegime.mandatorilyClearable,0,,Element with value false could not be mapped to a rosettaField
cdm-sample-files/events/Trade-Modify-Partial-Termination-ex-02.xml,Fail_MappedNone,termination.originalTrade.fxSingleLeg.exchangedCurrency2.payerPartyReference[href=party1].href,termination.originalTrade.fxSingleLeg.exchangedCurrency2.payerPartyReference[href=party1].href,0,,Element with value party1 could not be mapped to a rosettaField
cdm-sample-files/events/Trade-Modify-Partial-Termination-ex-02.xml,Fail_MappedNone,correlationId[correlationIdScheme=http://fpml.org/submitter_event_id].correlationIdScheme,correlationId[correlationIdScheme=http://fpml.org/submitter_event_id].correlationIdScheme,0,,Element with value http://fpml.org/submitter_event_id could not be mapped to a rosettaField
cdm-sample-files/events/Trade-Modify-Partial-Termination-ex-02.xml,Fail_MappedNone,termination.resultingTrade.tradeHeader.partyTradeInformation(0).reportingRegime(2).name,termination.resultingTrade.tradeHeader.partyTradeInformation.reportingRegime.name,0,,Element with value JFSA could not be mapped to a rosettaField
cdm-sample-files/events/Trade-Modify-Partial-Termination-ex-02.xml,Fail_MappedNone,party(1)[id=party2].classification(0)[industryClassificationScheme=http://www.fpml.org/coding-scheme/esma-emir-refit-regulatory-corporate-sector].industryClassificationScheme,party[id=party2].classification[industryClassificationScheme=http://www.fpml.org/coding-scheme/esma-emir-refit-regulatory-corporate-sector].industryClassificationScheme,0,,Element with value http://www.fpml.org/coding-scheme/esma-emir-refit-regulatory-corporate-sector could not be mapped to a rosettaField
cdm-sample-files/events/Trade-Modify-Partial-Termination-ex-02.xml,Fail_MappedNone,termination.originalTrade.tradeHeader.partyTradeInformation(1).reportingRegime(3).entityClassification[entityClassificationScheme=http://www.fpml.org/coding-scheme/cftc-entity-classification],termination.originalTrade.tradeHeader.partyTradeInformation.reportingRegime.entityClassification[entityClassificationScheme=http://www.fpml.org/coding-scheme/cftc-entity-classification],0,,Element with value SBSD could not be mapped to a rosettaField
cdm-sample-files/events/Trade-Modify-Partial-Termination-ex-02.xml,Success,termination.executionDateTime,termination.executionDateTime,2,"ReportableEvent.originatingWorkflowStep.proposedEvent.eventDate=[2011-06-01]
ReportableEvent.originatingWorkflowStep.timestamp(1).dateTime=[2011-06-01T10:12:34Z, 2011-06-01T10:13:07Z]",Element mapped to already populated field
cdm-sample-files/events/Trade-Modify-Partial-Termination-ex-02.xml,Fail_MappedNone,termination.resultingTrade.tradeHeader.partyTradeInformation(0).reportingRegime(2).supervisorRegistration.supervisoryBody,termination.resultingTrade.tradeHeader.partyTradeInformation.reportingRegime.supervisorRegistration.supervisoryBody,0,,Element with value JFSA could not be mapped to a rosettaField
cdm-sample-files/events/Trade-Modify-Partial-Termination-ex-02.xml,Fail_MappedNone,termination.originalTrade.tradeHeader.partyTradeInformation(1).reportingRegime(1).supervisorRegistration.supervisoryBody,termination.originalTrade.tradeHeader.partyTradeInformation.reportingRegime.supervisorRegistration.supervisoryBody,0,,Element with value FCA could not be mapped to a rosettaField
cdm-sample-files/events/Trade-Modify-Partial-Termination-ex-02.xml,Fail_MappedNone,termination.resultingTrade.tradeHeader.partyTradeInformation(0).reportingRegime(4).entityClassification,termination.resultingTrade.tradeHeader.partyTradeInformation.reportingRegime.entityClassification,0,,Element with value Financial could not be mapped to a rosettaField
cdm-sample-files/events/Trade-Modify-Partial-Termination-ex-02.xml,Fail_MappedNone,termination.resultingTrade.tradeHeader.partyTradeInformation(0).reportingRegime(1).reportingRole,termination.resultingTrade.tradeHeader.partyTradeInformation.reportingRegime.reportingRole,0,,Element with value ReportingParty could not be mapped to a rosettaField
cdm-sample-files/events/Trade-Modify-Partial-Termination-ex-02.xml,Fail_MappedNone,termination.originalTrade.tradeHeader.partyTradeInformation(0).offMarketPrice,termination.originalTrade.tradeHeader.partyTradeInformation.offMarketPrice,0,,Element with value false could not be mapped to a rosettaField
cdm-sample-files/events/Trade-Modify-Partial-Termination-ex-02.xml,Fail_MappedNone,termination.originalTrade.tradeHeader.partyTradeInformation(1).reportingRegime(1).name,termination.originalTrade.tradeHeader.partyTradeInformation.reportingRegime.name,0,,Element with value UKEMIR could not be mapped to a rosettaField
cdm-sample-files/events/Trade-Modify-Partial-Termination-ex-02.xml,Fail_MappedNone,termination.originalTrade.tradeHeader.partyTradeInformation(1).reportingRegime(1).mandatorilyClearable,termination.originalTrade.tradeHeader.partyTradeInformation.reportingRegime.mandatorilyClearable,0,,Element with value false could not be mapped to a rosettaField
cdm-sample-files/events/Trade-Modify-Partial-Termination-ex-02.xml,Fail_MappedNone,termination.originalTrade.tradeHeader.partyTradeInformation(1).reportingRegime(2).supervisorRegistration.supervisoryBody,termination.originalTrade.tradeHeader.partyTradeInformation.reportingRegime.supervisorRegistration.supervisoryBody,0,,Element with value JFSA could not be mapped to a rosettaField
cdm-sample-files/events/Trade-Modify-Partial-Termination-ex-02.xml,Fail_MappedNone,termination.originalTrade.tradeHeader.partyTradeInformation(1).reportingRegime(0).reportingRole,termination.originalTrade.tradeHeader.partyTradeInformation.reportingRegime.reportingRole,0,,Element with value ReportingParty could not be mapped to a rosettaField
cdm-sample-files/events/Trade-Modify-Partial-Termination-ex-02.xml,Fail_MappedNone,termination.resultingTrade.tradeHeader.partyTradeInformation(0).reportingRegime(3).mandatorilyClearable,termination.resultingTrade.tradeHeader.partyTradeInformation.reportingRegime.mandatorilyClearable,0,,Element with value false could not be mapped to a rosettaField
cdm-sample-files/events/Trade-Modify-Partial-Termination-ex-02.xml,Fail_MappedNone,termination.resultingTrade.tradeHeader.partyTradeInformation(0).reportingRegime(1).name,termination.resultingTrade.tradeHeader.partyTradeInformation.reportingRegime.name,0,,Element with value UKEMIR could not be mapped to a rosettaField
cdm-sample-files/events/Trade-Modify-Partial-Termination-ex-02.xml,Fail_MappedNone,party(1)[id=party2].classification(1)[industryClassificationScheme=http://www.fpml.org/coding-scheme/hkma-rewrite-regulatory-corporate-sector].industryClassificationScheme,party[id=party2].classification[industryClassificationScheme=http://www.fpml.org/coding-scheme/hkma-rewrite-regulatory-corporate-sector].industryClassificationScheme,0,,Element with value http://www.fpml.org/coding-scheme/hkma-rewrite-regulatory-corporate-sector could not be mapped to a rosettaField
cdm-sample-files/events/Trade-Modify-Partial-Termination-ex-02.xml,Fail_MappedNone,party(0)[id=party1].organizationType,party[id=party1].organizationType,0,,Element with value SD could not be mapped to a rosettaField
cdm-sample-files/events/Trade-Modify-Partial-Termination-ex-02.xml,Fail_MappedNone,termination.resultingTrade.tradeHeader.partyTradeInformation(0).reportingRegime(0).entityClassification[entityClassificationScheme=http://www.fpml.org/coding-scheme/esma-entity-classification].entityClassificationScheme,termination.resultingTrade.tradeHeader.partyTradeInformation.reportingRegime.entityClassification[entityClassificationScheme=http://www.fpml.org/coding-scheme/esma-entity-classification].entityClassificationScheme,0,,Element with value http://www.fpml.org/coding-scheme/esma-entity-classification could not be mapped to a rosettaField
cdm-sample-files/events/Trade-Modify-Partial-Termination-ex-02.xml,Fail_MappedNone,termination.resultingTrade.tradeHeader.partyTradeInformation(0).reportingRegime(3).entityClassification[entityClassificationScheme=http://www.fpml.org/coding-scheme/cftc-entity-classification],termination.resultingTrade.tradeHeader.partyTradeInformation.reportingRegime.entityClassification[entityClassificationScheme=http://www.fpml.org/coding-scheme/cftc-entity-classification],0,,Element with value SBSD could not be mapped to a rosettaField
cdm-sample-files/events/Trade-Modify-Partial-Termination-ex-02.xml,Fail_MappedNone,termination.resultingTrade.tradeHeader.partyTradeInformation(0).reportingRegime(0).reportingRole,termination.resultingTrade.tradeHeader.partyTradeInformation.reportingRegime.reportingRole,0,,Element with value ReportingParty could not be mapped to a rosettaField
cdm-sample-files/events/Trade-Modify-Partial-Termination-ex-02.xml,Fail_MappedMultiple,party(2)[id=party3].partyId[partyIdScheme=http://www.fpml.org/coding-scheme/external/iso17442].partyIdScheme,party[id=party3].partyId[partyIdScheme=http://www.fpml.org/coding-scheme/external/iso17442].partyIdScheme,2,ReportableEvent.originatingWorkflowStep.proposedEvent.instruction(0).before.value.trade.party(2).partyId(0).identifierType=[LEI] ReportableEvent.originatingWorkflowStep.proposedEvent.instruction(0).before.value.trade.party(2).partyId(0).identifier.meta.scheme=[http://www.fpml.org/coding-scheme/external/iso17442],Element mapped to multiple rosettaFields
cdm-sample-files/events/Trade-Modify-Partial-Termination-ex-02.xml,Fail_MappedNone,termination.resultingTrade.fxSingleLeg.exchangedCurrency1.paymentAmount.amount,termination.resultingTrade.fxSingleLeg.exchangedCurrency1.paymentAmount.amount,0,,Element with value 15000000 could not be mapped to a rosettaField
cdm-sample-files/events/Trade-Modify-Partial-Termination-ex-02.xml,Fail_MappedNone,termination.originalTrade.tradeHeader.partyTradeInformation(1).reportingRegime(0).name,termination.originalTrade.tradeHeader.partyTradeInformation.reportingRegime.name,0,,Element with value EMIR could not be mapped to a rosettaField
cdm-sample-files/events/Trade-Modify-Partial-Termination-ex-02.xml,Fail_MappedNone,termination.originalTrade.tradeHeader.partyTradeInformation(1).reportingRegime(1).entityClassification[entityClassificationScheme=http://www.fpml.org/coding-scheme/esma-entity-classification],termination.originalTrade.tradeHeader.partyTradeInformation.reportingRegime.entityClassification[entityClassificationScheme=http://www.fpml.org/coding-scheme/esma-entity-classification],0,,Element with value Financial could not be mapped to a rosettaField
cdm-sample-files/events/Trade-Modify-Partial-Termination-ex-02.xml,Fail_MappedNone,termination.originalTrade.tradeHeader.partyTradeInformation(1).reportingRegime(0).entityClassification[entityClassificationScheme=http://www.fpml.org/coding-scheme/esma-entity-classification].entityClassificationScheme,termination.originalTrade.tradeHeader.partyTradeInformation.reportingRegime.entityClassification[entityClassificationScheme=http://www.fpml.org/coding-scheme/esma-entity-classification].entityClassificationScheme,0,,Element with value http://www.fpml.org/coding-scheme/esma-entity-classification could not be mapped to a rosettaField
cdm-sample-files/events/Trade-Modify-Partial-Termination-ex-02.xml,Fail_MappedNone,termination.resultingTrade.tradeHeader.partyTradeInformation(0).offMarketPrice,termination.resultingTrade.tradeHeader.partyTradeInformation.offMarketPrice,0,,Element with value false could not be mapped to a rosettaField
cdm-sample-files/events/Trade-Modify-Partial-Termination-ex-02.xml,Fail_MappedNone,termination.resultingTrade.tradeHeader.partyTradeInformation(0).reportingRegime(3).entityClassification[entityClassificationScheme=http://www.fpml.org/coding-scheme/cftc-entity-classification].entityClassificationScheme,termination.resultingTrade.tradeHeader.partyTradeInformation.reportingRegime.entityClassification[entityClassificationScheme=http://www.fpml.org/coding-scheme/cftc-entity-classification].entityClassificationScheme,0,,Element with value http://www.fpml.org/coding-scheme/cftc-entity-classification could not be mapped to a rosettaField
cdm-sample-files/events/Trade-Modify-Partial-Termination-ex-02.xml,Fail_MappedNone,termination.resultingTrade.tradeHeader.partyTradeInformation(0).reportingRegime(4).mandatorilyClearable,termination.resultingTrade.tradeHeader.partyTradeInformation.reportingRegime.mandatorilyClearable,0,,Element with value false could not be mapped to a rosettaField
cdm-sample-files/events/Trade-Modify-Partial-Termination-ex-02.xml,Fail_MappedMultiple,party(3)[id=broker1].partyId[partyIdScheme=http://www.fpml.org/coding-scheme/external/iso17442].partyIdScheme,party[id=broker1].partyId[partyIdScheme=http://www.fpml.org/coding-scheme/external/iso17442].partyIdScheme,2,ReportableEvent.originatingWorkflowStep.proposedEvent.instruction(0).before.value.trade.party(3).partyId(0).identifierType=[LEI] ReportableEvent.originatingWorkflowStep.proposedEvent.instruction(0).before.value.trade.party(3).partyId(0).identifier.meta.scheme=[http://www.fpml.org/coding-scheme/external/iso17442],Element mapped to multiple rosettaFields
cdm-sample-files/events/Trade-Modify-Partial-Termination-ex-02.xml,Fail_MappedNone,party(1)[id=party2].organizationType,party[id=party2].organizationType,0,,Element with value SD could not be mapped to a rosettaField
cdm-sample-files/events/Trade-Modify-Partial-Termination-ex-02.xml,Fail_MappedNone,termination.resultingTrade.tradeHeader.partyTradeInformation(0).reportingRegime(4).name,termination.resultingTrade.tradeHeader.partyTradeInformation.reportingRegime.name,0,,Element with value HKTR could not be mapped to a rosettaField
cdm-sample-files/events/Trade-Modify-Partial-Termination-ex-02.xml,Fail_MappedNone,termination.originalTrade.tradeHeader.partyTradeInformation(0).relatedBusinessUnit.businessUnitReference[href=desk1].href,termination.originalTrade.tradeHeader.partyTradeInformation.relatedBusinessUnit.businessUnitReference[href=desk1].href,0,,Element with value desk1 could not be mapped to a rosettaField
cdm-sample-files/events/Trade-Modify-Partial-Termination-ex-02.xml,Fail_MappedNone,termination.originalTrade.tradeHeader.partyTradeInformation(0).intentToClear,termination.originalTrade.tradeHeader.partyTradeInformation.intentToClear,0,,Element with value true could not be mapped to a rosettaField
cdm-sample-files/events/Trade-Modify-Partial-Termination-ex-02.xml,Fail_MappedNone,onBehalfOf.partyReference[href=party1].href,onBehalfOf.partyReference[href=party1].href,0,,Element with value party1 could not be mapped to a rosettaField
cdm-sample-files/events/Trade-Modify-Partial-Termination-ex-02.xml,Fail_MappedNone,termination.originalTrade.tradeHeader.partyTradeInformation(1).reportingRegime(1).exceedsClearingThreshold,termination.originalTrade.tradeHeader.partyTradeInformation.reportingRegime.exceedsClearingThreshold,0,,Element with value true could not be mapped to a rosettaField
cdm-sample-files/events/Trade-Modify-Partial-Termination-ex-02.xml,Fail_MappedNone,party(0)[id=party1].classification(0)[industryClassificationScheme=http://www.fpml.org/coding-scheme/esma-emir-refit-regulatory-corporate-sector].industryClassificationScheme,party[id=party1].classification[industryClassificationScheme=http://www.fpml.org/coding-scheme/esma-emir-refit-regulatory-corporate-sector].industryClassificationScheme,0,,Element with value http://www.fpml.org/coding-scheme/esma-emir-refit-regulatory-corporate-sector could not be mapped to a rosettaField
cdm-sample-files/events/Trade-Modify-Partial-Termination-ex-02.xml,Fail_MappedNone,termination.originalTrade.tradeHeader.partyTradeInformation(1).reportingRegime(3).name,termination.originalTrade.tradeHeader.partyTradeInformation.reportingRegime.name,0,,Element with value CSA could not be mapped to a rosettaField
cdm-sample-files/events/Trade-Modify-Partial-Termination-ex-02.xml,Fail_MappedNone,termination.originalTrade.tradeHeader.partyTradeInformation(1).reportingRegime(0).entityClassification[entityClassificationScheme=http://www.fpml.org/coding-scheme/esma-entity-classification],termination.originalTrade.tradeHeader.partyTradeInformation.reportingRegime.entityClassification[entityClassificationScheme=http://www.fpml.org/coding-scheme/esma-entity-classification],0,,Element with value Financial could not be mapped to a rosettaField
cdm-sample-files/events/Trade-Modify-Partial-Termination-ex-02.xml,Fail_MappedNone,termination.resultingTrade.tradeHeader.partyTradeInformation(0).executionType,termination.resultingTrade.tradeHeader.partyTradeInformation.executionType,0,,Element with value Electronic could not be mapped to a rosettaField
cdm-sample-files/events/Trade-Modify-Partial-Termination-ex-02.xml,Fail_MappedNone,termination.resultingTrade.tradeHeader.partyTradeInformation(0).reportingRegime(1).supervisorRegistration.supervisoryBody,termination.resultingTrade.tradeHeader.partyTradeInformation.reportingRegime.supervisorRegistration.supervisoryBody,0,,Element with value FCA could not be mapped to a rosettaField
cdm-sample-files/events/Trade-Modify-Partial-Termination-ex-02.xml,Fail_MappedNone,termination.originalTrade.tradeHeader.partyTradeInformation(1).reportingRegime(3).mandatorilyClearable,termination.originalTrade.tradeHeader.partyTradeInformation.reportingRegime.mandatorilyClearable,0,,Element with value false could not be mapped to a rosettaField
cdm-sample-files/events/Trade-Modify-Partial-Termination-ex-02.xml,Fail_MappedNone,termination.originalTrade.tradeHeader.partyTradeInformation(0).executionType,termination.originalTrade.tradeHeader.partyTradeInformation.executionType,0,,Element with value Electronic could not be mapped to a rosettaField
cdm-sample-files/events/Trade-Modify-Partial-Termination-ex-02.xml,Fail_MappedNone,termination.resultingTrade.tradeHeader.partyTradeInformation(0).nonStandardTerms,termination.resultingTrade.tradeHeader.partyTradeInformation.nonStandardTerms,0,,Element with value false could not be mapped to a rosettaField
cdm-sample-files/events/Trade-Modify-Partial-Termination-ex-02.xml,Fail_MappedNone,termination.resultingTrade.tradeHeader.partyTradeInformation(0).intentToClear,termination.resultingTrade.tradeHeader.partyTradeInformation.intentToClear,0,,Element with value true could not be mapped to a rosettaField
cdm-sample-files/events/Trade-Modify-Partial-Termination-ex-02.xml,Fail_MappedNone,termination.originalTrade.tradeHeader.partyTradeInformation(1).reportingRegime(1).entityClassification[entityClassificationScheme=http://www.fpml.org/coding-scheme/esma-entity-classification].entityClassificationScheme,termination.originalTrade.tradeHeader.partyTradeInformation.reportingRegime.entityClassification[entityClassificationScheme=http://www.fpml.org/coding-scheme/esma-entity-classification].entityClassificationScheme,0,,Element with value http://www.fpml.org/coding-scheme/esma-entity-classification could not be mapped to a rosettaField
cdm-sample-files/events/Trade-Modify-Partial-Termination-ex-02.xml,Fail_MappedNone,termination.resultingTrade.tradeHeader.partyTradeInformation(0).reportingRegime(3).name,termination.resultingTrade.tradeHeader.partyTradeInformation.reportingRegime.name,0,,Element with value CSA could not be mapped to a rosettaField
cdm-sample-files/events/Trade-Modify-Partial-Termination-ex-02.xml,Fail_MappedNone,termination.originalTrade.tradeHeader.partyTradeInformation(1).reportingRegime(3).supervisorRegistration.supervisoryBody,termination.originalTrade.tradeHeader.partyTradeInformation.reportingRegime.supervisorRegistration.supervisoryBody,0,,Element with value CA.AB.ASC could not be mapped to a rosettaField
cdm-sample-files/events/Trade-Modify-Partial-Termination-ex-02.xml,Fail_MappedNone,correlationId[correlationIdScheme=http://fpml.org/submitter_event_id],correlationId[correlationIdScheme=http://fpml.org/submitter_event_id],0,,Element with value TW19235-002 could not be mapped to a rosettaField
cdm-sample-files/events/Trade-Modify-Partial-Termination-ex-02.xml,Fail_MappedNone,termination.resultingTrade.tradeHeader.partyTradeInformation(0).reportingRegime(1).entityClassification[entityClassificationScheme=http://www.fpml.org/coding-scheme/esma-entity-classification],termination.resultingTrade.tradeHeader.partyTradeInformation.reportingRegime.entityClassification[entityClassificationScheme=http://www.fpml.org/coding-scheme/esma-entity-classification],0,,Element with value Financial could not be mapped to a rosettaField
cdm-sample-files/events/Trade-Modify-Partial-Termination-ex-02.xml,Fail_MappedNone,termination.resultingTrade.tradeHeader.partyTradeInformation(0).relatedParty(0).role,termination.resultingTrade.tradeHeader.partyTradeInformation.relatedParty.role,0,,Element with value ClearingOrganization could not be mapped to a rosettaField
cdm-sample-files/events/Trade-Modify-Partial-Termination-ex-02.xml,Fail_MappedNone,termination.resultingTrade.tradeHeader.partyTradeInformation(0).confirmationMethod,termination.resultingTrade.tradeHeader.partyTradeInformation.confirmationMethod,0,,Element with value Electronic could not be mapped to a rosettaField
cdm-sample-files/events/Trade-Modify-Partial-Termination-ex-02.xml,Fail_MappedNone,party(0)[id=party1].classification(1)[industryClassificationScheme=http://www.fpml.org/coding-scheme/hkma-rewrite-regulatory-corporate-sector].industryClassificationScheme,party[id=party1].classification[industryClassificationScheme=http://www.fpml.org/coding-scheme/hkma-rewrite-regulatory-corporate-sector].industryClassificationScheme,0,,Element with value http://www.fpml.org/coding-scheme/hkma-rewrite-regulatory-corporate-sector could not be mapped to a rosettaField
cdm-sample-files/events/Trade-Modify-Partial-Termination-ex-02.xml,Fail_MappedNone,termination.originalTrade.tradeHeader.partyTradeInformation(1).reportingRegime(2).name,termination.originalTrade.tradeHeader.partyTradeInformation.reportingRegime.name,0,,Element with value JFSA could not be mapped to a rosettaField
cdm-sample-files/events/Trade-Modify-Partial-Termination-ex-02.xml,Fail_MappedNone,termination.resultingTrade.tradeHeader.partyTradeInformation(0).reportingRegime(0).reportingPurpose,termination.resultingTrade.tradeHeader.partyTradeInformation.reportingRegime.reportingPurpose,0,,Element with value PrimaryEconomicTerms could not be mapped to a rosettaField
cdm-sample-files/events/Trade-Modify-Partial-Termination-ex-02.xml,Fail_MappedNone,termination.originalTrade.tradeHeader.partyTradeInformation(1).reportingRegime(3).reportingRole,termination.originalTrade.tradeHeader.partyTradeInformation.reportingRegime.reportingRole,0,,Element with value ReportingParty could not be mapped to a rosettaField
cdm-sample-files/events/Trade-Modify-Partial-Termination-ex-02.xml,Fail_MappedNone,termination.originalTrade.tradeHeader.partyTradeInformation(1).reportingRegime(4).mandatorilyClearable,termination.originalTrade.tradeHeader.partyTradeInformation.reportingRegime.mandatorilyClearable,0,,Element with value false could not be mapped to a rosettaField
cdm-sample-files/events/Trade-Modify-Partial-Termination-ex-02.xml,Fail_MappedNone,termination.originalTrade.tradeHeader.partyTradeInformation(1).reportingRegime(4).supervisorRegistration.supervisoryBody,termination.originalTrade.tradeHeader.partyTradeInformation.reportingRegime.supervisorRegistration.supervisoryBody,0,,Element with value HKMA could not be mapped to a rosettaField
cdm-sample-files/events/Trade-Modify-Partial-Termination-ex-02.xml,Fail_MappedNone,termination.resultingTrade.tradeHeader.partyTradeIdentifier.issuer[issuerIdScheme=http://www.fpml.org/coding-scheme/external/issuer-identifier].issuerIdScheme,termination.resultingTrade.tradeHeader.partyTradeIdentifier.issuer[issuerIdScheme=http://www.fpml.org/coding-scheme/external/issuer-identifier].issuerIdScheme,0,,Element with value http://www.fpml.org/coding-scheme/external/issuer-identifier could not be mapped to a rosettaField
cdm-sample-files/events/Trade-Modify-Partial-Termination-ex-02.xml,Fail_MappedNone,termination.resultingTrade.tradeHeader.partyTradeInformation(0).relatedBusinessUnit.businessUnitReference[href=desk1].href,termination.resultingTrade.tradeHeader.partyTradeInformation.relatedBusinessUnit.businessUnitReference[href=desk1].href,0,,Element with value desk1 could not be mapped to a rosettaField
cdm-sample-files/events/Trade-Modify-Partial-Termination-ex-02.xml,Fail_MappedNone,termination.resultingTrade.tradeHeader.partyTradeInformation(0).largeSizeTrade,termination.resultingTrade.tradeHeader.partyTradeInformation.largeSizeTrade,0,,Element with value false could not be mapped to a rosettaField
cdm-sample-files/events/Trade-Modify-Partial-Termination-ex-02.xml,Fail_MappedNone,termination.resultingTrade.fxSingleLeg.exchangedCurrency2.payerPartyReference[href=party1].href,termination.resultingTrade.fxSingleLeg.exchangedCurrency2.payerPartyReference[href=party1].href,0,,Element with value party1 could not be mapped to a rosettaField
cdm-sample-files/events/Trade-Modify-Partial-Termination-ex-02.xml,Fail_MappedNone,termination.resultingTrade.tradeHeader.partyTradeInformation(0).reportingRegime(0).entityClassification[entityClassificationScheme=http://www.fpml.org/coding-scheme/esma-entity-classification],termination.resultingTrade.tradeHeader.partyTradeInformation.reportingRegime.entityClassification[entityClassificationScheme=http://www.fpml.org/coding-scheme/esma-entity-classification],0,,Element with value Financial could not be mapped to a rosettaField
cdm-sample-files/events/Trade-Modify-Partial-Termination-ex-02.xml,Fail_MappedNone,termination.resultingTrade.fxSingleLeg.exchangedCurrency1.paymentAmount.currency,termination.resultingTrade.fxSingleLeg.exchangedCurrency1.paymentAmount.currency,0,,Element with value EUR could not be mapped to a rosettaField
cdm-sample-files/events/Trade-Modify-Partial-Termination-ex-02.xml,Fail_MappedNone,termination.resultingTrade.tradeHeader.partyTradeInformation(0).relatedParty(1).role,termination.resultingTrade.tradeHeader.partyTradeInformation.relatedParty.role,0,,Element with value ArrangingBroker could not be mapped to a rosettaField
cdm-sample-files/events/Trade-Modify-Partial-Termination-ex-02.xml,Fail_MappedMultiple,party(4)[id=clearing-svc].partyId[partyIdScheme=http://www.fpml.org/coding-scheme/external/iso17442].partyIdScheme,party[id=clearing-svc].partyId[partyIdScheme=http://www.fpml.org/coding-scheme/external/iso17442].partyIdScheme,2,ReportableEvent.originatingWorkflowStep.proposedEvent.instruction(0).before.value.trade.party(4).partyId(0).identifier.meta.scheme=[http://www.fpml.org/coding-scheme/external/iso17442] ReportableEvent.originatingWorkflowStep.proposedEvent.instruction(0).before.value.trade.party(4).partyId(0).identifierType=[LEI],Element mapped to multiple rosettaFields
cdm-sample-files/events/Trade-Modify-Partial-Termination-ex-02.xml,Fail_MappedNone,termination.resultingTrade.tradeHeader.partyTradeInformation(0).executionVenueType,termination.resultingTrade.tradeHeader.partyTradeInformation.executionVenueType,0,,Element with value SEF could not be mapped to a rosettaField
cdm-sample-files/events/Trade-Modify-Partial-Termination-ex-02.xml,Fail_MappedNone,termination.originalTrade.tradeHeader.partyTradeInformation(0).executionVenueType,termination.originalTrade.tradeHeader.partyTradeInformation.executionVenueType,0,,Element with value SEF could not be mapped to a rosettaField
cdm-sample-files/events/Trade-Modify-Partial-Termination-ex-02.xml,Fail_MappedNone,termination.resultingTrade.tradeHeader.partyTradeInformation(0).relatedPerson(0).personReference[href=trader].href,termination.resultingTrade.tradeHeader.partyTradeInformation.relatedPerson.personReference[href=trader].href,0,,Element with value trader could not be mapped to a rosettaField
cdm-sample-files/events/Trade-Modify-Partial-Termination-ex-02.xml,Fail_MappedNone,termination.originalTrade.tradeHeader.partyTradeInformation(1).reportingRegime(4).reportingRole,termination.originalTrade.tradeHeader.partyTradeInformation.reportingRegime.reportingRole,0,,Element with value ReportingParty could not be mapped to a rosettaField
cdm-sample-files/events/Trade-Modify-Partial-Termination-ex-02.xml,Fail_MappedNone,termination.resultingTrade.tradeHeader.partyTradeInformation(0).executionDateTime,termination.resultingTrade.tradeHeader.partyTradeInformation.executionDateTime,0,,Element with value 2011-02-04T16:20:47Z could not be mapped to a rosettaField
cdm-sample-files/events/Trade-Modify-Partial-Termination-ex-02.xml,Fail_MappedNone,party(0)[id=party1].classification(1)[industryClassificationScheme=http://www.fpml.org/coding-scheme/hkma-rewrite-regulatory-corporate-sector],party[id=party1].classification[industryClassificationScheme=http://www.fpml.org/coding-scheme/hkma-rewrite-regulatory-corporate-sector],0,,Element with value CSDS could not be mapped to a rosettaField
cdm-sample-files/events/Trade-Modify-Partial-Termination-ex-02.xml,Fail_MappedNone,termination.resultingTrade.tradeHeader.partyTradeIdentifier.tradeId[tradeIdScheme=http://www.fpml.org/coding-scheme/external/unique-transaction-identifier].tradeIdScheme,termination.resultingTrade.tradeHeader.partyTradeIdentifier.tradeId[tradeIdScheme=http://www.fpml.org/coding-scheme/external/unique-transaction-identifier].tradeIdScheme,0,,Element with value http://www.fpml.org/coding-scheme/external/unique-transaction-identifier could not be mapped to a rosettaField
cdm-sample-files/events/Trade-Modify-Partial-Termination-ex-02.xml,Fail_MappedNone,quote.value,quote.value,0,,Element with value 1235 could not be mapped to a rosettaField
cdm-sample-files/events/Trade-Modify-Partial-Termination-ex-02.xml,Fail_MappedNone,termination.resultingTrade.tradeHeader.partyTradeInformation(0).reportingRegime(0).supervisorRegistration.supervisoryBody,termination.resultingTrade.tradeHeader.partyTradeInformation.reportingRegime.supervisorRegistration.supervisoryBody,0,,Element with value ESMA could not be mapped to a rosettaField
cdm-sample-files/events/Trade-Modify-Partial-Termination-ex-02.xml,Fail_MappedNone,termination.resultingTrade.tradeHeader.tradeDate,termination.resultingTrade.tradeHeader.tradeDate,0,,Element with value 2011-02-12 could not be mapped to a rosettaField
cdm-sample-files/events/Trade-Modify-Partial-Termination-ex-02.xml,Fail_MappedNone,termination.resultingTrade.tradeHeader.partyTradeInformation(0).reportingRegime(1).exceedsClearingThreshold,termination.resultingTrade.tradeHeader.partyTradeInformation.reportingRegime.exceedsClearingThreshold,0,,Element with value true could not be mapped to a rosettaField
cdm-sample-files/events/Trade-Modify-Partial-Termination-ex-02.xml,Fail_MappedNone,termination.resultingTrade.fxSingleLeg.exchangedCurrency2.paymentAmount.currency,termination.resultingTrade.fxSingleLeg.exchangedCurrency2.paymentAmount.currency,0,,Element with value USD could not be mapped to a rosettaField
cdm-sample-files/events/Trade-Modify-Partial-Termination-ex-02.xml,Fail_MappedNone,termination.resultingTrade.fxSingleLeg.exchangedCurrency1.payerPartyReference[href=party2].href,termination.resultingTrade.fxSingleLeg.exchangedCurrency1.payerPartyReference[href=party2].href,0,,Element with value party2 could not be mapped to a rosettaField
cdm-sample-files/events/Trade-Modify-Partial-Termination-ex-02.xml,Fail_MappedNone,termination.originalTrade.tradeHeader.partyTradeInformation(1).reportingRegime(0).exceedsClearingThreshold,termination.originalTrade.tradeHeader.partyTradeInformation.reportingRegime.exceedsClearingThreshold,0,,Element with value true could not be mapped to a rosettaField
cdm-sample-files/events/Trade-Modify-Partial-Termination-ex-02.xml,Fail_MappedNone,termination.originalTrade.tradeHeader.partyTradeInformation(1).reportingRegime(4).name,termination.originalTrade.tradeHeader.partyTradeInformation.reportingRegime.name,0,,Element with value HKTR could not be mapped to a rosettaField
cdm-sample-files/events/Trade-Modify-Partial-Termination-ex-02.xml,Fail_MappedNone,termination.changeInNotionalAmount(0).currency,termination.changeInNotionalAmount.currency,0,,Element with value EUR could not be mapped to a rosettaField
cdm-sample-files/events/Trade-Modify-Partial-Termination-ex-02.xml,Fail_MappedNone,termination.resultingTrade.tradeHeader.partyTradeInformation(0).reportingRegime(4).reportingRole,termination.resultingTrade.tradeHeader.partyTradeInformation.reportingRegime.reportingRole,0,,Element with value ReportingParty could not be mapped to a rosettaField
cdm-sample-files/events/Trade-Modify-Partial-Termination-ex-02.xml,Fail_MappedNone,termination.resultingTrade.tradeHeader.partyTradeInformation(0).reportingRegime(3).supervisorRegistration.supervisoryBody,termination.resultingTrade.tradeHeader.partyTradeInformation.reportingRegime.supervisorRegistration.supervisoryBody,0,,Element with value CA.AB.ASC could not be mapped to a rosettaField
cdm-sample-files/events/Trade-Modify-Partial-Termination-ex-02.xml,Fail_MappedNone,termination.originalTrade.fxSingleLeg.exchangedCurrency2.receiverPartyReference[href=party2].href,termination.originalTrade.fxSingleLeg.exchangedCurrency2.receiverPartyReference[href=party2].href,0,,Element with value party2 could not be mapped to a rosettaField
cdm-sample-files/events/Trade-Modify-Partial-Termination-ex-02.xml,Fail_MappedNone,termination.originalTrade.tradeHeader.partyTradeInformation(1).reportingRegime(0).supervisorRegistration.supervisoryBody,termination.originalTrade.tradeHeader.partyTradeInformation.reportingRegime.supervisorRegistration.supervisoryBody,0,,Element with value ESMA could not be mapped to a rosettaField
cdm-sample-files/events/Trade-Modify-Partial-Termination-ex-02.xml,Fail_MappedNone,termination.changeInNotionalAmount(1).amount,termination.changeInNotionalAmount.amount,0,,Element with value 4500000 could not be mapped to a rosettaField
cdm-sample-files/events/Trade-Modify-Partial-Termination-ex-02.xml,Fail_MappedNone,termination.originalTrade.tradeHeader.partyTradeInformation(1).reportingRegime(1).reportingRole,termination.originalTrade.tradeHeader.partyTradeInformation.reportingRegime.reportingRole,0,,Element with value ReportingParty could not be mapped to a rosettaField
cdm-sample-files/events/Trade-Modify-Partial-Termination-ex-02.xml,Fail_MappedNone,termination.resultingTrade.tradeHeader.partyTradeInformation(0).reportingRegime(0).mandatorilyClearable,termination.resultingTrade.tradeHeader.partyTradeInformation.reportingRegime.mandatorilyClearable,0,,Element with value false could not be mapped to a rosettaField
cdm-sample-files/events/Trade-Modify-Partial-Termination-ex-02.xml,Fail_MappedNone,termination.resultingTrade.fxSingleLeg.exchangedCurrency1.receiverPartyReference[href=party1].href,termination.resultingTrade.fxSingleLeg.exchangedCurrency1.receiverPartyReference[href=party1].href,0,,Element with value party1 could not be mapped to a rosettaField
cdm-sample-files/events/Trade-Modify-Partial-Termination-ex-02.xml,Fail_MappedNone,termination.resultingTrade.tradeHeader.partyTradeInformation(0).reportingRegime(0).name,termination.resultingTrade.tradeHeader.partyTradeInformation.reportingRegime.name,0,,Element with value EMIR could not be mapped to a rosettaField
cdm-sample-files/events/Trade-Modify-Partial-Termination-ex-02.xml,Fail_MappedNone,termination.originalTrade.tradeHeader.partyTradeInformation(1).reportingRegime(0).reportingPurpose,termination.originalTrade.tradeHeader.partyTradeInformation.reportingRegime.reportingPurpose,0,,Element with value PrimaryEconomicTerms could not be mapped to a rosettaField
cdm-sample-files/events/Trade-Modify-Partial-Termination-ex-02.xml,Fail_MappedNone,party(1)[id=party2].classification(1)[industryClassificationScheme=http://www.fpml.org/coding-scheme/hkma-rewrite-regulatory-corporate-sector],party[id=party2].classification[industryClassificationScheme=http://www.fpml.org/coding-scheme/hkma-rewrite-regulatory-corporate-sector],0,,Element with value INUN could not be mapped to a rosettaField
cdm-sample-files/events/Trade-Modify-Partial-Termination-ex-02.xml,Fail_MappedNone,termination.resultingTrade.tradeHeader.partyTradeInformation(0).relatedBusinessUnit.role,termination.resultingTrade.tradeHeader.partyTradeInformation.relatedBusinessUnit.role,0,,Element with value TradingDesk could not be mapped to a rosettaField
cdm-sample-files/events/Trade-Modify-Partial-Termination-ex-02.xml,Fail_MappedNone,termination.resultingTrade.tradeHeader.partyTradeInformation(0).relatedParty(0).partyReference[href=clearing-svc].href,termination.resultingTrade.tradeHeader.partyTradeInformation.relatedParty.partyReference[href=clearing-svc].href,0,,Element with value clearing-svc could not be mapped to a rosettaField
cdm-sample-files/events/Trade-Modify-Partial-Termination-ex-02.xml,Fail_MappedNone,termination.originalTrade.tradeHeader.partyTradeInformation(1).reportingRegime(3).entityClassification[entityClassificationScheme=http://www.fpml.org/coding-scheme/cftc-entity-classification].entityClassificationScheme,termination.originalTrade.tradeHeader.partyTradeInformation.reportingRegime.entityClassification[entityClassificationScheme=http://www.fpml.org/coding-scheme/cftc-entity-classification].entityClassificationScheme,0,,Element with value http://www.fpml.org/coding-scheme/cftc-entity-classification could not be mapped to a rosettaField
cdm-sample-files/events/Trade-Modify-Partial-Termination-ex-02.xml,Fail_MappedNone,termination.resultingTrade.tradeHeader.partyTradeInformation(0).reportingRegime(0).exceedsClearingThreshold,termination.resultingTrade.tradeHeader.partyTradeInformation.reportingRegime.exceedsClearingThreshold,0,,Element with value true could not be mapped to a rosettaField
cdm-sample-files/events/Trade-Modify-Partial-Termination-ex-02.xml,Fail_MappedNone,termination.resultingTrade.tradeHeader.partyTradeIdentifier.tradeId[tradeIdScheme=http://www.fpml.org/coding-scheme/external/unique-transaction-identifier],termination.resultingTrade.tradeHeader.partyTradeIdentifier.tradeId[tradeIdScheme=http://www.fpml.org/coding-scheme/external/unique-transaction-identifier],0,,Element with value UTITRADEMODIFYPA0154 could not be mapped to a rosettaField
cdm-sample-files/events/Trade-Modify-Partial-Termination-ex-02.xml,Fail_MappedNone,termination.resultingTrade.tradeHeader.partyTradeInformation(0).relatedPerson(0).role,termination.resultingTrade.tradeHeader.partyTradeInformation.relatedPerson.role,0,,Element with value Trader could not be mapped to a rosettaField
cdm-sample-files/events/Trade-Modify-Partial-Termination-ex-02.xml,Fail_MappedNone,termination.originalTrade.tradeHeader.partyTradeInformation(0).largeSizeTrade,termination.originalTrade.tradeHeader.partyTradeInformation.largeSizeTrade,0,,Element with value false could not be mapped to a rosettaField
cdm-sample-files/events/Trade-Modify-Partial-Termination-ex-02.xml,Fail_MappedNone,termination.originalTrade.tradeHeader.partyTradeInformation(0).relatedBusinessUnit.role,termination.originalTrade.tradeHeader.partyTradeInformation.relatedBusinessUnit.role,0,,Element with value TradingDesk could not be mapped to a rosettaField
cdm-sample-files/events/Trade-Modify-Partial-Termination-ex-02.xml,Fail_MappedNone,termination.resultingTrade.tradeHeader.partyTradeInformation(0).reportingRegime(3).reportingRole,termination.resultingTrade.tradeHeader.partyTradeInformation.reportingRegime.reportingRole,0,,Element with value ReportingParty could not be mapped to a rosettaField
cdm-sample-files/events/Trade-Modify-Partial-Termination-ex-02.xml,Fail_MappedNone,termination.resultingTrade.tradeHeader.partyTradeIdentifier.issuer[issuerIdScheme=http://www.fpml.org/coding-scheme/external/issuer-identifier],termination.resultingTrade.tradeHeader.partyTradeIdentifier.issuer[issuerIdScheme=http://www.fpml.org/coding-scheme/external/issuer-identifier],0,,Element with value 549300OL8KL0WCQ34V31 could not be mapped to a rosettaField
cdm-sample-files/events/Trade-Modify-Partial-Termination-ex-02.xml,Fail_MappedNone,termination.resultingTrade.fxSingleLeg.exchangedCurrency2.paymentAmount.amount,termination.resultingTrade.fxSingleLeg.exchangedCurrency2.paymentAmount.amount,0,,Element with value 13500000 could not be mapped to a rosettaField
cdm-sample-files/events/Trade-Modify-Partial-Termination-ex-02.xml,Fail_MappedNone,termination.changeInNotionalAmount(1).currency,termination.changeInNotionalAmount.currency,0,,Element with value USD could not be mapped to a rosettaField
cdm-sample-files/events/Trade-Modify-Partial-Termination-ex-02.xml,Fail_MappedNone,party(0)[id=party1].classification(0)[industryClassificationScheme=http://www.fpml.org/coding-scheme/esma-emir-refit-regulatory-corporate-sector],party[id=party1].classification[industryClassificationScheme=http://www.fpml.org/coding-scheme/esma-emir-refit-regulatory-corporate-sector],0,,Element with value CSDS could not be mapped to a rosettaField
cdm-sample-files/events/Trade-Modify-Partial-Termination-ex-02.xml,Fail_MappedMultiple,party(0)[id=party1].partyId[partyIdScheme=http://www.fpml.org/coding-scheme/external/iso17442].partyIdScheme,party[id=party1].partyId[partyIdScheme=http://www.fpml.org/coding-scheme/external/iso17442].partyIdScheme,2,ReportableEvent.originatingWorkflowStep.proposedEvent.instruction(0).before.value.trade.party(0).partyId(0).identifierType=[LEI] ReportableEvent.originatingWorkflowStep.proposedEvent.instruction(0).before.value.trade.party(0).partyId(0).identifier.meta.scheme=[http://www.fpml.org/coding-scheme/external/iso17442],Element mapped to multiple rosettaFields
cdm-sample-files/events/Trade-Modify-Partial-Termination-ex-02.xml,Fail_MappedNone,termination.resultingTrade.fxSingleLeg.valueDate,termination.resultingTrade.fxSingleLeg.valueDate,0,,Element with value 2001-12-21 could not be mapped to a rosettaField
cdm-sample-files/events/Trade-Modify-Partial-Termination-ex-02.xml,Fail_MappedNone,termination.resultingTrade.tradeHeader.partyTradeInformation(0).reportingRegime(1).reportingPurpose,termination.resultingTrade.tradeHeader.partyTradeInformation.reportingRegime.reportingPurpose,0,,Element with value PrimaryEconomicTerms could not be mapped to a rosettaField
cdm-sample-files/events/Trade-Modify-Partial-Termination-ex-02.xml,Fail_MappedNone,termination.resultingTrade.tradeHeader.partyTradeInformation(0).relatedParty(1).partyReference[href=broker1].href,termination.resultingTrade.tradeHeader.partyTradeInformation.relatedParty.partyReference[href=broker1].href,0,,Element with value broker1 could not be mapped to a rosettaField
cdm-sample-files/events/Trade-Modify-Partial-Termination-ex-02.xml,Fail_MappedNone,termination.originalTrade.fxSingleLeg.exchangedCurrency1.payerPartyReference[href=party2].href,termination.originalTrade.fxSingleLeg.exchangedCurrency1.payerPartyReference[href=party2].href,0,,Element with value party2 could not be mapped to a rosettaField
cdm-sample-files/events/Trade-Modify-Partial-Termination-ex-02.xml,Fail_MappedNone,termination.originalTrade.fxSingleLeg.exchangedCurrency1.receiverPartyReference[href=party1].href,termination.originalTrade.fxSingleLeg.exchangedCurrency1.receiverPartyReference[href=party1].href,0,,Element with value party1 could not be mapped to a rosettaField
cdm-sample-files/events/Trade-Modify-Partial-Termination-ex-02.xml,Fail_MappedNone,termination.originalTrade.tradeHeader.partyTradeInformation(1).reportingRegime(2).reportingRole,termination.originalTrade.tradeHeader.partyTradeInformation.reportingRegime.reportingRole,0,,Element with value ReportingParty could not be mapped to a rosettaField
cdm-sample-files/events/Trade-Modify-Partial-Termination-ex-02.xml,Fail_MappedNone,termination.changeInNotionalAmount(0).amount,termination.changeInNotionalAmount.amount,0,,Element with value 5000000 could not be mapped to a rosettaField
cdm-sample-files/events/Trade-Modify-Partial-Termination-ex-02.xml,Fail_MappedNone,termination.resultingTrade.tradeHeader.partyTradeInformation(0).reportingRegime(1).mandatorilyClearable,termination.resultingTrade.tradeHeader.partyTradeInformation.reportingRegime.mandatorilyClearable,0,,Element with value false could not be mapped to a rosettaField
cdm-sample-files/events/Trade-Modify-Partial-Termination-ex-02.xml,Fail_MappedNone,termination.resultingTrade.tradeHeader.partyTradeInformation(0).reportingRegime(1).entityClassification[entityClassificationScheme=http://www.fpml.org/coding-scheme/esma-entity-classification].entityClassificationScheme,termination.resultingTrade.tradeHeader.partyTradeInformation.reportingRegime.entityClassification[entityClassificationScheme=http://www.fpml.org/coding-scheme/esma-entity-classification].entityClassificationScheme,0,,Element with value http://www.fpml.org/coding-scheme/esma-entity-classification could not be mapped to a rosettaField
cdm-sample-files/events/Trade-Modify-Partial-Termination-ex-02.xml,Fail_MappedNone,termination.resultingTrade.fxSingleLeg.exchangedCurrency2.receiverPartyReference[href=party2].href,termination.resultingTrade.fxSingleLeg.exchangedCurrency2.receiverPartyReference[href=party2].href,0,,Element with value party2 could not be mapped to a rosettaField
cdm-sample-files/events/Trade-Modify-Partial-Termination-ex-02.xml,Fail_MappedNone,termination.originalTrade.tradeHeader.partyTradeInformation(1).reportingRegime(4).entityClassification,termination.originalTrade.tradeHeader.partyTradeInformation.reportingRegime.entityClassification,0,,Element with value Financial could not be mapped to a rosettaField
cdm-sample-files/events/Trade-Modify-Partial-Termination-ex-02.xml,Fail_MappedNone,quote.currency,quote.currency,0,,Element with value USD could not be mapped to a rosettaField
cdm-sample-files/events/Trade-Modify-Partial-Termination-ex-02.xml,Fail_MappedMultiple,party(1)[id=party2].partyId[partyIdScheme=http://www.fpml.org/coding-scheme/external/iso17442].partyIdScheme,party[id=party2].partyId[partyIdScheme=http://www.fpml.org/coding-scheme/external/iso17442].partyIdScheme,2,ReportableEvent.originatingWorkflowStep.proposedEvent.instruction(0).before.value.trade.party(1).partyId(0).identifier.meta.scheme=[http://www.fpml.org/coding-scheme/external/iso17442] ReportableEvent.originatingWorkflowStep.proposedEvent.instruction(0).before.value.trade.party(1).partyId(0).identifierType=[LEI],Element mapped to multiple rosettaFields
cdm-sample-files/events/Trade-Modify-Partial-Termination-ex-02.xml,Fail_MappedNone,termination.resultingTrade.tradeHeader.partyTradeInformation(0).partyReference[href=party1].href,termination.resultingTrade.tradeHeader.partyTradeInformation.partyReference[href=party1].href,0,,Element with value party1 could not be mapped to a rosettaField
cdm-sample-files/events/Trade-Modify-Partial-Termination-ex-02.xml,Fail_MappedNone,termination.originalTrade.tradeHeader.partyTradeInformation(1).reportingRegime(1).reportingPurpose,termination.originalTrade.tradeHeader.partyTradeInformation.reportingRegime.reportingPurpose,0,,Element with value PrimaryEconomicTerms could not be mapped to a rosettaField
cdm-sample-files/events/Trade-Modify-Partial-Termination-ex-02.xml,Fail_MappedNone,termination.resultingTrade.tradeHeader.partyTradeInformation(0).reportingRegime(4).supervisorRegistration.supervisoryBody,termination.resultingTrade.tradeHeader.partyTradeInformation.reportingRegime.supervisorRegistration.supervisoryBody,0,,Element with value HKMA could not be mapped to a rosettaField
cdm-sample-files/events/Trade-Modify-Partial-Termination-ex-02.xml,Fail_MappedNone,sequenceNumber,sequenceNumber,0,,Element with value 1 could not be mapped to a rosettaField
cdm-sample-files/events/Trade-Modify-Partial-Termination-ex-02.xml,Fail_MappedNone,termination.resultingTrade.tradeHeader.partyTradeInformation(0).reportingRegime(2).reportingRole,termination.resultingTrade.tradeHeader.partyTradeInformation.reportingRegime.reportingRole,0,,Element with value ReportingParty could not be mapped to a rosettaField
cdm-sample-files/events/Trade-Modify-Partial-Termination-ex-02.xml,Fail_MappedNone,party(1)[id=party2].classification(0)[industryClassificationScheme=http://www.fpml.org/coding-scheme/esma-emir-refit-regulatory-corporate-sector],party[id=party2].classification[industryClassificationScheme=http://www.fpml.org/coding-scheme/esma-emir-refit-regulatory-corporate-sector],0,,Element with value INUN could not be mapped to a rosettaField
cdm-sample-files/events/Trade-Modify-Partial-Termination-ex-03.xml,Fail_MappedNone,termination.originalTrade.tradeHeader.partyTradeInformation(1).reportingRegime(0).mandatorilyClearable,termination.originalTrade.tradeHeader.partyTradeInformation.reportingRegime.mandatorilyClearable,0,,Element with value false could not be mapped to a rosettaField
cdm-sample-files/events/Trade-Modify-Partial-Termination-ex-03.xml,Fail_MappedNone,correlationId[correlationIdScheme=http://fpml.org/submitter_event_id].correlationIdScheme,correlationId[correlationIdScheme=http://fpml.org/submitter_event_id].correlationIdScheme,0,,Element with value http://fpml.org/submitter_event_id could not be mapped to a rosettaField
cdm-sample-files/events/Trade-Modify-Partial-Termination-ex-03.xml,Fail_MappedNone,party(1)[id=party2].classification(0)[industryClassificationScheme=http://www.fpml.org/coding-scheme/esma-emir-refit-regulatory-corporate-sector].industryClassificationScheme,party[id=party2].classification[industryClassificationScheme=http://www.fpml.org/coding-scheme/esma-emir-refit-regulatory-corporate-sector].industryClassificationScheme,0,,Element with value http://www.fpml.org/coding-scheme/esma-emir-refit-regulatory-corporate-sector could not be mapped to a rosettaField
cdm-sample-files/events/Trade-Modify-Partial-Termination-ex-03.xml,Fail_MappedNone,termination.originalTrade.tradeHeader.partyTradeInformation(1).reportingRegime(3).entityClassification[entityClassificationScheme=http://www.fpml.org/coding-scheme/cftc-entity-classification],termination.originalTrade.tradeHeader.partyTradeInformation.reportingRegime.entityClassification[entityClassificationScheme=http://www.fpml.org/coding-scheme/cftc-entity-classification],0,,Element with value SBSD could not be mapped to a rosettaField
cdm-sample-files/events/Trade-Modify-Partial-Termination-ex-03.xml,Success,termination.executionDateTime,termination.executionDateTime,2,"ReportableEvent.originatingWorkflowStep.proposedEvent.eventDate=[2011-06-01]
ReportableEvent.originatingWorkflowStep.timestamp(1).dateTime=[2011-06-01T10:12:34Z, 2011-06-01T10:13:07Z]",Element mapped to already populated field
cdm-sample-files/events/Trade-Modify-Partial-Termination-ex-03.xml,Fail_MappedNone,termination.originalTrade.tradeHeader.partyTradeInformation(1).reportingRegime(1).supervisorRegistration.supervisoryBody,termination.originalTrade.tradeHeader.partyTradeInformation.reportingRegime.supervisorRegistration.supervisoryBody,0,,Element with value FCA could not be mapped to a rosettaField
cdm-sample-files/events/Trade-Modify-Partial-Termination-ex-03.xml,Fail_MappedNone,termination.originalTrade.tradeHeader.partyTradeInformation(0).reportingRegime(3).entityClassification[entityClassificationScheme=http://www.fpml.org/coding-scheme/cftc-entity-classification].entityClassificationScheme,termination.originalTrade.tradeHeader.partyTradeInformation.reportingRegime.entityClassification[entityClassificationScheme=http://www.fpml.org/coding-scheme/cftc-entity-classification].entityClassificationScheme,0,,Element with value http://www.fpml.org/coding-scheme/cftc-entity-classification could not be mapped to a rosettaField
cdm-sample-files/events/Trade-Modify-Partial-Termination-ex-03.xml,Fail_MappedNone,termination.originalTrade.tradeHeader.partyTradeInformation(0).reportingRegime(0).supervisorRegistration.supervisoryBody,termination.originalTrade.tradeHeader.partyTradeInformation.reportingRegime.supervisorRegistration.supervisoryBody,0,,Element with value ESMA could not be mapped to a rosettaField
cdm-sample-files/events/Trade-Modify-Partial-Termination-ex-03.xml,Fail_MappedNone,termination.originalTrade.tradeHeader.partyTradeInformation(0).offMarketPrice,termination.originalTrade.tradeHeader.partyTradeInformation.offMarketPrice,0,,Element with value false could not be mapped to a rosettaField
cdm-sample-files/events/Trade-Modify-Partial-Termination-ex-03.xml,Fail_MappedNone,termination.originalTrade.tradeHeader.partyTradeInformation(1).reportingRegime(1).name,termination.originalTrade.tradeHeader.partyTradeInformation.reportingRegime.name,0,,Element with value UKEMIR could not be mapped to a rosettaField
cdm-sample-files/events/Trade-Modify-Partial-Termination-ex-03.xml,Fail_MappedNone,termination.originalTrade.tradeHeader.partyTradeInformation(0).reportingRegime(0).reportingPurpose,termination.originalTrade.tradeHeader.partyTradeInformation.reportingRegime.reportingPurpose,0,,Element with value PrimaryEconomicTerms could not be mapped to a rosettaField
cdm-sample-files/events/Trade-Modify-Partial-Termination-ex-03.xml,Fail_MappedNone,termination.originalTrade.tradeHeader.partyTradeInformation(1).reportingRegime(1).mandatorilyClearable,termination.originalTrade.tradeHeader.partyTradeInformation.reportingRegime.mandatorilyClearable,0,,Element with value false could not be mapped to a rosettaField
cdm-sample-files/events/Trade-Modify-Partial-Termination-ex-03.xml,Fail_MappedNone,termination.originalTrade.tradeHeader.partyTradeInformation(1).reportingRegime(2).supervisorRegistration.supervisoryBody,termination.originalTrade.tradeHeader.partyTradeInformation.reportingRegime.supervisorRegistration.supervisoryBody,0,,Element with value JFSA could not be mapped to a rosettaField
cdm-sample-files/events/Trade-Modify-Partial-Termination-ex-03.xml,Fail_MappedNone,termination.originalTrade.tradeHeader.partyTradeInformation(1).reportingRegime(0).reportingRole,termination.originalTrade.tradeHeader.partyTradeInformation.reportingRegime.reportingRole,0,,Element with value ReportingParty could not be mapped to a rosettaField
cdm-sample-files/events/Trade-Modify-Partial-Termination-ex-03.xml,Fail_MappedNone,party(1)[id=party2].classification(1)[industryClassificationScheme=http://www.fpml.org/coding-scheme/hkma-rewrite-regulatory-corporate-sector].industryClassificationScheme,party[id=party2].classification[industryClassificationScheme=http://www.fpml.org/coding-scheme/hkma-rewrite-regulatory-corporate-sector].industryClassificationScheme,0,,Element with value http://www.fpml.org/coding-scheme/hkma-rewrite-regulatory-corporate-sector could not be mapped to a rosettaField
cdm-sample-files/events/Trade-Modify-Partial-Termination-ex-03.xml,Fail_MappedNone,termination.originalTrade.tradeHeader.partyTradeInformation(0).reportingRegime(0).mandatorilyClearable,termination.originalTrade.tradeHeader.partyTradeInformation.reportingRegime.mandatorilyClearable,0,,Element with value false could not be mapped to a rosettaField
cdm-sample-files/events/Trade-Modify-Partial-Termination-ex-03.xml,Fail_MappedNone,party(0)[id=party1].organizationType,party[id=party1].organizationType,0,,Element with value SD could not be mapped to a rosettaField
cdm-sample-files/events/Trade-Modify-Partial-Termination-ex-03.xml,Fail_MappedMultiple,party(2)[id=broker1].partyId[partyIdScheme=http://www.fpml.org/coding-scheme/external/iso17442].partyIdScheme,party[id=broker1].partyId[partyIdScheme=http://www.fpml.org/coding-scheme/external/iso17442].partyIdScheme,2,ReportableEvent.originatingWorkflowStep.proposedEvent.instruction(0).before.value.trade.party(2).partyId(0).identifierType=[LEI] ReportableEvent.originatingWorkflowStep.proposedEvent.instruction(0).before.value.trade.party(2).partyId(0).identifier.meta.scheme=[http://www.fpml.org/coding-scheme/external/iso17442],Element mapped to multiple rosettaFields
cdm-sample-files/events/Trade-Modify-Partial-Termination-ex-03.xml,Fail_MappedNone,termination.originalTrade.tradeHeader.partyTradeInformation(1).reportingRegime(0).name,termination.originalTrade.tradeHeader.partyTradeInformation.reportingRegime.name,0,,Element with value EMIR could not be mapped to a rosettaField
cdm-sample-files/events/Trade-Modify-Partial-Termination-ex-03.xml,Fail_MappedNone,termination.originalTrade.tradeHeader.partyTradeInformation(0).reportingRegime(1).entityClassification[entityClassificationScheme=http://www.fpml.org/coding-scheme/esma-entity-classification],termination.originalTrade.tradeHeader.partyTradeInformation.reportingRegime.entityClassification[entityClassificationScheme=http://www.fpml.org/coding-scheme/esma-entity-classification],0,,Element with value Financial could not be mapped to a rosettaField
cdm-sample-files/events/Trade-Modify-Partial-Termination-ex-03.xml,Fail_MappedNone,termination.originalTrade.tradeHeader.partyTradeInformation(0).reportingRegime(1).reportingPurpose,termination.originalTrade.tradeHeader.partyTradeInformation.reportingRegime.reportingPurpose,0,,Element with value PrimaryEconomicTerms could not be mapped to a rosettaField
cdm-sample-files/events/Trade-Modify-Partial-Termination-ex-03.xml,Fail_MappedNone,termination.originalTrade.tradeHeader.partyTradeInformation(1).reportingRegime(1).entityClassification[entityClassificationScheme=http://www.fpml.org/coding-scheme/esma-entity-classification],termination.originalTrade.tradeHeader.partyTradeInformation.reportingRegime.entityClassification[entityClassificationScheme=http://www.fpml.org/coding-scheme/esma-entity-classification],0,,Element with value Financial could not be mapped to a rosettaField
cdm-sample-files/events/Trade-Modify-Partial-Termination-ex-03.xml,Fail_MappedNone,termination.originalTrade.tradeHeader.partyTradeInformation(1).reportingRegime(0).entityClassification[entityClassificationScheme=http://www.fpml.org/coding-scheme/esma-entity-classification].entityClassificationScheme,termination.originalTrade.tradeHeader.partyTradeInformation.reportingRegime.entityClassification[entityClassificationScheme=http://www.fpml.org/coding-scheme/esma-entity-classification].entityClassificationScheme,0,,Element with value http://www.fpml.org/coding-scheme/esma-entity-classification could not be mapped to a rosettaField
cdm-sample-files/events/Trade-Modify-Partial-Termination-ex-03.xml,Fail_MappedNone,termination.originalTrade.tradeHeader.partyTradeInformation(0).reportingRegime(1).supervisorRegistration.supervisoryBody,termination.originalTrade.tradeHeader.partyTradeInformation.reportingRegime.supervisorRegistration.supervisoryBody,0,,Element with value FCA could not be mapped to a rosettaField
cdm-sample-files/events/Trade-Modify-Partial-Termination-ex-03.xml,Fail_MappedNone,termination.originalTrade.tradeHeader.partyTradeInformation(0).reportingRegime(0).exceedsClearingThreshold,termination.originalTrade.tradeHeader.partyTradeInformation.reportingRegime.exceedsClearingThreshold,0,,Element with value true could not be mapped to a rosettaField
cdm-sample-files/events/Trade-Modify-Partial-Termination-ex-03.xml,Fail_MappedMultiple,party(3)[id=clearing-svc].partyId[partyIdScheme=http://www.fpml.org/coding-scheme/external/iso17442].partyIdScheme,party[id=clearing-svc].partyId[partyIdScheme=http://www.fpml.org/coding-scheme/external/iso17442].partyIdScheme,2,ReportableEvent.originatingWorkflowStep.proposedEvent.instruction(0).before.value.trade.party(3).partyId(0).identifierType=[LEI] ReportableEvent.originatingWorkflowStep.proposedEvent.instruction(0).before.value.trade.party(3).partyId(0).identifier.meta.scheme=[http://www.fpml.org/coding-scheme/external/iso17442],Element mapped to multiple rosettaFields
cdm-sample-files/events/Trade-Modify-Partial-Termination-ex-03.xml,Fail_MappedNone,termination.originalTrade.tradeHeader.partyTradeInformation(0).reportingRegime(1).name,termination.originalTrade.tradeHeader.partyTradeInformation.reportingRegime.name,0,,Element with value UKEMIR could not be mapped to a rosettaField
cdm-sample-files/events/Trade-Modify-Partial-Termination-ex-03.xml,Fail_MappedNone,termination.originalTrade.tradeHeader.partyTradeInformation(0).reportingRegime(0).entityClassification[entityClassificationScheme=http://www.fpml.org/coding-scheme/esma-entity-classification],termination.originalTrade.tradeHeader.partyTradeInformation.reportingRegime.entityClassification[entityClassificationScheme=http://www.fpml.org/coding-scheme/esma-entity-classification],0,,Element with value Financial could not be mapped to a rosettaField
cdm-sample-files/events/Trade-Modify-Partial-Termination-ex-03.xml,Fail_MappedNone,party(1)[id=party2].organizationType,party[id=party2].organizationType,0,,Element with value SD could not be mapped to a rosettaField
cdm-sample-files/events/Trade-Modify-Partial-Termination-ex-03.xml,Fail_MappedNone,termination.originalTrade.tradeHeader.partyTradeInformation(0).relatedBusinessUnit.businessUnitReference[href=desk1].href,termination.originalTrade.tradeHeader.partyTradeInformation.relatedBusinessUnit.businessUnitReference[href=desk1].href,0,,Element with value desk1 could not be mapped to a rosettaField
cdm-sample-files/events/Trade-Modify-Partial-Termination-ex-03.xml,Fail_MappedNone,termination.originalTrade.tradeHeader.partyTradeInformation(0).intentToClear,termination.originalTrade.tradeHeader.partyTradeInformation.intentToClear,0,,Element with value true could not be mapped to a rosettaField
cdm-sample-files/events/Trade-Modify-Partial-Termination-ex-03.xml,Fail_MappedNone,termination.originalTrade.tradeHeader.partyTradeInformation(0).reportingRegime(3).reportingRole,termination.originalTrade.tradeHeader.partyTradeInformation.reportingRegime.reportingRole,0,,Element with value ReportingParty could not be mapped to a rosettaField
cdm-sample-files/events/Trade-Modify-Partial-Termination-ex-03.xml,Fail_MappedNone,termination.originalTrade.tradeHeader.partyTradeInformation(0).reportingRegime(1).mandatorilyClearable,termination.originalTrade.tradeHeader.partyTradeInformation.reportingRegime.mandatorilyClearable,0,,Element with value false could not be mapped to a rosettaField
cdm-sample-files/events/Trade-Modify-Partial-Termination-ex-03.xml,Fail_MappedNone,onBehalfOf.partyReference[href=party1].href,onBehalfOf.partyReference[href=party1].href,0,,Element with value party1 could not be mapped to a rosettaField
cdm-sample-files/events/Trade-Modify-Partial-Termination-ex-03.xml,Fail_MappedNone,termination.originalTrade.tradeHeader.partyTradeInformation(1).reportingRegime(1).exceedsClearingThreshold,termination.originalTrade.tradeHeader.partyTradeInformation.reportingRegime.exceedsClearingThreshold,0,,Element with value true could not be mapped to a rosettaField
cdm-sample-files/events/Trade-Modify-Partial-Termination-ex-03.xml,Fail_MappedNone,party(0)[id=party1].classification(0)[industryClassificationScheme=http://www.fpml.org/coding-scheme/esma-emir-refit-regulatory-corporate-sector].industryClassificationScheme,party[id=party1].classification[industryClassificationScheme=http://www.fpml.org/coding-scheme/esma-emir-refit-regulatory-corporate-sector].industryClassificationScheme,0,,Element with value http://www.fpml.org/coding-scheme/esma-emir-refit-regulatory-corporate-sector could not be mapped to a rosettaField
cdm-sample-files/events/Trade-Modify-Partial-Termination-ex-03.xml,Fail_MappedNone,termination.originalTrade.tradeHeader.partyTradeInformation(1).reportingRegime(3).name,termination.originalTrade.tradeHeader.partyTradeInformation.reportingRegime.name,0,,Element with value CSA could not be mapped to a rosettaField
cdm-sample-files/events/Trade-Modify-Partial-Termination-ex-03.xml,Fail_MappedNone,termination.originalTrade.tradeHeader.partyTradeInformation(1).reportingRegime(0).entityClassification[entityClassificationScheme=http://www.fpml.org/coding-scheme/esma-entity-classification],termination.originalTrade.tradeHeader.partyTradeInformation.reportingRegime.entityClassification[entityClassificationScheme=http://www.fpml.org/coding-scheme/esma-entity-classification],0,,Element with value Financial could not be mapped to a rosettaField
cdm-sample-files/events/Trade-Modify-Partial-Termination-ex-03.xml,Fail_MappedNone,termination.originalTrade.tradeHeader.partyTradeInformation(1).reportingRegime(3).mandatorilyClearable,termination.originalTrade.tradeHeader.partyTradeInformation.reportingRegime.mandatorilyClearable,0,,Element with value false could not be mapped to a rosettaField
cdm-sample-files/events/Trade-Modify-Partial-Termination-ex-03.xml,Fail_MappedNone,termination.originalTrade.tradeHeader.partyTradeInformation(0).executionType,termination.originalTrade.tradeHeader.partyTradeInformation.executionType,0,,Element with value Electronic could not be mapped to a rosettaField
cdm-sample-files/events/Trade-Modify-Partial-Termination-ex-03.xml,Fail_MappedNone,termination.originalTrade.tradeHeader.partyTradeInformation(0).reportingRegime(1).exceedsClearingThreshold,termination.originalTrade.tradeHeader.partyTradeInformation.reportingRegime.exceedsClearingThreshold,0,,Element with value true could not be mapped to a rosettaField
cdm-sample-files/events/Trade-Modify-Partial-Termination-ex-03.xml,Fail_MappedNone,termination.originalTrade.tradeHeader.partyTradeInformation(0).reportingRegime(0).name,termination.originalTrade.tradeHeader.partyTradeInformation.reportingRegime.name,0,,Element with value EMIR could not be mapped to a rosettaField
cdm-sample-files/events/Trade-Modify-Partial-Termination-ex-03.xml,Fail_MappedNone,termination.originalTrade.tradeHeader.partyTradeInformation(1).reportingRegime(1).entityClassification[entityClassificationScheme=http://www.fpml.org/coding-scheme/esma-entity-classification].entityClassificationScheme,termination.originalTrade.tradeHeader.partyTradeInformation.reportingRegime.entityClassification[entityClassificationScheme=http://www.fpml.org/coding-scheme/esma-entity-classification].entityClassificationScheme,0,,Element with value http://www.fpml.org/coding-scheme/esma-entity-classification could not be mapped to a rosettaField
cdm-sample-files/events/Trade-Modify-Partial-Termination-ex-03.xml,Fail_MappedNone,termination.originalTrade.tradeHeader.partyTradeInformation(0).reportingRegime(4).reportingRole,termination.originalTrade.tradeHeader.partyTradeInformation.reportingRegime.reportingRole,0,,Element with value ReportingParty could not be mapped to a rosettaField
cdm-sample-files/events/Trade-Modify-Partial-Termination-ex-03.xml,Fail_MappedNone,termination.originalTrade.tradeHeader.partyTradeInformation(1).reportingRegime(3).supervisorRegistration.supervisoryBody,termination.originalTrade.tradeHeader.partyTradeInformation.reportingRegime.supervisorRegistration.supervisoryBody,0,,Element with value CA.AB.ASC could not be mapped to a rosettaField
cdm-sample-files/events/Trade-Modify-Partial-Termination-ex-03.xml,Fail_MappedNone,correlationId[correlationIdScheme=http://fpml.org/submitter_event_id],correlationId[correlationIdScheme=http://fpml.org/submitter_event_id],0,,Element with value TW19235-002 could not be mapped to a rosettaField
cdm-sample-files/events/Trade-Modify-Partial-Termination-ex-03.xml,Fail_MappedNone,termination.originalTrade.tradeHeader.partyTradeInformation(0).reportingRegime(2).supervisorRegistration.supervisoryBody,termination.originalTrade.tradeHeader.partyTradeInformation.reportingRegime.supervisorRegistration.supervisoryBody,0,,Element with value JFSA could not be mapped to a rosettaField
cdm-sample-files/events/Trade-Modify-Partial-Termination-ex-03.xml,Fail_MappedNone,party(0)[id=party1].classification(1)[industryClassificationScheme=http://www.fpml.org/coding-scheme/hkma-rewrite-regulatory-corporate-sector].industryClassificationScheme,party[id=party1].classification[industryClassificationScheme=http://www.fpml.org/coding-scheme/hkma-rewrite-regulatory-corporate-sector].industryClassificationScheme,0,,Element with value http://www.fpml.org/coding-scheme/hkma-rewrite-regulatory-corporate-sector could not be mapped to a rosettaField
cdm-sample-files/events/Trade-Modify-Partial-Termination-ex-03.xml,Fail_MappedNone,termination.originalTrade.tradeHeader.partyTradeInformation(1).reportingRegime(2).name,termination.originalTrade.tradeHeader.partyTradeInformation.reportingRegime.name,0,,Element with value JFSA could not be mapped to a rosettaField
cdm-sample-files/events/Trade-Modify-Partial-Termination-ex-03.xml,Fail_MappedNone,termination.originalTrade.tradeHeader.partyTradeInformation(1).reportingRegime(3).reportingRole,termination.originalTrade.tradeHeader.partyTradeInformation.reportingRegime.reportingRole,0,,Element with value ReportingParty could not be mapped to a rosettaField
cdm-sample-files/events/Trade-Modify-Partial-Termination-ex-03.xml,Fail_MappedNone,termination.originalTrade.tradeHeader.partyTradeInformation(1).reportingRegime(4).mandatorilyClearable,termination.originalTrade.tradeHeader.partyTradeInformation.reportingRegime.mandatorilyClearable,0,,Element with value false could not be mapped to a rosettaField
cdm-sample-files/events/Trade-Modify-Partial-Termination-ex-03.xml,Fail_MappedNone,termination.originalTrade.tradeHeader.partyTradeInformation(1).reportingRegime(4).supervisorRegistration.supervisoryBody,termination.originalTrade.tradeHeader.partyTradeInformation.reportingRegime.supervisorRegistration.supervisoryBody,0,,Element with value HKMA could not be mapped to a rosettaField
cdm-sample-files/events/Trade-Modify-Partial-Termination-ex-03.xml,Fail_MappedNone,termination.originalTrade.tradeHeader.partyTradeInformation(0).reportingRegime(0).entityClassification[entityClassificationScheme=http://www.fpml.org/coding-scheme/esma-entity-classification].entityClassificationScheme,termination.originalTrade.tradeHeader.partyTradeInformation.reportingRegime.entityClassification[entityClassificationScheme=http://www.fpml.org/coding-scheme/esma-entity-classification].entityClassificationScheme,0,,Element with value http://www.fpml.org/coding-scheme/esma-entity-classification could not be mapped to a rosettaField
cdm-sample-files/events/Trade-Modify-Partial-Termination-ex-03.xml,Fail_MappedNone,termination.originalTrade.tradeHeader.partyTradeInformation(0).reportingRegime(3).name,termination.originalTrade.tradeHeader.partyTradeInformation.reportingRegime.name,0,,Element with value CSA could not be mapped to a rosettaField
cdm-sample-files/events/Trade-Modify-Partial-Termination-ex-03.xml,Fail_MappedNone,termination.originalTrade.tradeHeader.partyTradeInformation(0).reportingRegime(1).reportingRole,termination.originalTrade.tradeHeader.partyTradeInformation.reportingRegime.reportingRole,0,,Element with value ReportingParty could not be mapped to a rosettaField
cdm-sample-files/events/Trade-Modify-Partial-Termination-ex-03.xml,Fail_MappedNone,termination.originalTrade.tradeHeader.partyTradeInformation(0).reportingRegime(3).mandatorilyClearable,termination.originalTrade.tradeHeader.partyTradeInformation.reportingRegime.mandatorilyClearable,0,,Element with value false could not be mapped to a rosettaField
cdm-sample-files/events/Trade-Modify-Partial-Termination-ex-03.xml,Fail_MappedNone,termination.originalTrade.tradeHeader.partyTradeInformation(0).executionVenueType,termination.originalTrade.tradeHeader.partyTradeInformation.executionVenueType,0,,Element with value SEF could not be mapped to a rosettaField
cdm-sample-files/events/Trade-Modify-Partial-Termination-ex-03.xml,Fail_MappedNone,termination.sizeChange(0).notionalReference[href=notl1].href,termination.sizeChange.notionalReference[href=notl1].href,0,,Element with value notl1 could not be mapped to a rosettaField
cdm-sample-files/events/Trade-Modify-Partial-Termination-ex-03.xml,Fail_MappedNone,termination.originalTrade.tradeHeader.partyTradeInformation(1).reportingRegime(4).reportingRole,termination.originalTrade.tradeHeader.partyTradeInformation.reportingRegime.reportingRole,0,,Element with value ReportingParty could not be mapped to a rosettaField
cdm-sample-files/events/Trade-Modify-Partial-Termination-ex-03.xml,Fail_MappedNone,termination.originalTrade.tradeHeader.partyTradeInformation(0).reportingRegime(3).supervisorRegistration.supervisoryBody,termination.originalTrade.tradeHeader.partyTradeInformation.reportingRegime.supervisorRegistration.supervisoryBody,0,,Element with value CA.AB.ASC could not be mapped to a rosettaField
cdm-sample-files/events/Trade-Modify-Partial-Termination-ex-03.xml,Fail_MappedNone,party(0)[id=party1].classification(1)[industryClassificationScheme=http://www.fpml.org/coding-scheme/hkma-rewrite-regulatory-corporate-sector],party[id=party1].classification[industryClassificationScheme=http://www.fpml.org/coding-scheme/hkma-rewrite-regulatory-corporate-sector],0,,Element with value ORPI could not be mapped to a rosettaField
cdm-sample-files/events/Trade-Modify-Partial-Termination-ex-03.xml,Fail_MappedNone,quote.value,quote.value,0,,Element with value 1235 could not be mapped to a rosettaField
cdm-sample-files/events/Trade-Modify-Partial-Termination-ex-03.xml,Fail_MappedNone,termination.sizeChange(1).changeInNotionalAmount.currency,termination.sizeChange.changeInNotionalAmount.currency,0,,Element with value JPY could not be mapped to a rosettaField
cdm-sample-files/events/Trade-Modify-Partial-Termination-ex-03.xml,Fail_MappedNone,termination.originalTrade.tradeHeader.partyTradeInformation(0).reportingRegime(2).name,termination.originalTrade.tradeHeader.partyTradeInformation.reportingRegime.name,0,,Element with value JFSA could not be mapped to a rosettaField
cdm-sample-files/events/Trade-Modify-Partial-Termination-ex-03.xml,Fail_MappedNone,termination.originalTrade.tradeHeader.partyTradeInformation(0).reportingRegime(2).reportingRole,termination.originalTrade.tradeHeader.partyTradeInformation.reportingRegime.reportingRole,0,,Element with value ReportingParty could not be mapped to a rosettaField
cdm-sample-files/events/Trade-Modify-Partial-Termination-ex-03.xml,Fail_MappedNone,termination.originalTrade.tradeHeader.partyTradeInformation(0).reportingRegime(4).mandatorilyClearable,termination.originalTrade.tradeHeader.partyTradeInformation.reportingRegime.mandatorilyClearable,0,,Element with value false could not be mapped to a rosettaField
cdm-sample-files/events/Trade-Modify-Partial-Termination-ex-03.xml,Fail_MappedNone,termination.originalTrade.tradeHeader.partyTradeInformation(1).reportingRegime(0).exceedsClearingThreshold,termination.originalTrade.tradeHeader.partyTradeInformation.reportingRegime.exceedsClearingThreshold,0,,Element with value true could not be mapped to a rosettaField
cdm-sample-files/events/Trade-Modify-Partial-Termination-ex-03.xml,Fail_MappedNone,termination.originalTrade.tradeHeader.partyTradeInformation(0).reportingRegime(1).entityClassification[entityClassificationScheme=http://www.fpml.org/coding-scheme/esma-entity-classification].entityClassificationScheme,termination.originalTrade.tradeHeader.partyTradeInformation.reportingRegime.entityClassification[entityClassificationScheme=http://www.fpml.org/coding-scheme/esma-entity-classification].entityClassificationScheme,0,,Element with value http://www.fpml.org/coding-scheme/esma-entity-classification could not be mapped to a rosettaField
cdm-sample-files/events/Trade-Modify-Partial-Termination-ex-03.xml,Fail_MappedNone,termination.originalTrade.tradeHeader.partyTradeInformation(1).reportingRegime(4).name,termination.originalTrade.tradeHeader.partyTradeInformation.reportingRegime.name,0,,Element with value HKTR could not be mapped to a rosettaField
cdm-sample-files/events/Trade-Modify-Partial-Termination-ex-03.xml,Fail_MappedNone,termination.sizeChange(1).changeInNotionalAmount.amount,termination.sizeChange.changeInNotionalAmount.amount,0,,Element with value 600000000 could not be mapped to a rosettaField
cdm-sample-files/events/Trade-Modify-Partial-Termination-ex-03.xml,Fail_MappedNone,termination.originalTrade.tradeHeader.partyTradeInformation(1).reportingRegime(0).supervisorRegistration.supervisoryBody,termination.originalTrade.tradeHeader.partyTradeInformation.reportingRegime.supervisorRegistration.supervisoryBody,0,,Element with value ESMA could not be mapped to a rosettaField
cdm-sample-files/events/Trade-Modify-Partial-Termination-ex-03.xml,Fail_MappedNone,termination.originalTrade.tradeHeader.partyTradeInformation(1).reportingRegime(1).reportingRole,termination.originalTrade.tradeHeader.partyTradeInformation.reportingRegime.reportingRole,0,,Element with value ReportingParty could not be mapped to a rosettaField
cdm-sample-files/events/Trade-Modify-Partial-Termination-ex-03.xml,Fail_MappedNone,termination.originalTrade.tradeHeader.partyTradeInformation(1).reportingRegime(0).reportingPurpose,termination.originalTrade.tradeHeader.partyTradeInformation.reportingRegime.reportingPurpose,0,,Element with value PrimaryEconomicTerms could not be mapped to a rosettaField
cdm-sample-files/events/Trade-Modify-Partial-Termination-ex-03.xml,Fail_MappedNone,party(1)[id=party2].classification(1)[industryClassificationScheme=http://www.fpml.org/coding-scheme/hkma-rewrite-regulatory-corporate-sector],party[id=party2].classification[industryClassificationScheme=http://www.fpml.org/coding-scheme/hkma-rewrite-regulatory-corporate-sector],0,,Element with value INVF could not be mapped to a rosettaField
cdm-sample-files/events/Trade-Modify-Partial-Termination-ex-03.xml,Fail_MappedNone,termination.originalTrade.tradeHeader.partyTradeInformation(1).reportingRegime(3).entityClassification[entityClassificationScheme=http://www.fpml.org/coding-scheme/cftc-entity-classification].entityClassificationScheme,termination.originalTrade.tradeHeader.partyTradeInformation.reportingRegime.entityClassification[entityClassificationScheme=http://www.fpml.org/coding-scheme/cftc-entity-classification].entityClassificationScheme,0,,Element with value http://www.fpml.org/coding-scheme/cftc-entity-classification could not be mapped to a rosettaField
cdm-sample-files/events/Trade-Modify-Partial-Termination-ex-03.xml,Fail_MappedNone,termination.sizeChange(1).notionalReference[href=notl2].href,termination.sizeChange.notionalReference[href=notl2].href,0,,Element with value notl2 could not be mapped to a rosettaField
cdm-sample-files/events/Trade-Modify-Partial-Termination-ex-03.xml,Fail_MappedNone,termination.originalTrade.tradeHeader.partyTradeInformation(0).largeSizeTrade,termination.originalTrade.tradeHeader.partyTradeInformation.largeSizeTrade,0,,Element with value false could not be mapped to a rosettaField
cdm-sample-files/events/Trade-Modify-Partial-Termination-ex-03.xml,Fail_MappedNone,termination.originalTrade.tradeHeader.partyTradeInformation(0).relatedBusinessUnit.role,termination.originalTrade.tradeHeader.partyTradeInformation.relatedBusinessUnit.role,0,,Element with value TradingDesk could not be mapped to a rosettaField
cdm-sample-files/events/Trade-Modify-Partial-Termination-ex-03.xml,Fail_MappedNone,party(0)[id=party1].classification(0)[industryClassificationScheme=http://www.fpml.org/coding-scheme/esma-emir-refit-regulatory-corporate-sector],party[id=party1].classification[industryClassificationScheme=http://www.fpml.org/coding-scheme/esma-emir-refit-regulatory-corporate-sector],0,,Element with value ORPI could not be mapped to a rosettaField
cdm-sample-files/events/Trade-Modify-Partial-Termination-ex-03.xml,Fail_MappedNone,termination.sizeChange(0).changeInNotionalAmount.currency,termination.sizeChange.changeInNotionalAmount.currency,0,,Element with value USD could not be mapped to a rosettaField
cdm-sample-files/events/Trade-Modify-Partial-Termination-ex-03.xml,Fail_MappedNone,termination.originalTrade.tradeHeader.partyTradeInformation(0).reportingRegime(4).entityClassification,termination.originalTrade.tradeHeader.partyTradeInformation.reportingRegime.entityClassification,0,,Element with value Financial could not be mapped to a rosettaField
cdm-sample-files/events/Trade-Modify-Partial-Termination-ex-03.xml,Fail_MappedNone,termination.originalTrade.tradeHeader.partyTradeInformation(0).reportingRegime(4).supervisorRegistration.supervisoryBody,termination.originalTrade.tradeHeader.partyTradeInformation.reportingRegime.supervisorRegistration.supervisoryBody,0,,Element with value HKMA could not be mapped to a rosettaField
cdm-sample-files/events/Trade-Modify-Partial-Termination-ex-03.xml,Fail_MappedMultiple,party(0)[id=party1].partyId[partyIdScheme=http://www.fpml.org/coding-scheme/external/iso17442].partyIdScheme,party[id=party1].partyId[partyIdScheme=http://www.fpml.org/coding-scheme/external/iso17442].partyIdScheme,2,ReportableEvent.originatingWorkflowStep.proposedEvent.instruction(0).before.value.trade.party(0).partyId(0).identifierType=[LEI] ReportableEvent.originatingWorkflowStep.proposedEvent.instruction(0).before.value.trade.party(0).partyId(0).identifier.meta.scheme=[http://www.fpml.org/coding-scheme/external/iso17442],Element mapped to multiple rosettaFields
cdm-sample-files/events/Trade-Modify-Partial-Termination-ex-03.xml,Fail_MappedNone,termination.originalTrade.tradeHeader.partyTradeInformation(1).reportingRegime(2).reportingRole,termination.originalTrade.tradeHeader.partyTradeInformation.reportingRegime.reportingRole,0,,Element with value ReportingParty could not be mapped to a rosettaField
cdm-sample-files/events/Trade-Modify-Partial-Termination-ex-03.xml,Fail_MappedNone,termination.originalTrade.tradeHeader.partyTradeInformation(0).reportingRegime(4).name,termination.originalTrade.tradeHeader.partyTradeInformation.reportingRegime.name,0,,Element with value HKTR could not be mapped to a rosettaField
cdm-sample-files/events/Trade-Modify-Partial-Termination-ex-03.xml,Fail_MappedNone,termination.originalTrade.tradeHeader.partyTradeInformation(1).reportingRegime(4).entityClassification,termination.originalTrade.tradeHeader.partyTradeInformation.reportingRegime.entityClassification,0,,Element with value Financial could not be mapped to a rosettaField
cdm-sample-files/events/Trade-Modify-Partial-Termination-ex-03.xml,Fail_MappedNone,quote.currency,quote.currency,0,,Element with value USD could not be mapped to a rosettaField
cdm-sample-files/events/Trade-Modify-Partial-Termination-ex-03.xml,Fail_MappedMultiple,party(1)[id=party2].partyId[partyIdScheme=http://www.fpml.org/coding-scheme/external/iso17442].partyIdScheme,party[id=party2].partyId[partyIdScheme=http://www.fpml.org/coding-scheme/external/iso17442].partyIdScheme,2,ReportableEvent.originatingWorkflowStep.proposedEvent.instruction(0).before.value.trade.party(1).partyId(0).identifier.meta.scheme=[http://www.fpml.org/coding-scheme/external/iso17442] ReportableEvent.originatingWorkflowStep.proposedEvent.instruction(0).before.value.trade.party(1).partyId(0).identifierType=[LEI],Element mapped to multiple rosettaFields
cdm-sample-files/events/Trade-Modify-Partial-Termination-ex-03.xml,Fail_MappedNone,termination.originalTrade.tradeHeader.partyTradeInformation(1).reportingRegime(1).reportingPurpose,termination.originalTrade.tradeHeader.partyTradeInformation.reportingRegime.reportingPurpose,0,,Element with value PrimaryEconomicTerms could not be mapped to a rosettaField
cdm-sample-files/events/Trade-Modify-Partial-Termination-ex-03.xml,Fail_MappedNone,termination.sizeChange(0).changeInNotionalAmount.amount,termination.sizeChange.changeInNotionalAmount.amount,0,,Element with value 6000000 could not be mapped to a rosettaField
cdm-sample-files/events/Trade-Modify-Partial-Termination-ex-03.xml,Fail_MappedNone,termination.originalTrade.tradeHeader.partyTradeInformation(0).reportingRegime(0).reportingRole,termination.originalTrade.tradeHeader.partyTradeInformation.reportingRegime.reportingRole,0,,Element with value ReportingParty could not be mapped to a rosettaField
cdm-sample-files/events/Trade-Modify-Partial-Termination-ex-03.xml,Fail_MappedNone,sequenceNumber,sequenceNumber,0,,Element with value 1 could not be mapped to a rosettaField
cdm-sample-files/events/Trade-Modify-Partial-Termination-ex-03.xml,Fail_MappedNone,termination.originalTrade.tradeHeader.partyTradeInformation(0).reportingRegime(3).entityClassification[entityClassificationScheme=http://www.fpml.org/coding-scheme/cftc-entity-classification],termination.originalTrade.tradeHeader.partyTradeInformation.reportingRegime.entityClassification[entityClassificationScheme=http://www.fpml.org/coding-scheme/cftc-entity-classification],0,,Element with value SBSD could not be mapped to a rosettaField
cdm-sample-files/events/Trade-Modify-Partial-Termination-ex-03.xml,Fail_MappedNone,party(1)[id=party2].classification(0)[industryClassificationScheme=http://www.fpml.org/coding-scheme/esma-emir-refit-regulatory-corporate-sector],party[id=party2].classification[industryClassificationScheme=http://www.fpml.org/coding-scheme/esma-emir-refit-regulatory-corporate-sector],0,,Element with value INVF could not be mapped to a rosettaField
cdm-sample-files/events/Withdrawal-Error-ex01.xml,Fail_MappedNone,withdrawal.partyTradeInformation(1).reportingRegime.supervisorRegistration.supervisoryBody,withdrawal.partyTradeInformation.reportingRegime.supervisorRegistration.supervisoryBody,0,,Element with value CFTC could not be mapped to a rosettaField
cdm-sample-files/events/Withdrawal-Error-ex01.xml,Fail_MappedNone,withdrawal.partyTradeInformation(1).reportingRegime.reportingRole,withdrawal.partyTradeInformation.reportingRegime.reportingRole,0,,Element with value ReportingParty could not be mapped to a rosettaField
cdm-sample-files/events/Withdrawal-Error-ex01.xml,Fail_MappedNone,correlationId[correlationIdScheme=http://bankx.com/trade-id].correlationIdScheme,correlationId[correlationIdScheme=http://bankx.com/trade-id].correlationIdScheme,0,,Element with value http://bankx.com/trade-id could not be mapped to a rosettaField
cdm-sample-files/events/Withdrawal-Error-ex01.xml,Fail_MappedNone,withdrawal.partyTradeInformation(0).reportingRegime.supervisorRegistration.supervisoryBody,withdrawal.partyTradeInformation.reportingRegime.supervisorRegistration.supervisoryBody,0,,Element with value ESMA could not be mapped to a rosettaField
cdm-sample-files/events/Withdrawal-Error-ex01.xml,Fail_MappedMultiple,party(1)[id=party2].partyId[partyIdScheme=http://www.fpml.org/coding-scheme/external/iso17442].partyIdScheme,party[id=party2].partyId[partyIdScheme=http://www.fpml.org/coding-scheme/external/iso17442].partyIdScheme,2,ReportableEvent.originatingWorkflowStep.proposedEvent.instruction(0).before.value.trade.party(1).partyId(0).identifier.meta.scheme=[http://www.fpml.org/coding-scheme/external/iso17442] ReportableEvent.originatingWorkflowStep.proposedEvent.instruction(0).before.value.trade.party(1).partyId(0).identifierType=[LEI],Element mapped to multiple rosettaFields
cdm-sample-files/events/Withdrawal-Error-ex01.xml,Fail_MappedNone,withdrawal.partyTradeInformation(0).reportingRegime.actionType,withdrawal.partyTradeInformation.reportingRegime.actionType,0,,Element with value E could not be mapped to a rosettaField
cdm-sample-files/events/Withdrawal-Error-ex01.xml,Fail_MappedNone,party(1)[id=party2].organizationType,party[id=party2].organizationType,0,,Element with value SD could not be mapped to a rosettaField
cdm-sample-files/events/Withdrawal-Error-ex01.xml,Fail_MappedNone,withdrawal.partyTradeInformation(0).reportingRegime.reportingRole,withdrawal.partyTradeInformation.reportingRegime.reportingRole,0,,Element with value ReportingParty could not be mapped to a rosettaField
cdm-sample-files/events/Withdrawal-Error-ex01.xml,Fail_MappedNone,onBehalfOf.partyReference[href=party1].href,onBehalfOf.partyReference[href=party1].href,0,,Element with value party1 could not be mapped to a rosettaField
cdm-sample-files/events/Withdrawal-Error-ex01.xml,Fail_MappedNone,correlationId[correlationIdScheme=http://bankx.com/trade-id],correlationId[correlationIdScheme=http://bankx.com/trade-id],0,,Element with value SEF123 could not be mapped to a rosettaField
cdm-sample-files/events/Withdrawal-Error-ex01.xml,Fail_MappedNone,withdrawal.requestedAction,withdrawal.requestedAction,0,,Element with value ExpungeRecords could not be mapped to a rosettaField
cdm-sample-files/events/Withdrawal-Error-ex01.xml,Fail_MappedMultiple,party(0)[id=party1].partyId[partyIdScheme=http://www.fpml.org/coding-scheme/external/iso17442].partyIdScheme,party[id=party1].partyId[partyIdScheme=http://www.fpml.org/coding-scheme/external/iso17442].partyIdScheme,2,ReportableEvent.originatingWorkflowStep.proposedEvent.instruction(0).before.value.trade.party(0).partyId(0).identifierType=[LEI] ReportableEvent.originatingWorkflowStep.proposedEvent.instruction(0).before.value.trade.party(0).partyId(0).identifier.meta.scheme=[http://www.fpml.org/coding-scheme/external/iso17442],Element mapped to multiple rosettaFields
cdm-sample-files/events/Withdrawal-Error-ex02.xml,Fail_MappedNone,withdrawal.partyTradeInformation(0).reportingRegime.name,withdrawal.partyTradeInformation.reportingRegime.name,0,,Element with value DoddFrank could not be mapped to a rosettaField
cdm-sample-files/events/Withdrawal-Error-ex02.xml,Success,withdrawal.partyTradeInformation(0).relatedParty(0).role,withdrawal.partyTradeInformation.relatedParty.role,1,"ReportableEvent.reportableInformation.globalPartyInformation(0).relatedParty(0).role=[Beneficiary, Buyer, Counterparty, ReportingParty, Seller]",Element InternalParty could not be parsed as a PartyRoleEnum
cdm-sample-files/events/Withdrawal-Error-ex02.xml,Fail_MappedNone,header.implementationSpecification.version[implementationSpecificationVersionScheme=http://www.dtcc.com].implementationSpecificationVersionScheme,header.implementationSpecification.version[implementationSpecificationVersionScheme=http://www.dtcc.com].implementationSpecificationVersionScheme,0,,Element with value http://www.dtcc.com could not be mapped to a rosettaField
cdm-sample-files/events/Withdrawal-Error-ex02.xml,Fail_MappedNone,withdrawal.partyTradeInformation(0).reportingRegime.supervisorRegistration.supervisoryBody,withdrawal.partyTradeInformation.reportingRegime.supervisorRegistration.supervisoryBody,0,,Element with value CFTC could not be mapped to a rosettaField
cdm-sample-files/events/Withdrawal-Error-ex02.xml,Fail_MappedNone,header.implementationSpecification.version[implementationSpecificationVersionScheme=http://www.dtcc.com],header.implementationSpecification.version[implementationSpecificationVersionScheme=http://www.dtcc.com],0,,Element with value CA3.0FX1.7 could not be mapped to a rosettaField
cdm-sample-files/events/Withdrawal-Error-ex02.xml,Fail_MappedNone,quote(0).quoteUnits,quote.quoteUnits,0,,Element with value Price could not be mapped to a rosettaField
cdm-sample-files/events/Withdrawal-Error-ex02.xml,Fail_MappedNone,party(1)[id=party2].organizationType,party[id=party2].organizationType,0,,Element with value non-SD/MSP could not be mapped to a rosettaField
cdm-sample-files/events/Withdrawal-Error-ex02.xml,Fail_MappedNone,onBehalfOf.partyReference[href=party1].href,onBehalfOf.partyReference[href=party1].href,0,,Element with value party1 could not be mapped to a rosettaField
cdm-sample-files/events/Withdrawal-Error-ex02.xml,Fail_MappedNone,header.sentBy[messageAddressScheme=http://www.fpml.org/coding-scheme/external/iso17442].messageAddressScheme,header.sentBy[messageAddressScheme=http://www.fpml.org/coding-scheme/external/iso17442].messageAddressScheme,0,,Element with value http://www.fpml.org/coding-scheme/external/iso17442 could not be mapped to a rosettaField
cdm-sample-files/events/Withdrawal-Error-ex02.xml,Success,withdrawal.partyTradeIdentifier(1).linkId[linkIdScheme=http://dtcc.com/fxswaplinkId],withdrawal.partyTradeIdentifier.linkId[linkIdScheme=http://dtcc.com/fxswaplinkId],0,,no destination
cdm-sample-files/events/Withdrawal-Error-ex02.xml,Fail_MappedMultiple,party(0)[id=party1].partyId[partyIdScheme=http://www.fpml.org/coding-scheme/external/iso17442].partyIdScheme,party[id=party1].partyId[partyIdScheme=http://www.fpml.org/coding-scheme/external/iso17442].partyIdScheme,2,ReportableEvent.originatingWorkflowStep.proposedEvent.instruction(0).before.value.trade.party(0).partyId(0).identifierType=[LEI] ReportableEvent.originatingWorkflowStep.proposedEvent.instruction(0).before.value.trade.party(0).partyId(0).identifier.meta.scheme=[http://www.fpml.org/coding-scheme/external/iso17442],Element mapped to multiple rosettaFields
cdm-sample-files/events/Withdrawal-Error-ex02.xml,Fail_MappedNone,asOfTime,asOfTime,0,,Element with value 00:00:00 could not be mapped to a rosettaField
cdm-sample-files/events/Withdrawal-Error-ex02.xml,Fail_MappedNone,quote(1).time,quote.time,0,,Element with value 2021-12-06T17:09:11Z could not be mapped to a rosettaField
cdm-sample-files/events/Withdrawal-Error-ex02.xml,Fail_MappedNone,asOfDate,asOfDate,0,,Element with value 2018-12-13 could not be mapped to a rosettaField
cdm-sample-files/events/Withdrawal-Error-ex02.xml,Fail_MappedNone,quote(0).currency,quote.currency,0,,Element with value USD could not be mapped to a rosettaField
cdm-sample-files/events/Withdrawal-Error-ex02.xml,Fail_MappedNone,quote(0).value,quote.value,0,,Element with value 1.000000 could not be mapped to a rosettaField
cdm-sample-files/events/Withdrawal-Error-ex02.xml,Fail_MappedMultiple,party(1)[id=party2].partyId[partyIdScheme=http://www.fpml.org/coding-scheme/external/iso17442].partyIdScheme,party[id=party2].partyId[partyIdScheme=http://www.fpml.org/coding-scheme/external/iso17442].partyIdScheme,2,ReportableEvent.originatingWorkflowStep.proposedEvent.instruction(0).before.value.trade.party(1).partyId(0).identifier.meta.scheme=[http://www.fpml.org/coding-scheme/external/iso17442] ReportableEvent.originatingWorkflowStep.proposedEvent.instruction(0).before.value.trade.party(1).partyId(0).identifierType=[LEI],Element mapped to multiple rosettaFields
cdm-sample-files/events/Withdrawal-Error-ex02.xml,Fail_MappedNone,withdrawal.partyTradeInformation(0).reportingRegime.reportingRole,withdrawal.partyTradeInformation.reportingRegime.reportingRole,0,,Element with value ReportingParty could not be mapped to a rosettaField
cdm-sample-files/events/Withdrawal-Error-ex02.xml,Fail_MappedNone,party(0)[id=party1].organizationType,party[id=party1].organizationType,0,,Element with value SD could not be mapped to a rosettaField
cdm-sample-files/events/Withdrawal-Error-ex02.xml,Success,withdrawal.partyTradeIdentifier(1).linkId[linkIdScheme=http://dtcc.com/fxswaplinkId].linkIdScheme,withdrawal.partyTradeIdentifier.linkId[linkIdScheme=http://dtcc.com/fxswaplinkId].linkIdScheme,0,,no destination
cdm-sample-files/events/Withdrawal-Error-ex02.xml,Fail_MappedNone,withdrawal.requestedAction,withdrawal.requestedAction,0,,Element with value RetainRecords could not be mapped to a rosettaField
cdm-sample-files/events/Withdrawal-Termination.xml,Fail_MappedNone,withdrawal.partyTradeInformation(0).reportingRegime.name,withdrawal.partyTradeInformation.reportingRegime.name,0,,Element with value DoddFrank could not be mapped to a rosettaField
cdm-sample-files/events/Withdrawal-Termination.xml,Success,withdrawal.partyTradeInformation(0).relatedParty(0).role,withdrawal.partyTradeInformation.relatedParty.role,1,"ReportableEvent.reportableInformation.globalPartyInformation(0).relatedParty(0).role=[Beneficiary, Buyer, Counterparty, ReportingParty, Seller]",Element InternalParty could not be parsed as a PartyRoleEnum
cdm-sample-files/events/Withdrawal-Termination.xml,Fail_MappedNone,header.implementationSpecification.version[implementationSpecificationVersionScheme=http://www.dtcc.com].implementationSpecificationVersionScheme,header.implementationSpecification.version[implementationSpecificationVersionScheme=http://www.dtcc.com].implementationSpecificationVersionScheme,0,,Element with value http://www.dtcc.com could not be mapped to a rosettaField
cdm-sample-files/events/Withdrawal-Termination.xml,Fail_MappedNone,withdrawal.partyTradeInformation(0).reportingRegime.supervisorRegistration.supervisoryBody,withdrawal.partyTradeInformation.reportingRegime.supervisorRegistration.supervisoryBody,0,,Element with value CFTC could not be mapped to a rosettaField
cdm-sample-files/events/Withdrawal-Termination.xml,Fail_MappedNone,header.implementationSpecification.version[implementationSpecificationVersionScheme=http://www.dtcc.com],header.implementationSpecification.version[implementationSpecificationVersionScheme=http://www.dtcc.com],0,,Element with value CA3.0IR1.0 could not be mapped to a rosettaField
cdm-sample-files/events/Withdrawal-Termination.xml,Fail_MappedNone,quote(0).quoteUnits,quote.quoteUnits,0,,Element with value Price could not be mapped to a rosettaField
cdm-sample-files/events/Withdrawal-Termination.xml,Fail_MappedNone,onBehalfOf.partyReference[href=party1].href,onBehalfOf.partyReference[href=party1].href,0,,Element with value party1 could not be mapped to a rosettaField
cdm-sample-files/events/Withdrawal-Termination.xml,Fail_MappedNone,header.sentBy[messageAddressScheme=http://www.fpml.org/coding-scheme/external/iso17442].messageAddressScheme,header.sentBy[messageAddressScheme=http://www.fpml.org/coding-scheme/external/iso17442].messageAddressScheme,0,,Element with value http://www.fpml.org/coding-scheme/external/iso17442 could not be mapped to a rosettaField
cdm-sample-files/events/Withdrawal-Termination.xml,Fail_MappedMultiple,party(0)[id=party1].partyId[partyIdScheme=http://www.fpml.org/coding-scheme/external/iso17442].partyIdScheme,party[id=party1].partyId[partyIdScheme=http://www.fpml.org/coding-scheme/external/iso17442].partyIdScheme,2,ReportableEvent.originatingWorkflowStep.proposedEvent.instruction(0).before.value.trade.party(0).partyId(0).identifierType=[LEI] ReportableEvent.originatingWorkflowStep.proposedEvent.instruction(0).before.value.trade.party(0).partyId(0).identifier.meta.scheme=[http://www.fpml.org/coding-scheme/external/iso17442],Element mapped to multiple rosettaFields
cdm-sample-files/events/Withdrawal-Termination.xml,Fail_MappedNone,asOfTime,asOfTime,0,,Element with value 00:00:00 could not be mapped to a rosettaField
cdm-sample-files/events/Withdrawal-Termination.xml,Fail_MappedNone,quote(1).time,quote.time,0,,Element with value 2021-12-06T17:09:13Z could not be mapped to a rosettaField
cdm-sample-files/events/Withdrawal-Termination.xml,Fail_MappedNone,asOfDate,asOfDate,0,,Element with value 2019-09-13 could not be mapped to a rosettaField
cdm-sample-files/events/Withdrawal-Termination.xml,Fail_MappedNone,quote(0).currency,quote.currency,0,,Element with value USD could not be mapped to a rosettaField
cdm-sample-files/events/Withdrawal-Termination.xml,Fail_MappedNone,quote(0).value,quote.value,0,,Element with value 1 could not be mapped to a rosettaField
cdm-sample-files/events/Withdrawal-Termination.xml,Fail_MappedMultiple,party(1)[id=party2].partyId[partyIdScheme=http://www.fpml.org/coding-scheme/external/iso17442].partyIdScheme,party[id=party2].partyId[partyIdScheme=http://www.fpml.org/coding-scheme/external/iso17442].partyIdScheme,2,ReportableEvent.originatingWorkflowStep.proposedEvent.instruction(0).before.value.trade.party(1).partyId(0).identifier.meta.scheme=[http://www.fpml.org/coding-scheme/external/iso17442] ReportableEvent.originatingWorkflowStep.proposedEvent.instruction(0).before.value.trade.party(1).partyId(0).identifierType=[LEI],Element mapped to multiple rosettaFields
cdm-sample-files/events/Withdrawal-Termination.xml,Fail_MappedNone,withdrawal.partyTradeInformation(0).reportingRegime.reportingRole,withdrawal.partyTradeInformation.reportingRegime.reportingRole,0,,Element with value ReportingParty could not be mapped to a rosettaField
cdm-sample-files/events/Withdrawal-Termination.xml,Fail_MappedNone,party(0)[id=party1].organizationType,party[id=party1].organizationType,0,,Element with value SD could not be mapped to a rosettaField
cdm-sample-files/events/Withdrawal-Termination.xml,Fail_MappedNone,withdrawal.requestedAction,withdrawal.requestedAction,0,,Element with value RetainRecords could not be mapped to a rosettaField
cdm-sample-files/events/msg-ex69-execution-advice-commodity-swap-classification-new-trade-esma-emir-refit.xml,Fail_MappedNone,trade.commoditySwap.oilPhysicalLeg.deliveryConditions.pipeline.risk,trade.commoditySwap.oilPhysicalLeg.deliveryConditions.pipeline.risk,0,,Element with value FOB could not be mapped to a rosettaField
cdm-sample-files/events/msg-ex69-execution-advice-commodity-swap-classification-new-trade-esma-emir-refit.xml,Fail_MappedNone,trade.tradeHeader.partyTradeInformation(0).reportingRegime(2).supervisorRegistration.supervisoryBody,trade.tradeHeader.partyTradeInformation.reportingRegime.supervisorRegistration.supervisoryBody,0,,Element with value JFSA could not be mapped to a rosettaField
cdm-sample-files/events/msg-ex69-execution-advice-commodity-swap-classification-new-trade-esma-emir-refit.xml,Success,trade.tradeHeader.partyTradeIdentifier(1).linkId[linkIdScheme=http://www.fpml.org/coding-scheme/external/compression-link-identifier],trade.tradeHeader.partyTradeIdentifier.linkId[linkIdScheme=http://www.fpml.org/coding-scheme/external/compression-link-identifier],0,,no destination
cdm-sample-files/events/msg-ex69-execution-advice-commodity-swap-classification-new-trade-esma-emir-refit.xml,Fail_MappedNone,trade.commoditySwap.oilPhysicalLeg.deliveryConditions.pipeline.withdrawalPoint[deliveryPointScheme=http://www.PartyA.com/delivery-point-scheme-oil-1-0],trade.commoditySwap.oilPhysicalLeg.deliveryConditions.pipeline.withdrawalPoint[deliveryPointScheme=http://www.PartyA.com/delivery-point-scheme-oil-1-0],0,,Element with value Cushing could not be mapped to a rosettaField
cdm-sample-files/events/msg-ex69-execution-advice-commodity-swap-classification-new-trade-esma-emir-refit.xml,Fail_MappedNone,trade.tradeHeader.partyTradeInformation(1).reportingRegime(1).entityClassification[entityClassificationScheme=http://www.fpml.org/coding-scheme/esma-entity-classification],trade.tradeHeader.partyTradeInformation.reportingRegime.entityClassification[entityClassificationScheme=http://www.fpml.org/coding-scheme/esma-entity-classification],0,,Element with value Financial could not be mapped to a rosettaField
cdm-sample-files/events/msg-ex69-execution-advice-commodity-swap-classification-new-trade-esma-emir-refit.xml,Fail_MappedNone,correlationId[correlationIdScheme=http://www.xxx.com/coding-scheme/correlation-id].correlationIdScheme,correlationId[correlationIdScheme=http://www.xxx.com/coding-scheme/correlation-id].correlationIdScheme,0,,Element with value http://www.xxx.com/coding-scheme/correlation-id could not be mapped to a rosettaField
cdm-sample-files/events/msg-ex69-execution-advice-commodity-swap-classification-new-trade-esma-emir-refit.xml,Fail_MappedNone,trade.tradeHeader.partyTradeInformation(0).reportingRegime(1).name,trade.tradeHeader.partyTradeInformation.reportingRegime.name,0,,Element with value UKEMIR could not be mapped to a rosettaField
cdm-sample-files/events/msg-ex69-execution-advice-commodity-swap-classification-new-trade-esma-emir-refit.xml,Fail_MappedNone,trade.commoditySwap.oilPhysicalLeg.deliveryQuantity.totalPhysicalQuantity.quantity,trade.commoditySwap.oilPhysicalLeg.deliveryQuantity.totalPhysicalQuantity.quantity,0,,Element with value 10000.0 could not be mapped to a rosettaField
cdm-sample-files/events/msg-ex69-execution-advice-commodity-swap-classification-new-trade-esma-emir-refit.xml,Fail_MappedNone,trade.commoditySwap.oilPhysicalLeg.deliveryConditions.pipeline.pipelineName[pipelineScheme=http://www.PartyA.com/pipeline-scheme-1-0].pipelineScheme,trade.commoditySwap.oilPhysicalLeg.deliveryConditions.pipeline.pipelineName[pipelineScheme=http://www.PartyA.com/pipeline-scheme-1-0].pipelineScheme,0,,Element with value http://www.PartyA.com/pipeline-scheme-1-0 could not be mapped to a rosettaField
cdm-sample-files/events/msg-ex69-execution-advice-commodity-swap-classification-new-trade-esma-emir-refit.xml,Fail_MappedNone,trade.commoditySwap.oilPhysicalLeg.deliveryQuantity.physicalQuantity[id=deliveryQuantity].quantityFrequency,trade.commoditySwap.oilPhysicalLeg.deliveryQuantity.physicalQuantity[id=deliveryQuantity].quantityFrequency,0,,Element with value PerCalculationPeriod could not be mapped to a rosettaField
cdm-sample-files/events/msg-ex69-execution-advice-commodity-swap-classification-new-trade-esma-emir-refit.xml,Fail_MappedNone,trade.tradeHeader.partyTradeInformation(1).reportingRegime(0).reportingPurpose,trade.tradeHeader.partyTradeInformation.reportingRegime.reportingPurpose,0,,Element with value PrimaryEconomicTerms could not be mapped to a rosettaField
cdm-sample-files/events/msg-ex69-execution-advice-commodity-swap-classification-new-trade-esma-emir-refit.xml,Fail_MappedNone,trade.commoditySwap.oilPhysicalLeg.oil.grade,trade.commoditySwap.oilPhysicalLeg.oil.grade,0,,Element with value WTI could not be mapped to a rosettaField
cdm-sample-files/events/msg-ex69-execution-advice-commodity-swap-classification-new-trade-esma-emir-refit.xml,Fail_MappedNone,trade.commoditySwap.oilPhysicalLeg.deliveryQuantity.physicalQuantity[id=deliveryQuantity].quantity,trade.commoditySwap.oilPhysicalLeg.deliveryQuantity.physicalQuantity[id=deliveryQuantity].quantity,0,,Element with value 10000.0 could not be mapped to a rosettaField
cdm-sample-files/events/msg-ex69-execution-advice-commodity-swap-classification-new-trade-esma-emir-refit.xml,Success,trade.commoditySwap.oilPhysicalLeg.commodityClassification(0).code(1)[commodityClassificationScheme=http://www.fpml.org/coding-scheme/isda-layer-2-commodity-classification],trade.commoditySwap.oilPhysicalLeg.commodityClassification.code[commodityClassificationScheme=http://www.fpml.org/coding-scheme/isda-layer-2-commodity-classification],1,"ReportableEvent.originatingWorkflowStep.proposedEvent.instruction(0).before.value.trade.tradeLot(0).priceQuantity(1).observable.value.Asset.Commodity.taxonomy(0).value.classification(1).value=[Energy, NRGY, OILP, Oil, OilWTI, WTIO]",had no destination
cdm-sample-files/events/msg-ex69-execution-advice-commodity-swap-classification-new-trade-esma-emir-refit.xml,Fail_MappedNone,trade.commoditySwap.oilPhysicalLeg.oil.type,trade.commoditySwap.oilPhysicalLeg.oil.type,0,,Element with value Oil could not be mapped to a rosettaField
cdm-sample-files/events/msg-ex69-execution-advice-commodity-swap-classification-new-trade-esma-emir-refit.xml,Fail_MappedNone,party(1)[id=partyB].classification(0)[industryClassificationScheme=http://www.fpml.org/coding-scheme/esma-emir-refit-regulatory-corporate-sector].industryClassificationScheme,party[id=partyB].classification[industryClassificationScheme=http://www.fpml.org/coding-scheme/esma-emir-refit-regulatory-corporate-sector].industryClassificationScheme,0,,Element with value http://www.fpml.org/coding-scheme/esma-emir-refit-regulatory-corporate-sector could not be mapped to a rosettaField
cdm-sample-files/events/msg-ex69-execution-advice-commodity-swap-classification-new-trade-esma-emir-refit.xml,Fail_MappedNone,trade.tradeHeader.partyTradeInformation(0).reportingRegime(1).mandatorilyClearable,trade.tradeHeader.partyTradeInformation.reportingRegime.mandatorilyClearable,0,,Element with value false could not be mapped to a rosettaField
cdm-sample-files/events/msg-ex69-execution-advice-commodity-swap-classification-new-trade-esma-emir-refit.xml,Fail_MappedNone,party(0)[id=partyA].organizationType(1)[organizationTypeScheme=http://www.fpml.org/coding-scheme/cftc-organization-type].organizationTypeScheme,party[id=partyA].organizationType[organizationTypeScheme=http://www.fpml.org/coding-scheme/cftc-organization-type].organizationTypeScheme,0,,Element with value http://www.fpml.org/coding-scheme/cftc-organization-type could not be mapped to a rosettaField
cdm-sample-files/events/msg-ex69-execution-advice-commodity-swap-classification-new-trade-esma-emir-refit.xml,Fail_MappedNone,trade.tradeHeader.partyTradeInformation(1).reportingRegime(1).reportingRole,trade.tradeHeader.partyTradeInformation.reportingRegime.reportingRole,0,,Element with value ReportingParty could not be mapped to a rosettaField
cdm-sample-files/events/msg-ex69-execution-advice-commodity-swap-classification-new-trade-esma-emir-refit.xml,Fail_MappedNone,trade.tradeHeader.partyTradeInformation(0).reportingRegime(0).exceedsClearingThreshold,trade.tradeHeader.partyTradeInformation.reportingRegime.exceedsClearingThreshold,0,,Element with value true could not be mapped to a rosettaField
cdm-sample-files/events/msg-ex69-execution-advice-commodity-swap-classification-new-trade-esma-emir-refit.xml,Fail_MappedNone,trade.tradeHeader.partyTradeInformation(1).reportingRegime(1).entityClassification[entityClassificationScheme=http://www.fpml.org/coding-scheme/esma-entity-classification].entityClassificationScheme,trade.tradeHeader.partyTradeInformation.reportingRegime.entityClassification[entityClassificationScheme=http://www.fpml.org/coding-scheme/esma-entity-classification].entityClassificationScheme,0,,Element with value http://www.fpml.org/coding-scheme/esma-entity-classification could not be mapped to a rosettaField
cdm-sample-files/events/msg-ex69-execution-advice-commodity-swap-classification-new-trade-esma-emir-refit.xml,Fail_MappedNone,trade.tradeHeader.partyTradeInformation(0).reportingRegime(0).entityClassification[entityClassificationScheme=http://www.fpml.org/coding-scheme/esma-entity-classification],trade.tradeHeader.partyTradeInformation.reportingRegime.entityClassification[entityClassificationScheme=http://www.fpml.org/coding-scheme/esma-entity-classification],0,,Element with value Financial could not be mapped to a rosettaField
cdm-sample-files/events/msg-ex69-execution-advice-commodity-swap-classification-new-trade-esma-emir-refit.xml,Fail_MappedNone,trade.tradeHeader.partyTradeInformation(1).reportingRegime(3).name,trade.tradeHeader.partyTradeInformation.reportingRegime.name,0,,Element with value CSA could not be mapped to a rosettaField
cdm-sample-files/events/msg-ex69-execution-advice-commodity-swap-classification-new-trade-esma-emir-refit.xml,Fail_MappedNone,trade.tradeHeader.partyTradeInformation(0).reportingRegime(4).entityClassification,trade.tradeHeader.partyTradeInformation.reportingRegime.entityClassification,0,,Element with value Financial could not be mapped to a rosettaField
cdm-sample-files/events/msg-ex69-execution-advice-commodity-swap-classification-new-trade-esma-emir-refit.xml,Fail_MappedNone,trade.tradeHeader.partyTradeInformation(0).reportingRegime(0).directlyLinkedActivity,trade.tradeHeader.partyTradeInformation.reportingRegime.directlyLinkedActivity,0,,Element with value true could not be mapped to a rosettaField
cdm-sample-files/events/msg-ex69-execution-advice-commodity-swap-classification-new-trade-esma-emir-refit.xml,Fail_MappedNone,header.sentBy[messageAddressScheme=http://www.fpml.org/ext/iso9362].messageAddressScheme,header.sentBy[messageAddressScheme=http://www.fpml.org/ext/iso9362].messageAddressScheme,0,,Element with value http://www.fpml.org/ext/iso9362 could not be mapped to a rosettaField
cdm-sample-files/events/msg-ex69-execution-advice-commodity-swap-classification-new-trade-esma-emir-refit.xml,Success,trade.commoditySwap.oilPhysicalLeg.commodityClassification(0).code(0)[commodityClassificationScheme=http://www.fpml.org/coding-scheme/isda-layer-1-commodity-classification],trade.commoditySwap.oilPhysicalLeg.commodityClassification.code[commodityClassificationScheme=http://www.fpml.org/coding-scheme/isda-layer-1-commodity-classification],2,"ReportableEvent.originatingWorkflowStep.proposedEvent.instruction(0).before.value.trade.tradeLot(0).priceQuantity(1).observable.value.Asset.Commodity.taxonomy(0).value.classification(0).value=[Energy, NRGY, OILP, Oil, OilWTI, WTIO]
ReportableEvent.originatingWorkflowStep.proposedEvent.instruction(0).before.value.trade.product.economicTerms.payout(1).SettlementPayout.underlier.Observable.reference=[null]",had no destination
cdm-sample-files/events/msg-ex69-execution-advice-commodity-swap-classification-new-trade-esma-emir-refit.xml,Success,trade.commoditySwap.oilPhysicalLeg.commodityClassification(1).code(2)[commodityClassificationScheme=http://www.fpml.org/coding-scheme/esma-emir-refit-layer-3-commodity-classification],trade.commoditySwap.oilPhysicalLeg.commodityClassification.code[commodityClassificationScheme=http://www.fpml.org/coding-scheme/esma-emir-refit-layer-3-commodity-classification],1,"ReportableEvent.originatingWorkflowStep.proposedEvent.instruction(0).before.value.trade.tradeLot(0).priceQuantity(1).observable.value.Asset.Commodity.taxonomy(1).value.classification(2).value=[Energy, NRGY, OILP, Oil, OilWTI, WTIO]",had no destination
cdm-sample-files/events/msg-ex69-execution-advice-commodity-swap-classification-new-trade-esma-emir-refit.xml,Fail_MappedNone,trade.tradeHeader.partyTradeInformation(1).reportingRegime(3).mandatorilyClearable,trade.tradeHeader.partyTradeInformation.reportingRegime.mandatorilyClearable,0,,Element with value false could not be mapped to a rosettaField
cdm-sample-files/events/msg-ex69-execution-advice-commodity-swap-classification-new-trade-esma-emir-refit.xml,Fail_MappedNone,trade.tradeHeader.partyTradeInformation(0).reportingRegime(3).reportingRole,trade.tradeHeader.partyTradeInformation.reportingRegime.reportingRole,0,,Element with value ReportingParty could not be mapped to a rosettaField
cdm-sample-files/events/msg-ex69-execution-advice-commodity-swap-classification-new-trade-esma-emir-refit.xml,Fail_MappedNone,party(0)[id=partyA].organizationType(1)[organizationTypeScheme=http://www.fpml.org/coding-scheme/cftc-organization-type],party[id=partyA].organizationType[organizationTypeScheme=http://www.fpml.org/coding-scheme/cftc-organization-type],0,,Element with value CharteredPursuantToFederalLaw could not be mapped to a rosettaField
cdm-sample-files/events/msg-ex69-execution-advice-commodity-swap-classification-new-trade-esma-emir-refit.xml,Fail_MappedNone,trade.tradeHeader.partyTradeInformation(0).reportingRegime(4).supervisorRegistration.supervisoryBody,trade.tradeHeader.partyTradeInformation.reportingRegime.supervisorRegistration.supervisoryBody,0,,Element with value HKMA could not be mapped to a rosettaField
cdm-sample-files/events/msg-ex69-execution-advice-commodity-swap-classification-new-trade-esma-emir-refit.xml,Fail_MappedNone,trade.tradeHeader.partyTradeInformation(1).reportingRegime(1).exceedsClearingThreshold,trade.tradeHeader.partyTradeInformation.reportingRegime.exceedsClearingThreshold,0,,Element with value true could not be mapped to a rosettaField
cdm-sample-files/events/msg-ex69-execution-advice-commodity-swap-classification-new-trade-esma-emir-refit.xml,Fail_MappedNone,trade.tradeHeader.partyTradeInformation(1).reportingRegime(0).supervisorRegistration.supervisoryBody,trade.tradeHeader.partyTradeInformation.reportingRegime.supervisorRegistration.supervisoryBody,0,,Element with value ESMA could not be mapped to a rosettaField
cdm-sample-files/events/msg-ex69-execution-advice-commodity-swap-classification-new-trade-esma-emir-refit.xml,Fail_MappedNone,trade.tradeHeader.partyTradeInformation(1).reportingRegime(0).entityClassification[entityClassificationScheme=http://www.fpml.org/coding-scheme/esma-entity-classification].entityClassificationScheme,trade.tradeHeader.partyTradeInformation.reportingRegime.entityClassification[entityClassificationScheme=http://www.fpml.org/coding-scheme/esma-entity-classification].entityClassificationScheme,0,,Element with value http://www.fpml.org/coding-scheme/esma-entity-classification could not be mapped to a rosettaField
cdm-sample-files/events/msg-ex69-execution-advice-commodity-swap-classification-new-trade-esma-emir-refit.xml,Fail_MappedNone,trade.tradeHeader.partyTradeInformation(0).reportingRegime(2).name,trade.tradeHeader.partyTradeInformation.reportingRegime.name,0,,Element with value JFSA could not be mapped to a rosettaField
cdm-sample-files/events/msg-ex69-execution-advice-commodity-swap-classification-new-trade-esma-emir-refit.xml,Fail_MappedNone,trade.tradeHeader.partyTradeInformation(1).reportingRegime(3).supervisorRegistration.supervisoryBody,trade.tradeHeader.partyTradeInformation.reportingRegime.supervisorRegistration.supervisoryBody,0,,Element with value CA.AB.ASC could not be mapped to a rosettaField
cdm-sample-files/events/msg-ex69-execution-advice-commodity-swap-classification-new-trade-esma-emir-refit.xml,Success,trade.tradeHeader.partyTradeIdentifier(1).linkId[linkIdScheme=http://www.fpml.org/coding-scheme/external/compression-link-identifier].linkIdScheme,trade.tradeHeader.partyTradeIdentifier.linkId[linkIdScheme=http://www.fpml.org/coding-scheme/external/compression-link-identifier].linkIdScheme,0,,no destination
cdm-sample-files/events/msg-ex69-execution-advice-commodity-swap-classification-new-trade-esma-emir-refit.xml,Fail_MappedNone,trade.tradeHeader.partyTradeInformation(1).reportingRegime(0).reportingRole,trade.tradeHeader.partyTradeInformation.reportingRegime.reportingRole,0,,Element with value ReportingParty could not be mapped to a rosettaField
cdm-sample-files/events/msg-ex69-execution-advice-commodity-swap-classification-new-trade-esma-emir-refit.xml,Fail_MappedNone,trade.tradeHeader.partyTradeInformation(0).reportingRegime(0).mandatorilyClearable,trade.tradeHeader.partyTradeInformation.reportingRegime.mandatorilyClearable,0,,Element with value false could not be mapped to a rosettaField
cdm-sample-files/events/msg-ex69-execution-advice-commodity-swap-classification-new-trade-esma-emir-refit.xml,Fail_MappedNone,party(1)[id=partyB].classification(1)[industryClassificationScheme=http://www.fpml.org/coding-scheme/hkma-rewrite-regulatory-corporate-sector].industryClassificationScheme,party[id=partyB].classification[industryClassificationScheme=http://www.fpml.org/coding-scheme/hkma-rewrite-regulatory-corporate-sector].industryClassificationScheme,0,,Element with value http://www.fpml.org/coding-scheme/hkma-rewrite-regulatory-corporate-sector could not be mapped to a rosettaField
cdm-sample-files/events/msg-ex69-execution-advice-commodity-swap-classification-new-trade-esma-emir-refit.xml,Fail_MappedNone,trade.commoditySwap.oilPhysicalLeg.deliveryPeriods.periodsSchedule[id=deliveryPeriods].period,trade.commoditySwap.oilPhysicalLeg.deliveryPeriods.periodsSchedule[id=deliveryPeriods].period,0,,Element with value T could not be mapped to a rosettaField
cdm-sample-files/events/msg-ex69-execution-advice-commodity-swap-classification-new-trade-esma-emir-refit.xml,Fail_MappedNone,party(0)[id=partyA].classification(1)[industryClassificationScheme=http://www.fpml.org/coding-scheme/hkma-rewrite-regulatory-corporate-sector],party[id=partyA].classification[industryClassificationScheme=http://www.fpml.org/coding-scheme/hkma-rewrite-regulatory-corporate-sector],0,,Element with value INVF could not be mapped to a rosettaField
cdm-sample-files/events/msg-ex69-execution-advice-commodity-swap-classification-new-trade-esma-emir-refit.xml,Fail_MappedNone,trade.tradeHeader.partyTradeInformation(1).reportingRegime(4).reportingRole,trade.tradeHeader.partyTradeInformation.reportingRegime.reportingRole,0,,Element with value ReportingParty could not be mapped to a rosettaField
cdm-sample-files/events/msg-ex69-execution-advice-commodity-swap-classification-new-trade-esma-emir-refit.xml,Fail_MappedNone,trade.tradeHeader.partyTradeInformation(0).reportingRegime(4).mandatorilyClearable,trade.tradeHeader.partyTradeInformation.reportingRegime.mandatorilyClearable,0,,Element with value false could not be mapped to a rosettaField
cdm-sample-files/events/msg-ex69-execution-advice-commodity-swap-classification-new-trade-esma-emir-refit.xml,Fail_MappedNone,trade.tradeHeader.partyTradeInformation(0).reportingRegime(1).supervisorRegistration.supervisoryBody,trade.tradeHeader.partyTradeInformation.reportingRegime.supervisorRegistration.supervisoryBody,0,,Element with value FCA could not be mapped to a rosettaField
cdm-sample-files/events/msg-ex69-execution-advice-commodity-swap-classification-new-trade-esma-emir-refit.xml,Fail_MappedNone,party(0)[id=partyA].organizationType(0)[organizationTypeScheme=http://www.fpml.org/coding-scheme/organization-type],party[id=partyA].organizationType[organizationTypeScheme=http://www.fpml.org/coding-scheme/organization-type],0,,Element with value SD could not be mapped to a rosettaField
cdm-sample-files/events/msg-ex69-execution-advice-commodity-swap-classification-new-trade-esma-emir-refit.xml,Fail_MappedNone,trade.tradeHeader.partyTradeInformation(0).reportingRegime(1).entityClassification[entityClassificationScheme=http://www.fpml.org/coding-scheme/esma-entity-classification],trade.tradeHeader.partyTradeInformation.reportingRegime.entityClassification[entityClassificationScheme=http://www.fpml.org/coding-scheme/esma-entity-classification],0,,Element with value Financial could not be mapped to a rosettaField
cdm-sample-files/events/msg-ex69-execution-advice-commodity-swap-classification-new-trade-esma-emir-refit.xml,Fail_MappedNone,trade.tradeHeader.partyTradeInformation(1).reportingRegime(0).name,trade.tradeHeader.partyTradeInformation.reportingRegime.name,0,,Element with value EMIR could not be mapped to a rosettaField
cdm-sample-files/events/msg-ex69-execution-advice-commodity-swap-classification-new-trade-esma-emir-refit.xml,Fail_MappedNone,trade.tradeHeader.partyTradeInformation(1).reportingRegime(3).entityClassification[entityClassificationScheme=http://www.fpml.org/coding-scheme/cftc-entity-classification].entityClassificationScheme,trade.tradeHeader.partyTradeInformation.reportingRegime.entityClassification[entityClassificationScheme=http://www.fpml.org/coding-scheme/cftc-entity-classification].entityClassificationScheme,0,,Element with value http://www.fpml.org/coding-scheme/cftc-entity-classification could not be mapped to a rosettaField
cdm-sample-files/events/msg-ex69-execution-advice-commodity-swap-classification-new-trade-esma-emir-refit.xml,Fail_MappedNone,trade.tradeHeader.partyTradeInformation(1).reportingRegime(4).name,trade.tradeHeader.partyTradeInformation.reportingRegime.name,0,,Element with value HKTR could not be mapped to a rosettaField
cdm-sample-files/events/msg-ex69-execution-advice-commodity-swap-classification-new-trade-esma-emir-refit.xml,Success,trade.commoditySwap.oilPhysicalLeg.commodityClassification(0).code(2)[commodityClassificationScheme=http://www.fpml.org/coding-scheme/isda-layer-3-commodity-classification],trade.commoditySwap.oilPhysicalLeg.commodityClassification.code[commodityClassificationScheme=http://www.fpml.org/coding-scheme/isda-layer-3-commodity-classification],1,"ReportableEvent.originatingWorkflowStep.proposedEvent.instruction(0).before.value.trade.tradeLot(0).priceQuantity(1).observable.value.Asset.Commodity.taxonomy(0).value.classification(2).value=[Energy, NRGY, OILP, Oil, OilWTI, WTIO]",had no destination
cdm-sample-files/events/msg-ex69-execution-advice-commodity-swap-classification-new-trade-esma-emir-refit.xml,Fail_MappedNone,trade.commoditySwap.floatingLeg.masterAgreementPaymentDates,trade.commoditySwap.floatingLeg.masterAgreementPaymentDates,0,,Element with value true could not be mapped to a rosettaField
cdm-sample-files/events/msg-ex69-execution-advice-commodity-swap-classification-new-trade-esma-emir-refit.xml,Fail_MappedNone,trade.tradeHeader.partyTradeInformation(0).reportingRegime(2).reportingRole,trade.tradeHeader.partyTradeInformation.reportingRegime.reportingRole,0,,Element with value ReportingParty could not be mapped to a rosettaField
cdm-sample-files/events/msg-ex69-execution-advice-commodity-swap-classification-new-trade-esma-emir-refit.xml,Fail_MappedNone,trade.tradeHeader.partyTradeInformation(0).relatedParty(0).role,trade.tradeHeader.partyTradeInformation.relatedParty.role,0,,Element with value RebalancingProvider could not be mapped to a rosettaField
cdm-sample-files/events/msg-ex69-execution-advice-commodity-swap-classification-new-trade-esma-emir-refit.xml,Fail_MappedNone,party(1)[id=partyB].organizationType(1)[organizationTypeScheme=http://www.fpml.org/coding-scheme/cftc-organization-type],party[id=partyB].organizationType[organizationTypeScheme=http://www.fpml.org/coding-scheme/cftc-organization-type],0,,Element with value CharteredPursuantToFederalLaw could not be mapped to a rosettaField
cdm-sample-files/events/msg-ex69-execution-advice-commodity-swap-classification-new-trade-esma-emir-refit.xml,Fail_MappedNone,trade.tradeHeader.partyTradeInformation(1).reportingRegime(3).entityClassification[entityClassificationScheme=http://www.fpml.org/coding-scheme/cftc-entity-classification],trade.tradeHeader.partyTradeInformation.reportingRegime.entityClassification[entityClassificationScheme=http://www.fpml.org/coding-scheme/cftc-entity-classification],0,,Element with value SBSD could not be mapped to a rosettaField
cdm-sample-files/events/msg-ex69-execution-advice-commodity-swap-classification-new-trade-esma-emir-refit.xml,Fail_MappedNone,trade.tradeHeader.partyTradeInformation(1).reportingRegime(0).exceedsClearingThreshold,trade.tradeHeader.partyTradeInformation.reportingRegime.exceedsClearingThreshold,0,,Element with value true could not be mapped to a rosettaField
cdm-sample-files/events/msg-ex69-execution-advice-commodity-swap-classification-new-trade-esma-emir-refit.xml,Fail_MappedNone,trade.tradeHeader.partyTradeInformation(1).reportingRegime(2).supervisorRegistration.supervisoryBody,trade.tradeHeader.partyTradeInformation.reportingRegime.supervisorRegistration.supervisoryBody,0,,Element with value JFSA could not be mapped to a rosettaField
cdm-sample-files/events/msg-ex69-execution-advice-commodity-swap-classification-new-trade-esma-emir-refit.xml,Fail_MappedNone,trade.tradeHeader.partyTradeInformation(0).reportingRegime(1).reportingPurpose,trade.tradeHeader.partyTradeInformation.reportingRegime.reportingPurpose,0,,Element with value PrimaryEconomicTerms could not be mapped to a rosettaField
cdm-sample-files/events/msg-ex69-execution-advice-commodity-swap-classification-new-trade-esma-emir-refit.xml,Fail_MappedNone,trade.tradeHeader.partyTradeInformation(0).reportingRegime(3).name,trade.tradeHeader.partyTradeInformation.reportingRegime.name,0,,Element with value CSA could not be mapped to a rosettaField
cdm-sample-files/events/msg-ex69-execution-advice-commodity-swap-classification-new-trade-esma-emir-refit.xml,Fail_MappedNone,trade.commoditySwap.floatingLeg.quantityReference[href=deliveryQuantity].href,trade.commoditySwap.floatingLeg.quantityReference[href=deliveryQuantity].href,0,,Element with value deliveryQuantity could not be mapped to a rosettaField
cdm-sample-files/events/msg-ex69-execution-advice-commodity-swap-classification-new-trade-esma-emir-refit.xml,Fail_MappedNone,party(1)[id=partyB].classification(1)[industryClassificationScheme=http://www.fpml.org/coding-scheme/hkma-rewrite-regulatory-corporate-sector],party[id=partyB].classification[industryClassificationScheme=http://www.fpml.org/coding-scheme/hkma-rewrite-regulatory-corporate-sector],0,,Element with value ORPI could not be mapped to a rosettaField
cdm-sample-files/events/msg-ex69-execution-advice-commodity-swap-classification-new-trade-esma-emir-refit.xml,Fail_MappedNone,trade.tradeHeader.partyTradeInformation(1).reportingRegime(3).reportingRole,trade.tradeHeader.partyTradeInformation.reportingRegime.reportingRole,0,,Element with value ReportingParty could not be mapped to a rosettaField
cdm-sample-files/events/msg-ex69-execution-advice-commodity-swap-classification-new-trade-esma-emir-refit.xml,Fail_MappedNone,trade.tradeHeader.partyTradeInformation(0).reportingRegime(3).mandatorilyClearable,trade.tradeHeader.partyTradeInformation.reportingRegime.mandatorilyClearable,0,,Element with value false could not be mapped to a rosettaField
cdm-sample-files/events/msg-ex69-execution-advice-commodity-swap-classification-new-trade-esma-emir-refit.xml,Fail_MappedNone,party(1)[id=partyB].organizationType(0)[organizationTypeScheme=http://www.fpml.org/coding-scheme/organization-type],party[id=partyB].organizationType[organizationTypeScheme=http://www.fpml.org/coding-scheme/organization-type],0,,Element with value SD could not be mapped to a rosettaField
cdm-sample-files/events/msg-ex69-execution-advice-commodity-swap-classification-new-trade-esma-emir-refit.xml,Fail_MappedNone,trade.tradeHeader.partyTradeInformation(1).reportingRegime(1).name,trade.tradeHeader.partyTradeInformation.reportingRegime.name,0,,Element with value UKEMIR could not be mapped to a rosettaField
cdm-sample-files/events/msg-ex69-execution-advice-commodity-swap-classification-new-trade-esma-emir-refit.xml,Fail_MappedNone,party(0)[id=partyA].classification(0)[industryClassificationScheme=http://www.fpml.org/coding-scheme/esma-emir-refit-regulatory-corporate-sector].industryClassificationScheme,party[id=partyA].classification[industryClassificationScheme=http://www.fpml.org/coding-scheme/esma-emir-refit-regulatory-corporate-sector].industryClassificationScheme,0,,Element with value http://www.fpml.org/coding-scheme/esma-emir-refit-regulatory-corporate-sector could not be mapped to a rosettaField
cdm-sample-files/events/msg-ex69-execution-advice-commodity-swap-classification-new-trade-esma-emir-refit.xml,Fail_MappedNone,trade.commoditySwap.oilPhysicalLeg.deliveryPeriods.periodsSchedule[id=deliveryPeriods].balanceOfFirstPeriod,trade.commoditySwap.oilPhysicalLeg.deliveryPeriods.periodsSchedule[id=deliveryPeriods].balanceOfFirstPeriod,0,,Element with value false could not be mapped to a rosettaField
cdm-sample-files/events/msg-ex69-execution-advice-commodity-swap-classification-new-trade-esma-emir-refit.xml,Fail_MappedNone,trade.tradeHeader.partyTradeInformation(1).reportingRegime(1).mandatorilyClearable,trade.tradeHeader.partyTradeInformation.reportingRegime.mandatorilyClearable,0,,Element with value false could not be mapped to a rosettaField
cdm-sample-files/events/msg-ex69-execution-advice-commodity-swap-classification-new-trade-esma-emir-refit.xml,Fail_MappedNone,trade.tradeHeader.partyTradeInformation(0).reportingRegime(1).entityClassification[entityClassificationScheme=http://www.fpml.org/coding-scheme/esma-entity-classification].entityClassificationScheme,trade.tradeHeader.partyTradeInformation.reportingRegime.entityClassification[entityClassificationScheme=http://www.fpml.org/coding-scheme/esma-entity-classification].entityClassificationScheme,0,,Element with value http://www.fpml.org/coding-scheme/esma-entity-classification could not be mapped to a rosettaField
cdm-sample-files/events/msg-ex69-execution-advice-commodity-swap-classification-new-trade-esma-emir-refit.xml,Fail_MappedNone,party(0)[id=partyA].classification(0)[industryClassificationScheme=http://www.fpml.org/coding-scheme/esma-emir-refit-regulatory-corporate-sector],party[id=partyA].classification[industryClassificationScheme=http://www.fpml.org/coding-scheme/esma-emir-refit-regulatory-corporate-sector],0,,Element with value INVF could not be mapped to a rosettaField
cdm-sample-files/events/msg-ex69-execution-advice-commodity-swap-classification-new-trade-esma-emir-refit.xml,Fail_MappedNone,party(1)[id=partyB].organizationType(0)[organizationTypeScheme=http://www.fpml.org/coding-scheme/organization-type].organizationTypeScheme,party[id=partyB].organizationType[organizationTypeScheme=http://www.fpml.org/coding-scheme/organization-type].organizationTypeScheme,0,,Element with value http://www.fpml.org/coding-scheme/organization-type could not be mapped to a rosettaField
cdm-sample-files/events/msg-ex69-execution-advice-commodity-swap-classification-new-trade-esma-emir-refit.xml,Fail_MappedMultiple,party(0)[id=partyA].partyId[partyIdScheme=http://www.fpml.org/coding-scheme/external/iso17442].partyIdScheme,party[id=partyA].partyId[partyIdScheme=http://www.fpml.org/coding-scheme/external/iso17442].partyIdScheme,2,ReportableEvent.originatingWorkflowStep.proposedEvent.instruction(0).before.value.trade.party(0).partyId(0).identifierType=[LEI] ReportableEvent.originatingWorkflowStep.proposedEvent.instruction(0).before.value.trade.party(0).partyId(0).identifier.meta.scheme=[http://www.fpml.org/coding-scheme/external/iso17442],Element mapped to multiple rosettaFields
cdm-sample-files/events/msg-ex69-execution-advice-commodity-swap-classification-new-trade-esma-emir-refit.xml,Fail_MappedNone,trade.tradeHeader.partyTradeInformation(0).reportingRegime(1).reportingRole,trade.tradeHeader.partyTradeInformation.reportingRegime.reportingRole,0,,Element with value ReportingParty could not be mapped to a rosettaField
cdm-sample-files/events/msg-ex69-execution-advice-commodity-swap-classification-new-trade-esma-emir-refit.xml,Fail_MappedNone,trade.commoditySwap.oilPhysicalLeg.deliveryQuantity.totalPhysicalQuantity.quantityUnit,trade.commoditySwap.oilPhysicalLeg.deliveryQuantity.totalPhysicalQuantity.quantityUnit,0,,Element with value BBL could not be mapped to a rosettaField
cdm-sample-files/events/msg-ex69-execution-advice-commodity-swap-classification-new-trade-esma-emir-refit.xml,Fail_MappedNone,trade.tradeHeader.partyTradeInformation(0).reportingRegime(0).name,trade.tradeHeader.partyTradeInformation.reportingRegime.name,0,,Element with value EMIR could not be mapped to a rosettaField
cdm-sample-files/events/msg-ex69-execution-advice-commodity-swap-classification-new-trade-esma-emir-refit.xml,Fail_MappedNone,trade.tradeHeader.partyTradeInformation(1).reportingRegime(0).entityClassification[entityClassificationScheme=http://www.fpml.org/coding-scheme/esma-entity-classification],trade.tradeHeader.partyTradeInformation.reportingRegime.entityClassification[entityClassificationScheme=http://www.fpml.org/coding-scheme/esma-entity-classification],0,,Element with value Financial could not be mapped to a rosettaField
cdm-sample-files/events/msg-ex69-execution-advice-commodity-swap-classification-new-trade-esma-emir-refit.xml,Fail_MappedNone,trade.commoditySwap.oilPhysicalLeg.deliveryPeriods.periodsSchedule[id=deliveryPeriods].periodMultiplier,trade.commoditySwap.oilPhysicalLeg.deliveryPeriods.periodsSchedule[id=deliveryPeriods].periodMultiplier,0,,Element with value 1 could not be mapped to a rosettaField
cdm-sample-files/events/msg-ex69-execution-advice-commodity-swap-classification-new-trade-esma-emir-refit.xml,Fail_MappedNone,trade.tradeHeader.partyTradeInformation(0).reportingRegime(0).reportingPurpose,trade.tradeHeader.partyTradeInformation.reportingRegime.reportingPurpose,0,,Element with value PrimaryEconomicTerms could not be mapped to a rosettaField
cdm-sample-files/events/msg-ex69-execution-advice-commodity-swap-classification-new-trade-esma-emir-refit.xml,Fail_MappedNone,trade.tradeHeader.partyTradeInformation(0).reportingRegime(4).name,trade.tradeHeader.partyTradeInformation.reportingRegime.name,0,,Element with value HKTR could not be mapped to a rosettaField
cdm-sample-files/events/msg-ex69-execution-advice-commodity-swap-classification-new-trade-esma-emir-refit.xml,Fail_MappedNone,trade.commoditySwap.oilPhysicalLeg.deliveryConditions.pipeline.pipelineName[pipelineScheme=http://www.PartyA.com/pipeline-scheme-1-0],trade.commoditySwap.oilPhysicalLeg.deliveryConditions.pipeline.pipelineName[pipelineScheme=http://www.PartyA.com/pipeline-scheme-1-0],0,,Element with value TeppcoSeawayCrude could not be mapped to a rosettaField
cdm-sample-files/events/msg-ex69-execution-advice-commodity-swap-classification-new-trade-esma-emir-refit.xml,Fail_MappedNone,trade.tradeHeader.partyTradeInformation(1).reportingRegime(4).entityClassification,trade.tradeHeader.partyTradeInformation.reportingRegime.entityClassification,0,,Element with value Financial could not be mapped to a rosettaField
cdm-sample-files/events/msg-ex69-execution-advice-commodity-swap-classification-new-trade-esma-emir-refit.xml,Fail_MappedNone,trade.commoditySwap.oilPhysicalLeg.deliveryConditions.pipeline.deliverableByBarge,trade.commoditySwap.oilPhysicalLeg.deliveryConditions.pipeline.deliverableByBarge,0,,Element with value false could not be mapped to a rosettaField
cdm-sample-files/events/msg-ex69-execution-advice-commodity-swap-classification-new-trade-esma-emir-refit.xml,Success,trade.commoditySwap.oilPhysicalLeg.commodityClassification(1).code(1)[commodityClassificationScheme=http://www.fpml.org/coding-scheme/esma-emir-refit-layer-2-commodity-classification],trade.commoditySwap.oilPhysicalLeg.commodityClassification.code[commodityClassificationScheme=http://www.fpml.org/coding-scheme/esma-emir-refit-layer-2-commodity-classification],1,"ReportableEvent.originatingWorkflowStep.proposedEvent.instruction(0).before.value.trade.tradeLot(0).priceQuantity(1).observable.value.Asset.Commodity.taxonomy(1).value.classification(1).value=[Energy, NRGY, OILP, Oil, OilWTI, WTIO]",had no destination
cdm-sample-files/events/msg-ex69-execution-advice-commodity-swap-classification-new-trade-esma-emir-refit.xml,Fail_MappedNone,trade.tradeHeader.partyTradeInformation(0).reportingRegime(0).entityClassification[entityClassificationScheme=http://www.fpml.org/coding-scheme/esma-entity-classification].entityClassificationScheme,trade.tradeHeader.partyTradeInformation.reportingRegime.entityClassification[entityClassificationScheme=http://www.fpml.org/coding-scheme/esma-entity-classification].entityClassificationScheme,0,,Element with value http://www.fpml.org/coding-scheme/esma-entity-classification could not be mapped to a rosettaField
cdm-sample-files/events/msg-ex69-execution-advice-commodity-swap-classification-new-trade-esma-emir-refit.xml,Fail_MappedNone,party(0)[id=partyA].organizationType(0)[organizationTypeScheme=http://www.fpml.org/coding-scheme/organization-type].organizationTypeScheme,party[id=partyA].organizationType[organizationTypeScheme=http://www.fpml.org/coding-scheme/organization-type].organizationTypeScheme,0,,Element with value http://www.fpml.org/coding-scheme/organization-type could not be mapped to a rosettaField
cdm-sample-files/events/msg-ex69-execution-advice-commodity-swap-classification-new-trade-esma-emir-refit.xml,Fail_MappedMultiple,party(1)[id=partyB].partyId[partyIdScheme=http://www.fpml.org/coding-scheme/external/iso17442].partyIdScheme,party[id=partyB].partyId[partyIdScheme=http://www.fpml.org/coding-scheme/external/iso17442].partyIdScheme,2,ReportableEvent.originatingWorkflowStep.proposedEvent.instruction(0).before.value.trade.party(1).partyId(0).identifier.meta.scheme=[http://www.fpml.org/coding-scheme/external/iso17442] ReportableEvent.originatingWorkflowStep.proposedEvent.instruction(0).before.value.trade.party(1).partyId(0).identifierType=[LEI],Element mapped to multiple rosettaFields
cdm-sample-files/events/msg-ex69-execution-advice-commodity-swap-classification-new-trade-esma-emir-refit.xml,Fail_MappedNone,trade.tradeHeader.partyTradeInformation(1).reportingRegime(2).reportingRole,trade.tradeHeader.partyTradeInformation.reportingRegime.reportingRole,0,,Element with value ReportingParty could not be mapped to a rosettaField
cdm-sample-files/events/msg-ex69-execution-advice-commodity-swap-classification-new-trade-esma-emir-refit.xml,Fail_MappedNone,trade.tradeHeader.partyTradeInformation(0).reportingRegime(3).supervisorRegistration.supervisoryBody,trade.tradeHeader.partyTradeInformation.reportingRegime.supervisorRegistration.supervisoryBody,0,,Element with value CA.AB.ASC could not be mapped to a rosettaField
cdm-sample-files/events/msg-ex69-execution-advice-commodity-swap-classification-new-trade-esma-emir-refit.xml,Fail_MappedNone,trade.tradeHeader.partyTradeInformation(0).reportingRegime(3).entityClassification[entityClassificationScheme=http://www.fpml.org/coding-scheme/cftc-entity-classification].entityClassificationScheme,trade.tradeHeader.partyTradeInformation.reportingRegime.entityClassification[entityClassificationScheme=http://www.fpml.org/coding-scheme/cftc-entity-classification].entityClassificationScheme,0,,Element with value http://www.fpml.org/coding-scheme/cftc-entity-classification could not be mapped to a rosettaField
cdm-sample-files/events/msg-ex69-execution-advice-commodity-swap-classification-new-trade-esma-emir-refit.xml,Fail_MappedNone,trade.tradeHeader.partyTradeInformation(0).reportingRegime(1).exceedsClearingThreshold,trade.tradeHeader.partyTradeInformation.reportingRegime.exceedsClearingThreshold,0,,Element with value true could not be mapped to a rosettaField
cdm-sample-files/events/msg-ex69-execution-advice-commodity-swap-classification-new-trade-esma-emir-refit.xml,Fail_MappedNone,trade.commoditySwap.oilPhysicalLeg.deliveryPeriods.periodsSchedule[id=deliveryPeriods].id,trade.commoditySwap.oilPhysicalLeg.deliveryPeriods.periodsSchedule[id=deliveryPeriods].id,0,,Element with value deliveryPeriods could not be mapped to a rosettaField
cdm-sample-files/events/msg-ex69-execution-advice-commodity-swap-classification-new-trade-esma-emir-refit.xml,Fail_MappedNone,trade.tradeHeader.partyTradeInformation(1).reportingRegime(1).supervisorRegistration.supervisoryBody,trade.tradeHeader.partyTradeInformation.reportingRegime.supervisorRegistration.supervisoryBody,0,,Element with value FCA could not be mapped to a rosettaField
cdm-sample-files/events/msg-ex69-execution-advice-commodity-swap-classification-new-trade-esma-emir-refit.xml,Fail_MappedNone,trade.tradeHeader.partyTradeInformation(1).reportingRegime(2).name,trade.tradeHeader.partyTradeInformation.reportingRegime.name,0,,Element with value JFSA could not be mapped to a rosettaField
cdm-sample-files/events/msg-ex69-execution-advice-commodity-swap-classification-new-trade-esma-emir-refit.xml,Fail_MappedNone,trade.tradeHeader.partyTradeInformation(1).reportingRegime(1).reportingPurpose,trade.tradeHeader.partyTradeInformation.reportingRegime.reportingPurpose,0,,Element with value PrimaryEconomicTerms could not be mapped to a rosettaField
cdm-sample-files/events/msg-ex69-execution-advice-commodity-swap-classification-new-trade-esma-emir-refit.xml,Fail_MappedNone,trade.tradeHeader.partyTradeInformation(0).reportingRegime(3).entityClassification[entityClassificationScheme=http://www.fpml.org/coding-scheme/cftc-entity-classification],trade.tradeHeader.partyTradeInformation.reportingRegime.entityClassification[entityClassificationScheme=http://www.fpml.org/coding-scheme/cftc-entity-classification],0,,Element with value SBSD could not be mapped to a rosettaField
cdm-sample-files/events/msg-ex69-execution-advice-commodity-swap-classification-new-trade-esma-emir-refit.xml,Fail_MappedNone,sequenceNumber,sequenceNumber,0,,Element with value 1 could not be mapped to a rosettaField
cdm-sample-files/events/msg-ex69-execution-advice-commodity-swap-classification-new-trade-esma-emir-refit.xml,Fail_MappedNone,correlationId[correlationIdScheme=http://www.xxx.com/coding-scheme/correlation-id],correlationId[correlationIdScheme=http://www.xxx.com/coding-scheme/correlation-id],0,,Element with value COMMODITYFPMLORGTRADEID could not be mapped to a rosettaField
cdm-sample-files/events/msg-ex69-execution-advice-commodity-swap-classification-new-trade-esma-emir-refit.xml,Fail_MappedNone,trade.tradeHeader.partyTradeInformation(1).reportingRegime(4).supervisorRegistration.supervisoryBody,trade.tradeHeader.partyTradeInformation.reportingRegime.supervisorRegistration.supervisoryBody,0,,Element with value HKMA could not be mapped to a rosettaField
cdm-sample-files/events/msg-ex69-execution-advice-commodity-swap-classification-new-trade-esma-emir-refit.xml,Fail_MappedNone,trade.tradeHeader.partyTradeInformation(0).reportingRegime(4).reportingRole,trade.tradeHeader.partyTradeInformation.reportingRegime.reportingRole,0,,Element with value ReportingParty could not be mapped to a rosettaField
cdm-sample-files/events/msg-ex69-execution-advice-commodity-swap-classification-new-trade-esma-emir-refit.xml,Success,trade.commoditySwap.oilPhysicalLeg.commodityClassification(1).code(0)[commodityClassificationScheme=http://www.fpml.org/coding-scheme/esma-emir-refit-layer-1-commodity-classification],trade.commoditySwap.oilPhysicalLeg.commodityClassification.code[commodityClassificationScheme=http://www.fpml.org/coding-scheme/esma-emir-refit-layer-1-commodity-classification],1,"ReportableEvent.originatingWorkflowStep.proposedEvent.instruction(0).before.value.trade.tradeLot(0).priceQuantity(1).observable.value.Asset.Commodity.taxonomy(1).value.classification(0).value=[Energy, NRGY, OILP, Oil, OilWTI, WTIO]",had no destination
cdm-sample-files/events/msg-ex69-execution-advice-commodity-swap-classification-new-trade-esma-emir-refit.xml,Fail_MappedNone,trade.commoditySwap.oilPhysicalLeg.deliveryQuantity.physicalQuantity[id=deliveryQuantity].quantityUnit,trade.commoditySwap.oilPhysicalLeg.deliveryQuantity.physicalQuantity[id=deliveryQuantity].quantityUnit,0,,Element with value BBL could not be mapped to a rosettaField
cdm-sample-files/events/msg-ex69-execution-advice-commodity-swap-classification-new-trade-esma-emir-refit.xml,Fail_MappedNone,trade.tradeHeader.partyTradeInformation(1).reportingRegime(0).mandatorilyClearable,trade.tradeHeader.partyTradeInformation.reportingRegime.mandatorilyClearable,0,,Element with value false could not be mapped to a rosettaField
cdm-sample-files/events/msg-ex69-execution-advice-commodity-swap-classification-new-trade-esma-emir-refit.xml,Fail_MappedNone,party(0)[id=partyA].classification(1)[industryClassificationScheme=http://www.fpml.org/coding-scheme/hkma-rewrite-regulatory-corporate-sector].industryClassificationScheme,party[id=partyA].classification[industryClassificationScheme=http://www.fpml.org/coding-scheme/hkma-rewrite-regulatory-corporate-sector].industryClassificationScheme,0,,Element with value http://www.fpml.org/coding-scheme/hkma-rewrite-regulatory-corporate-sector could not be mapped to a rosettaField
cdm-sample-files/events/msg-ex69-execution-advice-commodity-swap-classification-new-trade-esma-emir-refit.xml,Fail_MappedNone,trade.tradeHeader.partyTradeInformation(0).reportingRegime(0).supervisorRegistration.supervisoryBody,trade.tradeHeader.partyTradeInformation.reportingRegime.supervisorRegistration.supervisoryBody,0,,Element with value ESMA could not be mapped to a rosettaField
cdm-sample-files/events/msg-ex69-execution-advice-commodity-swap-classification-new-trade-esma-emir-refit.xml,Fail_MappedNone,party(1)[id=partyB].classification(0)[industryClassificationScheme=http://www.fpml.org/coding-scheme/esma-emir-refit-regulatory-corporate-sector],party[id=partyB].classification[industryClassificationScheme=http://www.fpml.org/coding-scheme/esma-emir-refit-regulatory-corporate-sector],0,,Element with value ORPI could not be mapped to a rosettaField
cdm-sample-files/events/msg-ex69-execution-advice-commodity-swap-classification-new-trade-esma-emir-refit.xml,Fail_MappedNone,trade.commoditySwap.oilPhysicalLeg.deliveryQuantity.physicalQuantity[id=deliveryQuantity].id,trade.commoditySwap.oilPhysicalLeg.deliveryQuantity.physicalQuantity[id=deliveryQuantity].id,0,,Element with value deliveryQuantity could not be mapped to a rosettaField
cdm-sample-files/events/msg-ex69-execution-advice-commodity-swap-classification-new-trade-esma-emir-refit.xml,Fail_MappedNone,trade.commoditySwap.oilPhysicalLeg.deliveryConditions.pipeline.withdrawalPoint[deliveryPointScheme=http://www.PartyA.com/delivery-point-scheme-oil-1-0].deliveryPointScheme,trade.commoditySwap.oilPhysicalLeg.deliveryConditions.pipeline.withdrawalPoint[deliveryPointScheme=http://www.PartyA.com/delivery-point-scheme-oil-1-0].deliveryPointScheme,0,,Element with value http://www.PartyA.com/delivery-point-scheme-oil-1-0 could not be mapped to a rosettaField
cdm-sample-files/events/msg-ex69-execution-advice-commodity-swap-classification-new-trade-esma-emir-refit.xml,Fail_MappedNone,trade.tradeHeader.partyTradeInformation(1).reportingRegime(4).mandatorilyClearable,trade.tradeHeader.partyTradeInformation.reportingRegime.mandatorilyClearable,0,,Element with value false could not be mapped to a rosettaField
cdm-sample-files/events/msg-ex69-execution-advice-commodity-swap-classification-new-trade-esma-emir-refit.xml,Fail_MappedNone,trade.tradeHeader.partyTradeInformation(0).reportingRegime(0).reportingRole,trade.tradeHeader.partyTradeInformation.reportingRegime.reportingRole,0,,Element with value ReportingParty could not be mapped to a rosettaField
cdm-sample-files/events/msg-ex69-execution-advice-commodity-swap-classification-new-trade-esma-emir-refit.xml,Fail_MappedNone,party(1)[id=partyB].organizationType(1)[organizationTypeScheme=http://www.fpml.org/coding-scheme/cftc-organization-type].organizationTypeScheme,party[id=partyB].organizationType[organizationTypeScheme=http://www.fpml.org/coding-scheme/cftc-organization-type].organizationTypeScheme,0,,Element with value http://www.fpml.org/coding-scheme/cftc-organization-type could not be mapped to a rosettaField
cdm-sample-files/events/msg-ex70-execution-advice-commodity-swap-classification-termination-esma-emir-refit.xml,Fail_MappedNone,termination.originalTrade.tradeHeader.partyTradeInformation(1).reportingRegime(0).mandatorilyClearable,termination.originalTrade.tradeHeader.partyTradeInformation.reportingRegime.mandatorilyClearable,0,,Element with value false could not be mapped to a rosettaField
cdm-sample-files/events/msg-ex70-execution-advice-commodity-swap-classification-termination-esma-emir-refit.xml,Fail_MappedNone,termination.originalTrade.commoditySwap.oilPhysicalLeg.deliveryConditions.pipeline.pipelineName[pipelineScheme=http://www.PartyA.com/pipeline-scheme-1-0],termination.originalTrade.commoditySwap.oilPhysicalLeg.deliveryConditions.pipeline.pipelineName[pipelineScheme=http://www.PartyA.com/pipeline-scheme-1-0],0,,Element with value TeppcoSeawayCrude could not be mapped to a rosettaField
cdm-sample-files/events/msg-ex70-execution-advice-commodity-swap-classification-termination-esma-emir-refit.xml,Fail_MappedNone,termination.originalTrade.commoditySwap.oilPhysicalLeg.deliveryPeriods.periodsSchedule[id=deliveryPeriods].periodMultiplier,termination.originalTrade.commoditySwap.oilPhysicalLeg.deliveryPeriods.periodsSchedule[id=deliveryPeriods].periodMultiplier,0,,Element with value 1 could not be mapped to a rosettaField
cdm-sample-files/events/msg-ex70-execution-advice-commodity-swap-classification-termination-esma-emir-refit.xml,Fail_MappedNone,correlationId[correlationIdScheme=http://www.xxx.com/coding-scheme/correlation-id].correlationIdScheme,correlationId[correlationIdScheme=http://www.xxx.com/coding-scheme/correlation-id].correlationIdScheme,0,,Element with value http://www.xxx.com/coding-scheme/correlation-id could not be mapped to a rosettaField
cdm-sample-files/events/msg-ex70-execution-advice-commodity-swap-classification-termination-esma-emir-refit.xml,Success,termination.originalTrade.tradeHeader.partyTradeIdentifier(1).linkId[linkIdScheme=http://www.fpml.org/coding-scheme/external/compression-link-identifier],termination.originalTrade.tradeHeader.partyTradeIdentifier.linkId[linkIdScheme=http://www.fpml.org/coding-scheme/external/compression-link-identifier],0,,no destination
cdm-sample-files/events/msg-ex70-execution-advice-commodity-swap-classification-termination-esma-emir-refit.xml,Fail_MappedNone,termination.originalTrade.commoditySwap.oilPhysicalLeg.deliveryPeriods.periodsSchedule[id=deliveryPeriods].period,termination.originalTrade.commoditySwap.oilPhysicalLeg.deliveryPeriods.periodsSchedule[id=deliveryPeriods].period,0,,Element with value T could not be mapped to a rosettaField
cdm-sample-files/events/msg-ex70-execution-advice-commodity-swap-classification-termination-esma-emir-refit.xml,Fail_MappedNone,termination.originalTrade.commoditySwap.oilPhysicalLeg.deliveryConditions.pipeline.withdrawalPoint[deliveryPointScheme=http://www.PartyA.com/delivery-point-scheme-oil-1-0].deliveryPointScheme,termination.originalTrade.commoditySwap.oilPhysicalLeg.deliveryConditions.pipeline.withdrawalPoint[deliveryPointScheme=http://www.PartyA.com/delivery-point-scheme-oil-1-0].deliveryPointScheme,0,,Element with value http://www.PartyA.com/delivery-point-scheme-oil-1-0 could not be mapped to a rosettaField
cdm-sample-files/events/msg-ex70-execution-advice-commodity-swap-classification-termination-esma-emir-refit.xml,Fail_MappedNone,party(1)[id=partyB].classification(0)[industryClassificationScheme=http://www.fpml.org/coding-scheme/esma-emir-refit-regulatory-corporate-sector].industryClassificationScheme,party[id=partyB].classification[industryClassificationScheme=http://www.fpml.org/coding-scheme/esma-emir-refit-regulatory-corporate-sector].industryClassificationScheme,0,,Element with value http://www.fpml.org/coding-scheme/esma-emir-refit-regulatory-corporate-sector could not be mapped to a rosettaField
cdm-sample-files/events/msg-ex70-execution-advice-commodity-swap-classification-termination-esma-emir-refit.xml,Fail_MappedNone,termination.payment[id=TERMINATION_FEE].id,termination.payment[id=TERMINATION_FEE].id,0,,Element with value TERMINATION_FEE could not be mapped to a rosettaField
cdm-sample-files/events/msg-ex70-execution-advice-commodity-swap-classification-termination-esma-emir-refit.xml,Fail_MappedNone,party(0)[id=partyA].organizationType(1)[organizationTypeScheme=http://www.fpml.org/coding-scheme/cftc-organization-type].organizationTypeScheme,party[id=partyA].organizationType[organizationTypeScheme=http://www.fpml.org/coding-scheme/cftc-organization-type].organizationTypeScheme,0,,Element with value http://www.fpml.org/coding-scheme/cftc-organization-type could not be mapped to a rosettaField
cdm-sample-files/events/msg-ex70-execution-advice-commodity-swap-classification-termination-esma-emir-refit.xml,Fail_MappedNone,termination.originalTrade.tradeHeader.partyTradeInformation(1).reportingRegime(3).entityClassification[entityClassificationScheme=http://www.fpml.org/coding-scheme/cftc-entity-classification],termination.originalTrade.tradeHeader.partyTradeInformation.reportingRegime.entityClassification[entityClassificationScheme=http://www.fpml.org/coding-scheme/cftc-entity-classification],0,,Element with value SBSD could not be mapped to a rosettaField
cdm-sample-files/events/msg-ex70-execution-advice-commodity-swap-classification-termination-esma-emir-refit.xml,Fail_MappedNone,termination.originalTrade.commoditySwap.oilPhysicalLeg.deliveryQuantity.physicalQuantity[id=deliveryQuantity].quantityFrequency,termination.originalTrade.commoditySwap.oilPhysicalLeg.deliveryQuantity.physicalQuantity[id=deliveryQuantity].quantityFrequency,0,,Element with value PerCalculationPeriod could not be mapped to a rosettaField
cdm-sample-files/events/msg-ex70-execution-advice-commodity-swap-classification-termination-esma-emir-refit.xml,Fail_MappedNone,termination.originalTrade.commoditySwap.oilPhysicalLeg.deliveryQuantity.totalPhysicalQuantity.quantity,termination.originalTrade.commoditySwap.oilPhysicalLeg.deliveryQuantity.totalPhysicalQuantity.quantity,0,,Element with value 10000.0 could not be mapped to a rosettaField
cdm-sample-files/events/msg-ex70-execution-advice-commodity-swap-classification-termination-esma-emir-refit.xml,Fail_MappedNone,termination.originalTrade.tradeHeader.partyTradeInformation(1).reportingRegime(1).supervisorRegistration.supervisoryBody,termination.originalTrade.tradeHeader.partyTradeInformation.reportingRegime.supervisorRegistration.supervisoryBody,0,,Element with value FCA could not be mapped to a rosettaField
cdm-sample-files/events/msg-ex70-execution-advice-commodity-swap-classification-termination-esma-emir-refit.xml,Fail_MappedNone,termination.originalTrade.tradeHeader.partyTradeInformation(0).reportingRegime(3).entityClassification[entityClassificationScheme=http://www.fpml.org/coding-scheme/cftc-entity-classification].entityClassificationScheme,termination.originalTrade.tradeHeader.partyTradeInformation.reportingRegime.entityClassification[entityClassificationScheme=http://www.fpml.org/coding-scheme/cftc-entity-classification].entityClassificationScheme,0,,Element with value http://www.fpml.org/coding-scheme/cftc-entity-classification could not be mapped to a rosettaField
cdm-sample-files/events/msg-ex70-execution-advice-commodity-swap-classification-termination-esma-emir-refit.xml,Fail_MappedNone,termination.originalTrade.tradeHeader.partyTradeInformation(0).reportingRegime(0).supervisorRegistration.supervisoryBody,termination.originalTrade.tradeHeader.partyTradeInformation.reportingRegime.supervisorRegistration.supervisoryBody,0,,Element with value ESMA could not be mapped to a rosettaField
cdm-sample-files/events/msg-ex70-execution-advice-commodity-swap-classification-termination-esma-emir-refit.xml,Fail_MappedNone,termination.originalTrade.commoditySwap.oilPhysicalLeg.deliveryQuantity.physicalQuantity[id=deliveryQuantity].quantityUnit,termination.originalTrade.commoditySwap.oilPhysicalLeg.deliveryQuantity.physicalQuantity[id=deliveryQuantity].quantityUnit,0,,Element with value BBL could not be mapped to a rosettaField
cdm-sample-files/events/msg-ex70-execution-advice-commodity-swap-classification-termination-esma-emir-refit.xml,Fail_MappedNone,termination.originalTrade.tradeHeader.partyTradeInformation(1).reportingRegime(1).name,termination.originalTrade.tradeHeader.partyTradeInformation.reportingRegime.name,0,,Element with value UKEMIR could not be mapped to a rosettaField
cdm-sample-files/events/msg-ex70-execution-advice-commodity-swap-classification-termination-esma-emir-refit.xml,Fail_MappedNone,termination.originalTrade.tradeHeader.partyTradeInformation(0).reportingRegime(0).reportingPurpose,termination.originalTrade.tradeHeader.partyTradeInformation.reportingRegime.reportingPurpose,0,,Element with value PrimaryEconomicTerms could not be mapped to a rosettaField
cdm-sample-files/events/msg-ex70-execution-advice-commodity-swap-classification-termination-esma-emir-refit.xml,Fail_MappedNone,party(0)[id=partyA].organizationType(1)[organizationTypeScheme=http://www.fpml.org/coding-scheme/cftc-organization-type],party[id=partyA].organizationType[organizationTypeScheme=http://www.fpml.org/coding-scheme/cftc-organization-type],0,,Element with value CharteredPursuantToFederalLaw could not be mapped to a rosettaField
cdm-sample-files/events/msg-ex70-execution-advice-commodity-swap-classification-termination-esma-emir-refit.xml,Fail_MappedNone,termination.originalTrade.tradeHeader.partyTradeInformation(1).reportingRegime(1).mandatorilyClearable,termination.originalTrade.tradeHeader.partyTradeInformation.reportingRegime.mandatorilyClearable,0,,Element with value false could not be mapped to a rosettaField
cdm-sample-files/events/msg-ex70-execution-advice-commodity-swap-classification-termination-esma-emir-refit.xml,Fail_MappedNone,termination.originalTrade.tradeHeader.partyTradeInformation(0).relatedParty(0).role,termination.originalTrade.tradeHeader.partyTradeInformation.relatedParty.role,0,,Element with value RebalancingProvider could not be mapped to a rosettaField
cdm-sample-files/events/msg-ex70-execution-advice-commodity-swap-classification-termination-esma-emir-refit.xml,Fail_MappedNone,termination.originalTrade.tradeHeader.partyTradeInformation(1).reportingRegime(2).supervisorRegistration.supervisoryBody,termination.originalTrade.tradeHeader.partyTradeInformation.reportingRegime.supervisorRegistration.supervisoryBody,0,,Element with value JFSA could not be mapped to a rosettaField
cdm-sample-files/events/msg-ex70-execution-advice-commodity-swap-classification-termination-esma-emir-refit.xml,Fail_MappedNone,termination.originalTrade.commoditySwap.oilPhysicalLeg.deliveryConditions.pipeline.risk,termination.originalTrade.commoditySwap.oilPhysicalLeg.deliveryConditions.pipeline.risk,0,,Element with value FOB could not be mapped to a rosettaField
cdm-sample-files/events/msg-ex70-execution-advice-commodity-swap-classification-termination-esma-emir-refit.xml,Fail_MappedNone,termination.originalTrade.tradeHeader.partyTradeInformation(1).reportingRegime(0).reportingRole,termination.originalTrade.tradeHeader.partyTradeInformation.reportingRegime.reportingRole,0,,Element with value ReportingParty could not be mapped to a rosettaField
cdm-sample-files/events/msg-ex70-execution-advice-commodity-swap-classification-termination-esma-emir-refit.xml,Fail_MappedNone,termination.originalTrade.commoditySwap.oilPhysicalLeg.deliveryPeriods.periodsSchedule[id=deliveryPeriods].id,termination.originalTrade.commoditySwap.oilPhysicalLeg.deliveryPeriods.periodsSchedule[id=deliveryPeriods].id,0,,Element with value deliveryPeriods could not be mapped to a rosettaField
cdm-sample-files/events/msg-ex70-execution-advice-commodity-swap-classification-termination-esma-emir-refit.xml,Fail_MappedNone,party(1)[id=partyB].classification(1)[industryClassificationScheme=http://www.fpml.org/coding-scheme/hkma-rewrite-regulatory-corporate-sector].industryClassificationScheme,party[id=partyB].classification[industryClassificationScheme=http://www.fpml.org/coding-scheme/hkma-rewrite-regulatory-corporate-sector].industryClassificationScheme,0,,Element with value http://www.fpml.org/coding-scheme/hkma-rewrite-regulatory-corporate-sector could not be mapped to a rosettaField
cdm-sample-files/events/msg-ex70-execution-advice-commodity-swap-classification-termination-esma-emir-refit.xml,Fail_MappedNone,termination.originalTrade.tradeHeader.partyTradeInformation(0).reportingRegime(0).mandatorilyClearable,termination.originalTrade.tradeHeader.partyTradeInformation.reportingRegime.mandatorilyClearable,0,,Element with value false could not be mapped to a rosettaField
cdm-sample-files/events/msg-ex70-execution-advice-commodity-swap-classification-termination-esma-emir-refit.xml,Fail_MappedNone,party(0)[id=partyA].organizationType(0)[organizationTypeScheme=http://www.fpml.org/coding-scheme/organization-type],party[id=partyA].organizationType[organizationTypeScheme=http://www.fpml.org/coding-scheme/organization-type],0,,Element with value SD could not be mapped to a rosettaField
cdm-sample-files/events/msg-ex70-execution-advice-commodity-swap-classification-termination-esma-emir-refit.xml,Fail_MappedNone,termination.originalTrade.commoditySwap.oilPhysicalLeg.deliveryPeriods.periodsSchedule[id=deliveryPeriods].balanceOfFirstPeriod,termination.originalTrade.commoditySwap.oilPhysicalLeg.deliveryPeriods.periodsSchedule[id=deliveryPeriods].balanceOfFirstPeriod,0,,Element with value false could not be mapped to a rosettaField
cdm-sample-files/events/msg-ex70-execution-advice-commodity-swap-classification-termination-esma-emir-refit.xml,Success,termination.originalTrade.commoditySwap.oilPhysicalLeg.commodityClassification(0).code(2)[commodityClassificationScheme=http://www.fpml.org/coding-scheme/isda-layer-3-commodity-classification],termination.originalTrade.commoditySwap.oilPhysicalLeg.commodityClassification.code[commodityClassificationScheme=http://www.fpml.org/coding-scheme/isda-layer-3-commodity-classification],1,"ReportableEvent.originatingWorkflowStep.proposedEvent.instruction(0).before.value.trade.tradeLot(0).priceQuantity(1).observable.value.Asset.Commodity.taxonomy(0).value.classification(2).value=[Energy, NRGY, OILP, Oil, OilWTI, WTIO]",had no destination
cdm-sample-files/events/msg-ex70-execution-advice-commodity-swap-classification-termination-esma-emir-refit.xml,Fail_MappedNone,termination.originalTrade.tradeHeader.partyTradeInformation(1).reportingRegime(0).name,termination.originalTrade.tradeHeader.partyTradeInformation.reportingRegime.name,0,,Element with value EMIR could not be mapped to a rosettaField
cdm-sample-files/events/msg-ex70-execution-advice-commodity-swap-classification-termination-esma-emir-refit.xml,Fail_MappedNone,termination.originalTrade.tradeHeader.partyTradeInformation(0).reportingRegime(1).entityClassification[entityClassificationScheme=http://www.fpml.org/coding-scheme/esma-entity-classification],termination.originalTrade.tradeHeader.partyTradeInformation.reportingRegime.entityClassification[entityClassificationScheme=http://www.fpml.org/coding-scheme/esma-entity-classification],0,,Element with value Financial could not be mapped to a rosettaField
cdm-sample-files/events/msg-ex70-execution-advice-commodity-swap-classification-termination-esma-emir-refit.xml,Fail_MappedNone,termination.originalTrade.tradeHeader.partyTradeInformation(0).reportingRegime(1).reportingPurpose,termination.originalTrade.tradeHeader.partyTradeInformation.reportingRegime.reportingPurpose,0,,Element with value PrimaryEconomicTerms could not be mapped to a rosettaField
cdm-sample-files/events/msg-ex70-execution-advice-commodity-swap-classification-termination-esma-emir-refit.xml,Fail_MappedNone,termination.originalTrade.tradeHeader.partyTradeInformation(1).reportingRegime(1).entityClassification[entityClassificationScheme=http://www.fpml.org/coding-scheme/esma-entity-classification],termination.originalTrade.tradeHeader.partyTradeInformation.reportingRegime.entityClassification[entityClassificationScheme=http://www.fpml.org/coding-scheme/esma-entity-classification],0,,Element with value Financial could not be mapped to a rosettaField
cdm-sample-files/events/msg-ex70-execution-advice-commodity-swap-classification-termination-esma-emir-refit.xml,Fail_MappedNone,termination.changeInNumberOfUnits,termination.changeInNumberOfUnits,0,,Element with value 10000 could not be mapped to a rosettaField
cdm-sample-files/events/msg-ex70-execution-advice-commodity-swap-classification-termination-esma-emir-refit.xml,Fail_MappedNone,party(1)[id=partyB].organizationType(1)[organizationTypeScheme=http://www.fpml.org/coding-scheme/cftc-organization-type],party[id=partyB].organizationType[organizationTypeScheme=http://www.fpml.org/coding-scheme/cftc-organization-type],0,,Element with value CharteredPursuantToFederalLaw could not be mapped to a rosettaField
cdm-sample-files/events/msg-ex70-execution-advice-commodity-swap-classification-termination-esma-emir-refit.xml,Fail_MappedNone,termination.originalTrade.tradeHeader.partyTradeInformation(1).reportingRegime(0).entityClassification[entityClassificationScheme=http://www.fpml.org/coding-scheme/esma-entity-classification].entityClassificationScheme,termination.originalTrade.tradeHeader.partyTradeInformation.reportingRegime.entityClassification[entityClassificationScheme=http://www.fpml.org/coding-scheme/esma-entity-classification].entityClassificationScheme,0,,Element with value http://www.fpml.org/coding-scheme/esma-entity-classification could not be mapped to a rosettaField
cdm-sample-files/events/msg-ex70-execution-advice-commodity-swap-classification-termination-esma-emir-refit.xml,Fail_MappedNone,termination.originalTrade.commoditySwap.oilPhysicalLeg.oil.grade,termination.originalTrade.commoditySwap.oilPhysicalLeg.oil.grade,0,,Element with value WTI could not be mapped to a rosettaField
cdm-sample-files/events/msg-ex70-execution-advice-commodity-swap-classification-termination-esma-emir-refit.xml,Fail_MappedNone,termination.originalTrade.tradeHeader.partyTradeInformation(0).reportingRegime(1).supervisorRegistration.supervisoryBody,termination.originalTrade.tradeHeader.partyTradeInformation.reportingRegime.supervisorRegistration.supervisoryBody,0,,Element with value FCA could not be mapped to a rosettaField
cdm-sample-files/events/msg-ex70-execution-advice-commodity-swap-classification-termination-esma-emir-refit.xml,Fail_MappedNone,termination.originalTrade.tradeHeader.partyTradeInformation(0).reportingRegime(0).exceedsClearingThreshold,termination.originalTrade.tradeHeader.partyTradeInformation.reportingRegime.exceedsClearingThreshold,0,,Element with value true could not be mapped to a rosettaField
cdm-sample-files/events/msg-ex70-execution-advice-commodity-swap-classification-termination-esma-emir-refit.xml,Fail_MappedNone,termination.originalTrade.tradeHeader.partyTradeInformation(0).reportingRegime(1).name,termination.originalTrade.tradeHeader.partyTradeInformation.reportingRegime.name,0,,Element with value UKEMIR could not be mapped to a rosettaField
cdm-sample-files/events/msg-ex70-execution-advice-commodity-swap-classification-termination-esma-emir-refit.xml,Fail_MappedNone,termination.originalTrade.tradeHeader.partyTradeInformation(0).reportingRegime(0).entityClassification[entityClassificationScheme=http://www.fpml.org/coding-scheme/esma-entity-classification],termination.originalTrade.tradeHeader.partyTradeInformation.reportingRegime.entityClassification[entityClassificationScheme=http://www.fpml.org/coding-scheme/esma-entity-classification],0,,Element with value Financial could not be mapped to a rosettaField
cdm-sample-files/events/msg-ex70-execution-advice-commodity-swap-classification-termination-esma-emir-refit.xml,Fail_MappedNone,party(1)[id=partyB].organizationType(0)[organizationTypeScheme=http://www.fpml.org/coding-scheme/organization-type],party[id=partyB].organizationType[organizationTypeScheme=http://www.fpml.org/coding-scheme/organization-type],0,,Element with value SD could not be mapped to a rosettaField
cdm-sample-files/events/msg-ex70-execution-advice-commodity-swap-classification-termination-esma-emir-refit.xml,Fail_MappedNone,termination.originalTrade.tradeHeader.partyTradeInformation(0).reportingRegime(3).reportingRole,termination.originalTrade.tradeHeader.partyTradeInformation.reportingRegime.reportingRole,0,,Element with value ReportingParty could not be mapped to a rosettaField
cdm-sample-files/events/msg-ex70-execution-advice-commodity-swap-classification-termination-esma-emir-refit.xml,Fail_MappedNone,termination.originalTrade.tradeHeader.partyTradeInformation(0).reportingRegime(1).mandatorilyClearable,termination.originalTrade.tradeHeader.partyTradeInformation.reportingRegime.mandatorilyClearable,0,,Element with value false could not be mapped to a rosettaField
cdm-sample-files/events/msg-ex70-execution-advice-commodity-swap-classification-termination-esma-emir-refit.xml,Fail_MappedNone,termination.originalTrade.commoditySwap.floatingLeg.calculation.pricingDates.calculationPeriodsScheduleReference[href=deliveryPeriods].href,termination.originalTrade.commoditySwap.floatingLeg.calculation.pricingDates.calculationPeriodsScheduleReference[href=deliveryPeriods].href,0,,Element with value deliveryPeriods could not be mapped to a rosettaField
cdm-sample-files/events/msg-ex70-execution-advice-commodity-swap-classification-termination-esma-emir-refit.xml,Fail_MappedNone,termination.originalTrade.tradeHeader.partyTradeInformation(1).reportingRegime(1).exceedsClearingThreshold,termination.originalTrade.tradeHeader.partyTradeInformation.reportingRegime.exceedsClearingThreshold,0,,Element with value true could not be mapped to a rosettaField
cdm-sample-files/events/msg-ex70-execution-advice-commodity-swap-classification-termination-esma-emir-refit.xml,Fail_MappedNone,party(0)[id=partyA].classification(0)[industryClassificationScheme=http://www.fpml.org/coding-scheme/esma-emir-refit-regulatory-corporate-sector].industryClassificationScheme,party[id=partyA].classification[industryClassificationScheme=http://www.fpml.org/coding-scheme/esma-emir-refit-regulatory-corporate-sector].industryClassificationScheme,0,,Element with value http://www.fpml.org/coding-scheme/esma-emir-refit-regulatory-corporate-sector could not be mapped to a rosettaField
cdm-sample-files/events/msg-ex70-execution-advice-commodity-swap-classification-termination-esma-emir-refit.xml,Fail_MappedNone,termination.originalTrade.tradeHeader.partyTradeInformation(1).reportingRegime(3).name,termination.originalTrade.tradeHeader.partyTradeInformation.reportingRegime.name,0,,Element with value CSA could not be mapped to a rosettaField
cdm-sample-files/events/msg-ex70-execution-advice-commodity-swap-classification-termination-esma-emir-refit.xml,Fail_MappedNone,termination.originalTrade.tradeHeader.partyTradeInformation(0).reportingRegime(0).directlyLinkedActivity,termination.originalTrade.tradeHeader.partyTradeInformation.reportingRegime.directlyLinkedActivity,0,,Element with value true could not be mapped to a rosettaField
cdm-sample-files/events/msg-ex70-execution-advice-commodity-swap-classification-termination-esma-emir-refit.xml,Fail_MappedNone,termination.originalTrade.commoditySwap.floatingLeg.calculationPeriodsScheduleReference[href=deliveryPeriods].href,termination.originalTrade.commoditySwap.floatingLeg.calculationPeriodsScheduleReference[href=deliveryPeriods].href,0,,Element with value deliveryPeriods could not be mapped to a rosettaField
cdm-sample-files/events/msg-ex70-execution-advice-commodity-swap-classification-termination-esma-emir-refit.xml,Fail_MappedNone,termination.originalTrade.tradeHeader.partyTradeInformation(1).reportingRegime(0).entityClassification[entityClassificationScheme=http://www.fpml.org/coding-scheme/esma-entity-classification],termination.originalTrade.tradeHeader.partyTradeInformation.reportingRegime.entityClassification[entityClassificationScheme=http://www.fpml.org/coding-scheme/esma-entity-classification],0,,Element with value Financial could not be mapped to a rosettaField
cdm-sample-files/events/msg-ex70-execution-advice-commodity-swap-classification-termination-esma-emir-refit.xml,Fail_MappedNone,termination.originalTrade.tradeHeader.partyTradeInformation(1).reportingRegime(3).mandatorilyClearable,termination.originalTrade.tradeHeader.partyTradeInformation.reportingRegime.mandatorilyClearable,0,,Element with value false could not be mapped to a rosettaField
cdm-sample-files/events/msg-ex70-execution-advice-commodity-swap-classification-termination-esma-emir-refit.xml,Fail_MappedNone,termination.originalTrade.tradeHeader.partyTradeInformation(0).reportingRegime(1).exceedsClearingThreshold,termination.originalTrade.tradeHeader.partyTradeInformation.reportingRegime.exceedsClearingThreshold,0,,Element with value true could not be mapped to a rosettaField
cdm-sample-files/events/msg-ex70-execution-advice-commodity-swap-classification-termination-esma-emir-refit.xml,Fail_MappedNone,termination.originalTrade.tradeHeader.partyTradeInformation(0).reportingRegime(0).name,termination.originalTrade.tradeHeader.partyTradeInformation.reportingRegime.name,0,,Element with value EMIR could not be mapped to a rosettaField
cdm-sample-files/events/msg-ex70-execution-advice-commodity-swap-classification-termination-esma-emir-refit.xml,Fail_MappedNone,termination.originalTrade.tradeHeader.partyTradeInformation(1).reportingRegime(1).entityClassification[entityClassificationScheme=http://www.fpml.org/coding-scheme/esma-entity-classification].entityClassificationScheme,termination.originalTrade.tradeHeader.partyTradeInformation.reportingRegime.entityClassification[entityClassificationScheme=http://www.fpml.org/coding-scheme/esma-entity-classification].entityClassificationScheme,0,,Element with value http://www.fpml.org/coding-scheme/esma-entity-classification could not be mapped to a rosettaField
cdm-sample-files/events/msg-ex70-execution-advice-commodity-swap-classification-termination-esma-emir-refit.xml,Fail_MappedNone,termination.originalTrade.tradeHeader.partyTradeInformation(0).reportingRegime(4).reportingRole,termination.originalTrade.tradeHeader.partyTradeInformation.reportingRegime.reportingRole,0,,Element with value ReportingParty could not be mapped to a rosettaField
cdm-sample-files/events/msg-ex70-execution-advice-commodity-swap-classification-termination-esma-emir-refit.xml,Fail_MappedNone,termination.originalTrade.tradeHeader.partyTradeInformation(1).reportingRegime(3).supervisorRegistration.supervisoryBody,termination.originalTrade.tradeHeader.partyTradeInformation.reportingRegime.supervisorRegistration.supervisoryBody,0,,Element with value CA.AB.ASC could not be mapped to a rosettaField
cdm-sample-files/events/msg-ex70-execution-advice-commodity-swap-classification-termination-esma-emir-refit.xml,Fail_MappedNone,correlationId[correlationIdScheme=http://www.xxx.com/coding-scheme/correlation-id],correlationId[correlationIdScheme=http://www.xxx.com/coding-scheme/correlation-id],0,,Element with value COMMODITYFPMLORGTRADEID could not be mapped to a rosettaField
cdm-sample-files/events/msg-ex70-execution-advice-commodity-swap-classification-termination-esma-emir-refit.xml,Fail_MappedNone,termination.originalTrade.tradeHeader.partyTradeInformation(0).reportingRegime(2).supervisorRegistration.supervisoryBody,termination.originalTrade.tradeHeader.partyTradeInformation.reportingRegime.supervisorRegistration.supervisoryBody,0,,Element with value JFSA could not be mapped to a rosettaField
cdm-sample-files/events/msg-ex70-execution-advice-commodity-swap-classification-termination-esma-emir-refit.xml,Fail_MappedNone,termination.originalTrade.commoditySwap.floatingLeg.quantityReference[href=deliveryQuantity].href,termination.originalTrade.commoditySwap.floatingLeg.quantityReference[href=deliveryQuantity].href,0,,Element with value deliveryQuantity could not be mapped to a rosettaField
cdm-sample-files/events/msg-ex70-execution-advice-commodity-swap-classification-termination-esma-emir-refit.xml,Fail_MappedNone,party(0)[id=partyA].classification(1)[industryClassificationScheme=http://www.fpml.org/coding-scheme/hkma-rewrite-regulatory-corporate-sector].industryClassificationScheme,party[id=partyA].classification[industryClassificationScheme=http://www.fpml.org/coding-scheme/hkma-rewrite-regulatory-corporate-sector].industryClassificationScheme,0,,Element with value http://www.fpml.org/coding-scheme/hkma-rewrite-regulatory-corporate-sector could not be mapped to a rosettaField
cdm-sample-files/events/msg-ex70-execution-advice-commodity-swap-classification-termination-esma-emir-refit.xml,Fail_MappedNone,termination.originalTrade.tradeHeader.partyTradeInformation(1).reportingRegime(2).name,termination.originalTrade.tradeHeader.partyTradeInformation.reportingRegime.name,0,,Element with value JFSA could not be mapped to a rosettaField
cdm-sample-files/events/msg-ex70-execution-advice-commodity-swap-classification-termination-esma-emir-refit.xml,Fail_MappedNone,termination.originalTrade.commoditySwap.floatingLeg.masterAgreementPaymentDates,termination.originalTrade.commoditySwap.floatingLeg.masterAgreementPaymentDates,0,,Element with value true could not be mapped to a rosettaField
cdm-sample-files/events/msg-ex70-execution-advice-commodity-swap-classification-termination-esma-emir-refit.xml,Fail_MappedNone,termination.originalTrade.commoditySwap.oilPhysicalLeg.deliveryQuantity.totalPhysicalQuantity.quantityUnit,termination.originalTrade.commoditySwap.oilPhysicalLeg.deliveryQuantity.totalPhysicalQuantity.quantityUnit,0,,Element with value BBL could not be mapped to a rosettaField
cdm-sample-files/events/msg-ex70-execution-advice-commodity-swap-classification-termination-esma-emir-refit.xml,Fail_MappedNone,termination.originalTrade.commoditySwap.oilPhysicalLeg.deliveryConditions.pipeline.pipelineName[pipelineScheme=http://www.PartyA.com/pipeline-scheme-1-0].pipelineScheme,termination.originalTrade.commoditySwap.oilPhysicalLeg.deliveryConditions.pipeline.pipelineName[pipelineScheme=http://www.PartyA.com/pipeline-scheme-1-0].pipelineScheme,0,,Element with value http://www.PartyA.com/pipeline-scheme-1-0 could not be mapped to a rosettaField
cdm-sample-files/events/msg-ex70-execution-advice-commodity-swap-classification-termination-esma-emir-refit.xml,Fail_MappedNone,termination.outstandingNumberOfUnits,termination.outstandingNumberOfUnits,0,,Element with value 0 could not be mapped to a rosettaField
cdm-sample-files/events/msg-ex70-execution-advice-commodity-swap-classification-termination-esma-emir-refit.xml,Fail_MappedNone,termination.originalTrade.tradeHeader.partyTradeInformation(1).reportingRegime(3).reportingRole,termination.originalTrade.tradeHeader.partyTradeInformation.reportingRegime.reportingRole,0,,Element with value ReportingParty could not be mapped to a rosettaField
cdm-sample-files/events/msg-ex70-execution-advice-commodity-swap-classification-termination-esma-emir-refit.xml,Fail_MappedNone,termination.originalTrade.tradeHeader.partyTradeInformation(1).reportingRegime(4).mandatorilyClearable,termination.originalTrade.tradeHeader.partyTradeInformation.reportingRegime.mandatorilyClearable,0,,Element with value false could not be mapped to a rosettaField
cdm-sample-files/events/msg-ex70-execution-advice-commodity-swap-classification-termination-esma-emir-refit.xml,Fail_MappedNone,termination.originalTrade.tradeHeader.partyTradeInformation(1).reportingRegime(4).supervisorRegistration.supervisoryBody,termination.originalTrade.tradeHeader.partyTradeInformation.reportingRegime.supervisorRegistration.supervisoryBody,0,,Element with value HKMA could not be mapped to a rosettaField
cdm-sample-files/events/msg-ex70-execution-advice-commodity-swap-classification-termination-esma-emir-refit.xml,Fail_MappedNone,termination.originalTrade.tradeHeader.partyTradeInformation(0).reportingRegime(0).entityClassification[entityClassificationScheme=http://www.fpml.org/coding-scheme/esma-entity-classification].entityClassificationScheme,termination.originalTrade.tradeHeader.partyTradeInformation.reportingRegime.entityClassification[entityClassificationScheme=http://www.fpml.org/coding-scheme/esma-entity-classification].entityClassificationScheme,0,,Element with value http://www.fpml.org/coding-scheme/esma-entity-classification could not be mapped to a rosettaField
cdm-sample-files/events/msg-ex70-execution-advice-commodity-swap-classification-termination-esma-emir-refit.xml,Fail_MappedNone,termination.originalTrade.tradeHeader.partyTradeInformation(0).reportingRegime(3).name,termination.originalTrade.tradeHeader.partyTradeInformation.reportingRegime.name,0,,Element with value CSA could not be mapped to a rosettaField
cdm-sample-files/events/msg-ex70-execution-advice-commodity-swap-classification-termination-esma-emir-refit.xml,Fail_MappedNone,termination.originalTrade.tradeHeader.partyTradeInformation(0).reportingRegime(1).reportingRole,termination.originalTrade.tradeHeader.partyTradeInformation.reportingRegime.reportingRole,0,,Element with value ReportingParty could not be mapped to a rosettaField
cdm-sample-files/events/msg-ex70-execution-advice-commodity-swap-classification-termination-esma-emir-refit.xml,Fail_MappedNone,termination.originalTrade.tradeHeader.partyTradeInformation(0).reportingRegime(3).mandatorilyClearable,termination.originalTrade.tradeHeader.partyTradeInformation.reportingRegime.mandatorilyClearable,0,,Element with value false could not be mapped to a rosettaField
cdm-sample-files/events/msg-ex70-execution-advice-commodity-swap-classification-termination-esma-emir-refit.xml,Fail_MappedNone,header.sentBy[messageAddressScheme=http://www.fpml.org/ext/iso9362].messageAddressScheme,header.sentBy[messageAddressScheme=http://www.fpml.org/ext/iso9362].messageAddressScheme,0,,Element with value http://www.fpml.org/ext/iso9362 could not be mapped to a rosettaField
cdm-sample-files/events/msg-ex70-execution-advice-commodity-swap-classification-termination-esma-emir-refit.xml,Fail_MappedNone,termination.originalTrade.commoditySwap.oilPhysicalLeg.deliveryQuantity.physicalQuantity[id=deliveryQuantity].id,termination.originalTrade.commoditySwap.oilPhysicalLeg.deliveryQuantity.physicalQuantity[id=deliveryQuantity].id,0,,Element with value deliveryQuantity could not be mapped to a rosettaField
cdm-sample-files/events/msg-ex70-execution-advice-commodity-swap-classification-termination-esma-emir-refit.xml,Fail_MappedNone,termination.originalTrade.commoditySwap.oilPhysicalLeg.deliveryConditions.pipeline.withdrawalPoint[deliveryPointScheme=http://www.PartyA.com/delivery-point-scheme-oil-1-0],termination.originalTrade.commoditySwap.oilPhysicalLeg.deliveryConditions.pipeline.withdrawalPoint[deliveryPointScheme=http://www.PartyA.com/delivery-point-scheme-oil-1-0],0,,Element with value Cushing could not be mapped to a rosettaField
cdm-sample-files/events/msg-ex70-execution-advice-commodity-swap-classification-termination-esma-emir-refit.xml,Fail_MappedNone,termination.originalTrade.tradeHeader.partyTradeInformation(1).reportingRegime(4).reportingRole,termination.originalTrade.tradeHeader.partyTradeInformation.reportingRegime.reportingRole,0,,Element with value ReportingParty could not be mapped to a rosettaField
cdm-sample-files/events/msg-ex70-execution-advice-commodity-swap-classification-termination-esma-emir-refit.xml,Fail_MappedNone,termination.originalTrade.tradeHeader.partyTradeInformation(0).reportingRegime(3).supervisorRegistration.supervisoryBody,termination.originalTrade.tradeHeader.partyTradeInformation.reportingRegime.supervisorRegistration.supervisoryBody,0,,Element with value CA.AB.ASC could not be mapped to a rosettaField
cdm-sample-files/events/msg-ex70-execution-advice-commodity-swap-classification-termination-esma-emir-refit.xml,Fail_MappedNone,party(0)[id=partyA].classification(1)[industryClassificationScheme=http://www.fpml.org/coding-scheme/hkma-rewrite-regulatory-corporate-sector],party[id=partyA].classification[industryClassificationScheme=http://www.fpml.org/coding-scheme/hkma-rewrite-regulatory-corporate-sector],0,,Element with value CDTI could not be mapped to a rosettaField
cdm-sample-files/events/msg-ex70-execution-advice-commodity-swap-classification-termination-esma-emir-refit.xml,Fail_MappedNone,termination.originalTrade.tradeHeader.partyTradeInformation(0).reportingRegime(2).name,termination.originalTrade.tradeHeader.partyTradeInformation.reportingRegime.name,0,,Element with value JFSA could not be mapped to a rosettaField
cdm-sample-files/events/msg-ex70-execution-advice-commodity-swap-classification-termination-esma-emir-refit.xml,Fail_MappedNone,termination.originalTrade.tradeHeader.partyTradeInformation(0).reportingRegime(2).reportingRole,termination.originalTrade.tradeHeader.partyTradeInformation.reportingRegime.reportingRole,0,,Element with value ReportingParty could not be mapped to a rosettaField
cdm-sample-files/events/msg-ex70-execution-advice-commodity-swap-classification-termination-esma-emir-refit.xml,Fail_MappedNone,termination.originalTrade.commoditySwap.oilPhysicalLeg.oil.type,termination.originalTrade.commoditySwap.oilPhysicalLeg.oil.type,0,,Element with value Oil could not be mapped to a rosettaField
cdm-sample-files/events/msg-ex70-execution-advice-commodity-swap-classification-termination-esma-emir-refit.xml,Fail_MappedNone,termination.originalTrade.tradeHeader.partyTradeInformation(0).reportingRegime(4).mandatorilyClearable,termination.originalTrade.tradeHeader.partyTradeInformation.reportingRegime.mandatorilyClearable,0,,Element with value false could not be mapped to a rosettaField
cdm-sample-files/events/msg-ex70-execution-advice-commodity-swap-classification-termination-esma-emir-refit.xml,Fail_MappedNone,termination.originalTrade.tradeHeader.partyTradeInformation(1).reportingRegime(0).exceedsClearingThreshold,termination.originalTrade.tradeHeader.partyTradeInformation.reportingRegime.exceedsClearingThreshold,0,,Element with value true could not be mapped to a rosettaField
cdm-sample-files/events/msg-ex70-execution-advice-commodity-swap-classification-termination-esma-emir-refit.xml,Fail_MappedNone,termination.originalTrade.tradeHeader.partyTradeInformation(0).reportingRegime(1).entityClassification[entityClassificationScheme=http://www.fpml.org/coding-scheme/esma-entity-classification].entityClassificationScheme,termination.originalTrade.tradeHeader.partyTradeInformation.reportingRegime.entityClassification[entityClassificationScheme=http://www.fpml.org/coding-scheme/esma-entity-classification].entityClassificationScheme,0,,Element with value http://www.fpml.org/coding-scheme/esma-entity-classification could not be mapped to a rosettaField
cdm-sample-files/events/msg-ex70-execution-advice-commodity-swap-classification-termination-esma-emir-refit.xml,Fail_MappedNone,termination.originalTrade.tradeHeader.partyTradeInformation(1).reportingRegime(4).name,termination.originalTrade.tradeHeader.partyTradeInformation.reportingRegime.name,0,,Element with value HKTR could not be mapped to a rosettaField
cdm-sample-files/events/msg-ex70-execution-advice-commodity-swap-classification-termination-esma-emir-refit.xml,Fail_MappedNone,termination.originalTrade.tradeHeader.partyTradeInformation(1).reportingRegime(0).supervisorRegistration.supervisoryBody,termination.originalTrade.tradeHeader.partyTradeInformation.reportingRegime.supervisorRegistration.supervisoryBody,0,,Element with value ESMA could not be mapped to a rosettaField
cdm-sample-files/events/msg-ex70-execution-advice-commodity-swap-classification-termination-esma-emir-refit.xml,Fail_MappedNone,termination.originalTrade.tradeHeader.partyTradeInformation(1).reportingRegime(1).reportingRole,termination.originalTrade.tradeHeader.partyTradeInformation.reportingRegime.reportingRole,0,,Element with value ReportingParty could not be mapped to a rosettaField
cdm-sample-files/events/msg-ex70-execution-advice-commodity-swap-classification-termination-esma-emir-refit.xml,Success,termination.originalTrade.commoditySwap.oilPhysicalLeg.commodityClassification(0).code(1)[commodityClassificationScheme=http://www.fpml.org/coding-scheme/isda-layer-2-commodity-classification],termination.originalTrade.commoditySwap.oilPhysicalLeg.commodityClassification.code[commodityClassificationScheme=http://www.fpml.org/coding-scheme/isda-layer-2-commodity-classification],1,"ReportableEvent.originatingWorkflowStep.proposedEvent.instruction(0).before.value.trade.tradeLot(0).priceQuantity(1).observable.value.Asset.Commodity.taxonomy(0).value.classification(1).value=[Energy, NRGY, OILP, Oil, OilWTI, WTIO]",had no destination
cdm-sample-files/events/msg-ex70-execution-advice-commodity-swap-classification-termination-esma-emir-refit.xml,Fail_MappedNone,termination.originalTrade.tradeHeader.partyTradeInformation(1).reportingRegime(0).reportingPurpose,termination.originalTrade.tradeHeader.partyTradeInformation.reportingRegime.reportingPurpose,0,,Element with value PrimaryEconomicTerms could not be mapped to a rosettaField
cdm-sample-files/events/msg-ex70-execution-advice-commodity-swap-classification-termination-esma-emir-refit.xml,Fail_MappedNone,party(1)[id=partyB].classification(1)[industryClassificationScheme=http://www.fpml.org/coding-scheme/hkma-rewrite-regulatory-corporate-sector],party[id=partyB].classification[industryClassificationScheme=http://www.fpml.org/coding-scheme/hkma-rewrite-regulatory-corporate-sector],0,,Element with value CSDS could not be mapped to a rosettaField
cdm-sample-files/events/msg-ex70-execution-advice-commodity-swap-classification-termination-esma-emir-refit.xml,Fail_MappedNone,termination.originalTrade.tradeHeader.partyTradeInformation(1).reportingRegime(3).entityClassification[entityClassificationScheme=http://www.fpml.org/coding-scheme/cftc-entity-classification].entityClassificationScheme,termination.originalTrade.tradeHeader.partyTradeInformation.reportingRegime.entityClassification[entityClassificationScheme=http://www.fpml.org/coding-scheme/cftc-entity-classification].entityClassificationScheme,0,,Element with value http://www.fpml.org/coding-scheme/cftc-entity-classification could not be mapped to a rosettaField
cdm-sample-files/events/msg-ex70-execution-advice-commodity-swap-classification-termination-esma-emir-refit.xml,Success,termination.originalTrade.tradeHeader.partyTradeIdentifier(1).linkId[linkIdScheme=http://www.fpml.org/coding-scheme/external/compression-link-identifier].linkIdScheme,termination.originalTrade.tradeHeader.partyTradeIdentifier.linkId[linkIdScheme=http://www.fpml.org/coding-scheme/external/compression-link-identifier].linkIdScheme,0,,no destination
cdm-sample-files/events/msg-ex70-execution-advice-commodity-swap-classification-termination-esma-emir-refit.xml,Success,termination.originalTrade.commoditySwap.oilPhysicalLeg.commodityClassification(0).code(0)[commodityClassificationScheme=http://www.fpml.org/coding-scheme/isda-layer-1-commodity-classification],termination.originalTrade.commoditySwap.oilPhysicalLeg.commodityClassification.code[commodityClassificationScheme=http://www.fpml.org/coding-scheme/isda-layer-1-commodity-classification],2,"ReportableEvent.originatingWorkflowStep.proposedEvent.instruction(0).before.value.trade.tradeLot(0).priceQuantity(1).observable.value.Asset.Commodity.taxonomy(0).value.classification(0).value=[Energy, NRGY, OILP, Oil, OilWTI, WTIO]
ReportableEvent.originatingWorkflowStep.proposedEvent.instruction(0).before.value.trade.product.economicTerms.payout(1).SettlementPayout.underlier.Observable.reference=[null]",had no destination
cdm-sample-files/events/msg-ex70-execution-advice-commodity-swap-classification-termination-esma-emir-refit.xml,Success,termination.originalTrade.commoditySwap.oilPhysicalLeg.commodityClassification(1).code(2)[commodityClassificationScheme=http://www.fpml.org/coding-scheme/esma-emir-refit-layer-3-commodity-classification],termination.originalTrade.commoditySwap.oilPhysicalLeg.commodityClassification.code[commodityClassificationScheme=http://www.fpml.org/coding-scheme/esma-emir-refit-layer-3-commodity-classification],1,"ReportableEvent.originatingWorkflowStep.proposedEvent.instruction(0).before.value.trade.tradeLot(0).priceQuantity(1).observable.value.Asset.Commodity.taxonomy(1).value.classification(2).value=[Energy, NRGY, OILP, Oil, OilWTI, WTIO]",had no destination
cdm-sample-files/events/msg-ex70-execution-advice-commodity-swap-classification-termination-esma-emir-refit.xml,Fail_MappedNone,party(0)[id=partyA].classification(0)[industryClassificationScheme=http://www.fpml.org/coding-scheme/esma-emir-refit-regulatory-corporate-sector],party[id=partyA].classification[industryClassificationScheme=http://www.fpml.org/coding-scheme/esma-emir-refit-regulatory-corporate-sector],0,,Element with value CDTI could not be mapped to a rosettaField
cdm-sample-files/events/msg-ex70-execution-advice-commodity-swap-classification-termination-esma-emir-refit.xml,Fail_MappedNone,termination.originalTrade.tradeHeader.partyTradeInformation(0).reportingRegime(4).entityClassification,termination.originalTrade.tradeHeader.partyTradeInformation.reportingRegime.entityClassification,0,,Element with value Financial could not be mapped to a rosettaField
cdm-sample-files/events/msg-ex70-execution-advice-commodity-swap-classification-termination-esma-emir-refit.xml,Fail_MappedNone,party(1)[id=partyB].organizationType(0)[organizationTypeScheme=http://www.fpml.org/coding-scheme/organization-type].organizationTypeScheme,party[id=partyB].organizationType[organizationTypeScheme=http://www.fpml.org/coding-scheme/organization-type].organizationTypeScheme,0,,Element with value http://www.fpml.org/coding-scheme/organization-type could not be mapped to a rosettaField
cdm-sample-files/events/msg-ex70-execution-advice-commodity-swap-classification-termination-esma-emir-refit.xml,Fail_MappedNone,termination.originalTrade.tradeHeader.partyTradeInformation(0).reportingRegime(4).supervisorRegistration.supervisoryBody,termination.originalTrade.tradeHeader.partyTradeInformation.reportingRegime.supervisorRegistration.supervisoryBody,0,,Element with value HKMA could not be mapped to a rosettaField
cdm-sample-files/events/msg-ex70-execution-advice-commodity-swap-classification-termination-esma-emir-refit.xml,Fail_MappedMultiple,party(0)[id=partyA].partyId[partyIdScheme=http://www.fpml.org/coding-scheme/external/iso17442].partyIdScheme,party[id=partyA].partyId[partyIdScheme=http://www.fpml.org/coding-scheme/external/iso17442].partyIdScheme,2,ReportableEvent.originatingWorkflowStep.proposedEvent.instruction(0).before.value.trade.party(0).partyId(0).identifierType=[LEI] ReportableEvent.originatingWorkflowStep.proposedEvent.instruction(0).before.value.trade.party(0).partyId(0).identifier.meta.scheme=[http://www.fpml.org/coding-scheme/external/iso17442],Element mapped to multiple rosettaFields
cdm-sample-files/events/msg-ex70-execution-advice-commodity-swap-classification-termination-esma-emir-refit.xml,Fail_MappedNone,termination.originalTrade.tradeHeader.partyTradeInformation(1).reportingRegime(2).reportingRole,termination.originalTrade.tradeHeader.partyTradeInformation.reportingRegime.reportingRole,0,,Element with value ReportingParty could not be mapped to a rosettaField
cdm-sample-files/events/msg-ex70-execution-advice-commodity-swap-classification-termination-esma-emir-refit.xml,Success,termination.originalTrade.commoditySwap.oilPhysicalLeg.commodityClassification(1).code(1)[commodityClassificationScheme=http://www.fpml.org/coding-scheme/esma-emir-refit-layer-2-commodity-classification],termination.originalTrade.commoditySwap.oilPhysicalLeg.commodityClassification.code[commodityClassificationScheme=http://www.fpml.org/coding-scheme/esma-emir-refit-layer-2-commodity-classification],1,"ReportableEvent.originatingWorkflowStep.proposedEvent.instruction(0).before.value.trade.tradeLot(0).priceQuantity(1).observable.value.Asset.Commodity.taxonomy(1).value.classification(1).value=[Energy, NRGY, OILP, Oil, OilWTI, WTIO]",had no destination
cdm-sample-files/events/msg-ex70-execution-advice-commodity-swap-classification-termination-esma-emir-refit.xml,Fail_MappedNone,termination.originalTrade.tradeHeader.partyTradeInformation(0).reportingRegime(4).name,termination.originalTrade.tradeHeader.partyTradeInformation.reportingRegime.name,0,,Element with value HKTR could not be mapped to a rosettaField
cdm-sample-files/events/msg-ex70-execution-advice-commodity-swap-classification-termination-esma-emir-refit.xml,Fail_MappedNone,party(0)[id=partyA].organizationType(0)[organizationTypeScheme=http://www.fpml.org/coding-scheme/organization-type].organizationTypeScheme,party[id=partyA].organizationType[organizationTypeScheme=http://www.fpml.org/coding-scheme/organization-type].organizationTypeScheme,0,,Element with value http://www.fpml.org/coding-scheme/organization-type could not be mapped to a rosettaField
cdm-sample-files/events/msg-ex70-execution-advice-commodity-swap-classification-termination-esma-emir-refit.xml,Fail_MappedNone,termination.originalTrade.tradeHeader.partyTradeInformation(1).reportingRegime(4).entityClassification,termination.originalTrade.tradeHeader.partyTradeInformation.reportingRegime.entityClassification,0,,Element with value Financial could not be mapped to a rosettaField
cdm-sample-files/events/msg-ex70-execution-advice-commodity-swap-classification-termination-esma-emir-refit.xml,Fail_MappedMultiple,party(1)[id=partyB].partyId[partyIdScheme=http://www.fpml.org/coding-scheme/external/iso17442].partyIdScheme,party[id=partyB].partyId[partyIdScheme=http://www.fpml.org/coding-scheme/external/iso17442].partyIdScheme,2,ReportableEvent.originatingWorkflowStep.proposedEvent.instruction(0).before.value.trade.party(1).partyId(0).identifier.meta.scheme=[http://www.fpml.org/coding-scheme/external/iso17442] ReportableEvent.originatingWorkflowStep.proposedEvent.instruction(0).before.value.trade.party(1).partyId(0).identifierType=[LEI],Element mapped to multiple rosettaFields
cdm-sample-files/events/msg-ex70-execution-advice-commodity-swap-classification-termination-esma-emir-refit.xml,Fail_MappedNone,termination.originalTrade.tradeHeader.partyTradeInformation(1).reportingRegime(1).reportingPurpose,termination.originalTrade.tradeHeader.partyTradeInformation.reportingRegime.reportingPurpose,0,,Element with value PrimaryEconomicTerms could not be mapped to a rosettaField
cdm-sample-files/events/msg-ex70-execution-advice-commodity-swap-classification-termination-esma-emir-refit.xml,Fail_MappedNone,termination.originalTrade.commoditySwap.oilPhysicalLeg.deliveryQuantity.physicalQuantity[id=deliveryQuantity].quantity,termination.originalTrade.commoditySwap.oilPhysicalLeg.deliveryQuantity.physicalQuantity[id=deliveryQuantity].quantity,0,,Element with value 10000.0 could not be mapped to a rosettaField
cdm-sample-files/events/msg-ex70-execution-advice-commodity-swap-classification-termination-esma-emir-refit.xml,Fail_MappedNone,termination.originalTrade.commoditySwap.oilPhysicalLeg.deliveryConditions.pipeline.deliverableByBarge,termination.originalTrade.commoditySwap.oilPhysicalLeg.deliveryConditions.pipeline.deliverableByBarge,0,,Element with value false could not be mapped to a rosettaField
cdm-sample-files/events/msg-ex70-execution-advice-commodity-swap-classification-termination-esma-emir-refit.xml,Fail_MappedNone,termination.originalTrade.tradeHeader.partyTradeInformation(0).reportingRegime(0).reportingRole,termination.originalTrade.tradeHeader.partyTradeInformation.reportingRegime.reportingRole,0,,Element with value ReportingParty could not be mapped to a rosettaField
cdm-sample-files/events/msg-ex70-execution-advice-commodity-swap-classification-termination-esma-emir-refit.xml,Fail_MappedNone,sequenceNumber,sequenceNumber,0,,Element with value 2 could not be mapped to a rosettaField
cdm-sample-files/events/msg-ex70-execution-advice-commodity-swap-classification-termination-esma-emir-refit.xml,Success,termination.originalTrade.commoditySwap.oilPhysicalLeg.commodityClassification(1).code(0)[commodityClassificationScheme=http://www.fpml.org/coding-scheme/esma-emir-refit-layer-1-commodity-classification],termination.originalTrade.commoditySwap.oilPhysicalLeg.commodityClassification.code[commodityClassificationScheme=http://www.fpml.org/coding-scheme/esma-emir-refit-layer-1-commodity-classification],1,"ReportableEvent.originatingWorkflowStep.proposedEvent.instruction(0).before.value.trade.tradeLot(0).priceQuantity(1).observable.value.Asset.Commodity.taxonomy(1).value.classification(0).value=[Energy, NRGY, OILP, Oil, OilWTI, WTIO]",had no destination
cdm-sample-files/events/msg-ex70-execution-advice-commodity-swap-classification-termination-esma-emir-refit.xml,Fail_MappedNone,termination.originalTrade.tradeHeader.partyTradeInformation(0).reportingRegime(3).entityClassification[entityClassificationScheme=http://www.fpml.org/coding-scheme/cftc-entity-classification],termination.originalTrade.tradeHeader.partyTradeInformation.reportingRegime.entityClassification[entityClassificationScheme=http://www.fpml.org/coding-scheme/cftc-entity-classification],0,,Element with value SBSD could not be mapped to a rosettaField
cdm-sample-files/events/msg-ex70-execution-advice-commodity-swap-classification-termination-esma-emir-refit.xml,Fail_MappedNone,party(1)[id=partyB].classification(0)[industryClassificationScheme=http://www.fpml.org/coding-scheme/esma-emir-refit-regulatory-corporate-sector],party[id=partyB].classification[industryClassificationScheme=http://www.fpml.org/coding-scheme/esma-emir-refit-regulatory-corporate-sector],0,,Element with value CSDS could not be mapped to a rosettaField
cdm-sample-files/events/msg-ex70-execution-advice-commodity-swap-classification-termination-esma-emir-refit.xml,Fail_MappedNone,party(1)[id=partyB].organizationType(1)[organizationTypeScheme=http://www.fpml.org/coding-scheme/cftc-organization-type].organizationTypeScheme,party[id=partyB].organizationType[organizationTypeScheme=http://www.fpml.org/coding-scheme/cftc-organization-type].organizationTypeScheme,0,,Element with value http://www.fpml.org/coding-scheme/cftc-organization-type could not be mapped to a rosettaField
cdm-sample-files/events/partial-novation-new-trade.xml,Fail_MappedNone,novation.oldTrade.tradeHeader.partyTradeInformation(0).reportingRegime(1).mandatorilyClearable,novation.oldTrade.tradeHeader.partyTradeInformation.reportingRegime.mandatorilyClearable,0,,Element with value false could not be mapped to a rosettaField
cdm-sample-files/events/partial-novation-new-trade.xml,Fail_MappedNone,novation.eventIdentifier(0).eventId,novation.eventIdentifier.eventId,0,,Element with value 123 could not be mapped to a rosettaField
cdm-sample-files/events/partial-novation-new-trade.xml,Fail_MappedNone,novation.oldTrade.tradeHeader.partyTradeInformation(0).reportingRegime(0).reportingRole,novation.oldTrade.tradeHeader.partyTradeInformation.reportingRegime.reportingRole,0,,Element with value ReportingParty could not be mapped to a rosettaField
cdm-sample-files/events/partial-novation-new-trade.xml,Fail_MappedNone,correlationId[correlationIdScheme=http://fpml.org/submitter_event_id].correlationIdScheme,correlationId[correlationIdScheme=http://fpml.org/submitter_event_id].correlationIdScheme,0,,Element with value http://fpml.org/submitter_event_id could not be mapped to a rosettaField
cdm-sample-files/events/partial-novation-new-trade.xml,Fail_MappedNone,novation.oldTrade.tradeHeader.partyTradeInformation(0).offMarketPrice,novation.oldTrade.tradeHeader.partyTradeInformation.offMarketPrice,0,,Element with value false could not be mapped to a rosettaField
cdm-sample-files/events/partial-novation-new-trade.xml,Fail_MappedNone,novation.oldTrade.tradeHeader.partyTradeInformation(1).reportingRegime(2).supervisorRegistration.supervisoryBody,novation.oldTrade.tradeHeader.partyTradeInformation.reportingRegime.supervisorRegistration.supervisoryBody,0,,Element with value JFSA could not be mapped to a rosettaField
cdm-sample-files/events/partial-novation-new-trade.xml,Fail_MappedNone,novation.oldTrade.tradeHeader.partyTradeInformation(0).reportingRegime(2).name,novation.oldTrade.tradeHeader.partyTradeInformation.reportingRegime.name,0,,Element with value JFSA could not be mapped to a rosettaField
cdm-sample-files/events/partial-novation-new-trade.xml,Fail_MappedNone,novation.oldTrade.tradeHeader.partyTradeInformation(0).reportingRegime(3).entityClassification[entityClassificationScheme=http://www.fpml.org/coding-scheme/cftc-entity-classification].entityClassificationScheme,novation.oldTrade.tradeHeader.partyTradeInformation.reportingRegime.entityClassification[entityClassificationScheme=http://www.fpml.org/coding-scheme/cftc-entity-classification].entityClassificationScheme,0,,Element with value http://www.fpml.org/coding-scheme/cftc-entity-classification could not be mapped to a rosettaField
cdm-sample-files/events/partial-novation-new-trade.xml,Fail_MappedNone,party(1)[id=party2].classification(0)[industryClassificationScheme=http://www.fpml.org/coding-scheme/esma-emir-refit-regulatory-corporate-sector].industryClassificationScheme,party[id=party2].classification[industryClassificationScheme=http://www.fpml.org/coding-scheme/esma-emir-refit-regulatory-corporate-sector].industryClassificationScheme,0,,Element with value http://www.fpml.org/coding-scheme/esma-emir-refit-regulatory-corporate-sector could not be mapped to a rosettaField
cdm-sample-files/events/partial-novation-new-trade.xml,Fail_MappedNone,novation.oldTrade.tradeHeader.partyTradeInformation(2).reportingRegime.exceedsClearingThreshold,novation.oldTrade.tradeHeader.partyTradeInformation.reportingRegime.exceedsClearingThreshold,0,,Element with value true could not be mapped to a rosettaField
cdm-sample-files/events/partial-novation-new-trade.xml,Fail_MappedNone,novation.oldTrade.tradeHeader.partyTradeInformation(1).reportingRegime(1).reportingRole,novation.oldTrade.tradeHeader.partyTradeInformation.reportingRegime.reportingRole,0,,Element with value ReportingParty could not be mapped to a rosettaField
cdm-sample-files/events/partial-novation-new-trade.xml,Fail_MappedNone,novation.oldTrade.tradeHeader.partyTradeInformation(1).reportingRegime(4).name,novation.oldTrade.tradeHeader.partyTradeInformation.reportingRegime.name,0,,Element with value HKTR could not be mapped to a rosettaField
cdm-sample-files/events/partial-novation-new-trade.xml,Fail_MappedNone,novation.executionDateTime,novation.executionDateTime,0,,Element with value 2011-06-01T11:12:27Z could not be mapped to a rosettaField
cdm-sample-files/events/partial-novation-new-trade.xml,Fail_MappedNone,novation.oldTrade.tradeHeader.partyTradeInformation(0).reportingRegime(0).mandatorilyClearable,novation.oldTrade.tradeHeader.partyTradeInformation.reportingRegime.mandatorilyClearable,0,,Element with value false could not be mapped to a rosettaField
cdm-sample-files/events/partial-novation-new-trade.xml,Fail_MappedNone,novation.oldTrade.tradeHeader.partyTradeInformation(0).reportingRegime(1).reportingRole,novation.oldTrade.tradeHeader.partyTradeInformation.reportingRegime.reportingRole,0,,Element with value ReportingParty could not be mapped to a rosettaField
cdm-sample-files/events/partial-novation-new-trade.xml,Fail_MappedNone,novation.oldTrade.tradeHeader.partyTradeInformation(0).reportingRegime(1).name,novation.oldTrade.tradeHeader.partyTradeInformation.reportingRegime.name,0,,Element with value UKEMIR could not be mapped to a rosettaField
cdm-sample-files/events/partial-novation-new-trade.xml,Fail_MappedNone,party(1)[id=party2].classification(1)[industryClassificationScheme=http://www.fpml.org/coding-scheme/hkma-rewrite-regulatory-corporate-sector].industryClassificationScheme,party[id=party2].classification[industryClassificationScheme=http://www.fpml.org/coding-scheme/hkma-rewrite-regulatory-corporate-sector].industryClassificationScheme,0,,Element with value http://www.fpml.org/coding-scheme/hkma-rewrite-regulatory-corporate-sector could not be mapped to a rosettaField
cdm-sample-files/events/partial-novation-new-trade.xml,Fail_MappedNone,novation.oldTrade.tradeHeader.partyTradeInformation(2).reportingRegime.entityClassification[entityClassificationScheme=http://www.fpml.org/coding-scheme/esma-entity-classification].entityClassificationScheme,novation.oldTrade.tradeHeader.partyTradeInformation.reportingRegime.entityClassification[entityClassificationScheme=http://www.fpml.org/coding-scheme/esma-entity-classification].entityClassificationScheme,0,,Element with value http://www.fpml.org/coding-scheme/esma-entity-classification could not be mapped to a rosettaField
cdm-sample-files/events/partial-novation-new-trade.xml,Fail_MappedNone,novation.oldTrade.tradeHeader.partyTradeInformation(0).reportingRegime(0).supervisorRegistration.supervisoryBody,novation.oldTrade.tradeHeader.partyTradeInformation.reportingRegime.supervisorRegistration.supervisoryBody,0,,Element with value ESMA could not be mapped to a rosettaField
cdm-sample-files/events/partial-novation-new-trade.xml,Fail_MappedNone,novation.oldTrade.tradeHeader.partyTradeInformation(1).reportingRegime(1).mandatorilyClearable,novation.oldTrade.tradeHeader.partyTradeInformation.reportingRegime.mandatorilyClearable,0,,Element with value false could not be mapped to a rosettaField
cdm-sample-files/events/partial-novation-new-trade.xml,Fail_MappedNone,party(0)[id=party1].organizationType,party[id=party1].organizationType,0,,Element with value SD could not be mapped to a rosettaField
cdm-sample-files/events/partial-novation-new-trade.xml,Fail_MappedNone,novation.oldTrade.tradeHeader.partyTradeInformation(1).reportingRegime(2).reportingRole,novation.oldTrade.tradeHeader.partyTradeInformation.reportingRegime.reportingRole,0,,Element with value ReportingParty could not be mapped to a rosettaField
cdm-sample-files/events/partial-novation-new-trade.xml,Fail_MappedNone,novation.remainingParty[href=party2].href,novation.remainingParty[href=party2].href,0,,Element with value party2 could not be mapped to a rosettaField
cdm-sample-files/events/partial-novation-new-trade.xml,Fail_MappedNone,novation.oldTrade.tradeHeader.partyTradeInformation(1).reportingRegime(1).supervisorRegistration.supervisoryBody,novation.oldTrade.tradeHeader.partyTradeInformation.reportingRegime.supervisorRegistration.supervisoryBody,0,,Element with value FCA could not be mapped to a rosettaField
cdm-sample-files/events/partial-novation-new-trade.xml,Fail_MappedMultiple,party(2)[id=party3].partyId[partyIdScheme=http://www.fpml.org/coding-scheme/external/iso17442].partyIdScheme,party[id=party3].partyId[partyIdScheme=http://www.fpml.org/coding-scheme/external/iso17442].partyIdScheme,2,ReportableEvent.originatingWorkflowStep.proposedEvent.instruction(0).before.value.trade.party(2).partyId(0).identifierType=[LEI] ReportableEvent.originatingWorkflowStep.proposedEvent.instruction(0).before.value.trade.party(2).partyId(0).identifier.meta.scheme=[http://www.fpml.org/coding-scheme/external/iso17442],Element mapped to multiple rosettaFields
cdm-sample-files/events/partial-novation-new-trade.xml,Fail_MappedNone,novation.oldTrade.tradeHeader.partyTradeInformation(0).reportingRegime(4).entityClassification,novation.oldTrade.tradeHeader.partyTradeInformation.reportingRegime.entityClassification,0,,Element with value Financial could not be mapped to a rosettaField
cdm-sample-files/events/partial-novation-new-trade.xml,Fail_MappedNone,novation.oldTrade.tradeHeader.partyTradeInformation(1).reportingRegime(3).name,novation.oldTrade.tradeHeader.partyTradeInformation.reportingRegime.name,0,,Element with value CSA could not be mapped to a rosettaField
cdm-sample-files/events/partial-novation-new-trade.xml,Fail_MappedNone,novation.oldTrade.tradeHeader.partyTradeInformation(0).reportingRegime(4).name,novation.oldTrade.tradeHeader.partyTradeInformation.reportingRegime.name,0,,Element with value HKTR could not be mapped to a rosettaField
cdm-sample-files/events/partial-novation-new-trade.xml,Fail_MappedMultiple,party(3)[id=broker1].partyId[partyIdScheme=http://www.fpml.org/coding-scheme/external/iso17442].partyIdScheme,party[id=broker1].partyId[partyIdScheme=http://www.fpml.org/coding-scheme/external/iso17442].partyIdScheme,2,ReportableEvent.originatingWorkflowStep.proposedEvent.instruction(0).before.value.trade.party(3).partyId(0).identifierType=[LEI] ReportableEvent.originatingWorkflowStep.proposedEvent.instruction(0).before.value.trade.party(3).partyId(0).identifier.meta.scheme=[http://www.fpml.org/coding-scheme/external/iso17442],Element mapped to multiple rosettaFields
cdm-sample-files/events/partial-novation-new-trade.xml,Fail_MappedNone,novation.oldTrade.tradeHeader.partyTradeInformation(1).reportingRegime(4).entityClassification,novation.oldTrade.tradeHeader.partyTradeInformation.reportingRegime.entityClassification,0,,Element with value Financial could not be mapped to a rosettaField
cdm-sample-files/events/partial-novation-new-trade.xml,Fail_MappedNone,novation.oldTrade.tradeHeader.partyTradeInformation(0).reportingRegime(2).supervisorRegistration.supervisoryBody,novation.oldTrade.tradeHeader.partyTradeInformation.reportingRegime.supervisorRegistration.supervisoryBody,0,,Element with value JFSA could not be mapped to a rosettaField
cdm-sample-files/events/partial-novation-new-trade.xml,Fail_MappedNone,novation.oldTrade.tradeHeader.partyTradeInformation(1).reportingRegime(0).mandatorilyClearable,novation.oldTrade.tradeHeader.partyTradeInformation.reportingRegime.mandatorilyClearable,0,,Element with value false could not be mapped to a rosettaField
cdm-sample-files/events/partial-novation-new-trade.xml,Fail_MappedNone,party(1)[id=party2].organizationType,party[id=party2].organizationType,0,,Element with value SD could not be mapped to a rosettaField
cdm-sample-files/events/partial-novation-new-trade.xml,Fail_MappedNone,novation.oldTrade.tradeHeader.partyTradeInformation(1).reportingRegime(3).supervisorRegistration.supervisoryBody,novation.oldTrade.tradeHeader.partyTradeInformation.reportingRegime.supervisorRegistration.supervisoryBody,0,,Element with value CA.AB.ASC could not be mapped to a rosettaField
cdm-sample-files/events/partial-novation-new-trade.xml,Fail_MappedNone,onBehalfOf.partyReference[href=party1].href,onBehalfOf.partyReference[href=party1].href,0,,Element with value party1 could not be mapped to a rosettaField
cdm-sample-files/events/partial-novation-new-trade.xml,Fail_MappedNone,novation.oldTrade.tradeHeader.partyTradeInformation(2).reportingRegime.reportingPurpose,novation.oldTrade.tradeHeader.partyTradeInformation.reportingRegime.reportingPurpose,0,,Element with value PrimaryEconomicTerms could not be mapped to a rosettaField
cdm-sample-files/events/partial-novation-new-trade.xml,Fail_MappedNone,novation.eventIdentifier(0).partyReference[href=party1].href,novation.eventIdentifier.partyReference[href=party1].href,0,,Element with value party1 could not be mapped to a rosettaField
cdm-sample-files/events/partial-novation-new-trade.xml,Fail_MappedNone,novation.oldTrade.tradeHeader.partyTradeInformation(0).reportingRegime(3).entityClassification[entityClassificationScheme=http://www.fpml.org/coding-scheme/cftc-entity-classification],novation.oldTrade.tradeHeader.partyTradeInformation.reportingRegime.entityClassification[entityClassificationScheme=http://www.fpml.org/coding-scheme/cftc-entity-classification],0,,Element with value SBSD could not be mapped to a rosettaField
cdm-sample-files/events/partial-novation-new-trade.xml,Fail_MappedNone,party(0)[id=party1].classification(0)[industryClassificationScheme=http://www.fpml.org/coding-scheme/esma-emir-refit-regulatory-corporate-sector].industryClassificationScheme,party[id=party1].classification[industryClassificationScheme=http://www.fpml.org/coding-scheme/esma-emir-refit-regulatory-corporate-sector].industryClassificationScheme,0,,Element with value http://www.fpml.org/coding-scheme/esma-emir-refit-regulatory-corporate-sector could not be mapped to a rosettaField
cdm-sample-files/events/partial-novation-new-trade.xml,Fail_MappedNone,novation.oldTrade.tradeHeader.partyTradeInformation(0).largeSizeTrade,novation.oldTrade.tradeHeader.partyTradeInformation.largeSizeTrade,0,,Element with value false could not be mapped to a rosettaField
cdm-sample-files/events/partial-novation-new-trade.xml,Fail_MappedNone,novation.oldTrade.tradeHeader.partyTradeInformation(0).reportingRegime(1).entityClassification[entityClassificationScheme=http://www.fpml.org/coding-scheme/esma-entity-classification],novation.oldTrade.tradeHeader.partyTradeInformation.reportingRegime.entityClassification[entityClassificationScheme=http://www.fpml.org/coding-scheme/esma-entity-classification],0,,Element with value Financial could not be mapped to a rosettaField
cdm-sample-files/events/partial-novation-new-trade.xml,Fail_MappedNone,novation.oldTrade.tradeHeader.partyTradeInformation(1).reportingRegime(0).reportingPurpose,novation.oldTrade.tradeHeader.partyTradeInformation.reportingRegime.reportingPurpose,0,,Element with value PrimaryEconomicTerms could not be mapped to a rosettaField
cdm-sample-files/events/partial-novation-new-trade.xml,Fail_MappedNone,novation.oldTrade.tradeHeader.partyTradeInformation(1).reportingRegime(0).entityClassification[entityClassificationScheme=http://www.fpml.org/coding-scheme/esma-entity-classification].entityClassificationScheme,novation.oldTrade.tradeHeader.partyTradeInformation.reportingRegime.entityClassification[entityClassificationScheme=http://www.fpml.org/coding-scheme/esma-entity-classification].entityClassificationScheme,0,,Element with value http://www.fpml.org/coding-scheme/esma-entity-classification could not be mapped to a rosettaField
cdm-sample-files/events/partial-novation-new-trade.xml,Fail_MappedNone,novation.oldTrade.tradeHeader.partyTradeInformation(0).reportingRegime(3).name,novation.oldTrade.tradeHeader.partyTradeInformation.reportingRegime.name,0,,Element with value CSA could not be mapped to a rosettaField
cdm-sample-files/events/partial-novation-new-trade.xml,Fail_MappedNone,novation.oldTrade.tradeHeader.partyTradeInformation(1).reportingRegime(3).entityClassification[entityClassificationScheme=http://www.fpml.org/coding-scheme/cftc-entity-classification],novation.oldTrade.tradeHeader.partyTradeInformation.reportingRegime.entityClassification[entityClassificationScheme=http://www.fpml.org/coding-scheme/cftc-entity-classification],0,,Element with value SBSD could not be mapped to a rosettaField
cdm-sample-files/events/partial-novation-new-trade.xml,Fail_MappedNone,novation.oldTrade.tradeHeader.partyTradeInformation(1).reportingRegime(0).reportingRole,novation.oldTrade.tradeHeader.partyTradeInformation.reportingRegime.reportingRole,0,,Element with value ReportingParty could not be mapped to a rosettaField
cdm-sample-files/events/partial-novation-new-trade.xml,Fail_MappedNone,correlationId[correlationIdScheme=http://fpml.org/submitter_event_id],correlationId[correlationIdScheme=http://fpml.org/submitter_event_id],0,,Element with value TW19235-003 could not be mapped to a rosettaField
cdm-sample-files/events/partial-novation-new-trade.xml,Fail_MappedNone,party(0)[id=party1].classification(1)[industryClassificationScheme=http://www.fpml.org/coding-scheme/hkma-rewrite-regulatory-corporate-sector].industryClassificationScheme,party[id=party1].classification[industryClassificationScheme=http://www.fpml.org/coding-scheme/hkma-rewrite-regulatory-corporate-sector].industryClassificationScheme,0,,Element with value http://www.fpml.org/coding-scheme/hkma-rewrite-regulatory-corporate-sector could not be mapped to a rosettaField
cdm-sample-files/events/partial-novation-new-trade.xml,Fail_MappedNone,novation.oldTrade.tradeHeader.partyTradeInformation(0).reportingRegime(1).supervisorRegistration.supervisoryBody,novation.oldTrade.tradeHeader.partyTradeInformation.reportingRegime.supervisorRegistration.supervisoryBody,0,,Element with value FCA could not be mapped to a rosettaField
cdm-sample-files/events/partial-novation-new-trade.xml,Fail_MappedNone,novation.oldTrade.tradeHeader.partyTradeInformation(2).reportingRegime.mandatorilyClearable,novation.oldTrade.tradeHeader.partyTradeInformation.reportingRegime.mandatorilyClearable,0,,Element with value false could not be mapped to a rosettaField
cdm-sample-files/events/partial-novation-new-trade.xml,Fail_MappedNone,novation.oldTrade.tradeHeader.partyTradeInformation(0).reportingRegime(0).entityClassification[entityClassificationScheme=http://www.fpml.org/coding-scheme/esma-entity-classification],novation.oldTrade.tradeHeader.partyTradeInformation.reportingRegime.entityClassification[entityClassificationScheme=http://www.fpml.org/coding-scheme/esma-entity-classification],0,,Element with value Financial could not be mapped to a rosettaField
cdm-sample-files/events/partial-novation-new-trade.xml,Fail_MappedNone,novation.oldTrade.tradeHeader.partyTradeInformation(0).reportingRegime(4).reportingRole,novation.oldTrade.tradeHeader.partyTradeInformation.reportingRegime.reportingRole,0,,Element with value ReportingParty could not be mapped to a rosettaField
cdm-sample-files/events/partial-novation-new-trade.xml,Fail_MappedNone,novation.oldTrade.tradeHeader.partyTradeInformation(1).reportingRegime(1).reportingPurpose,novation.oldTrade.tradeHeader.partyTradeInformation.reportingRegime.reportingPurpose,0,,Element with value PrimaryEconomicTerms could not be mapped to a rosettaField
cdm-sample-files/events/partial-novation-new-trade.xml,Fail_MappedNone,novation.oldTrade.tradeHeader.partyTradeInformation(0).reportingRegime(1).exceedsClearingThreshold,novation.oldTrade.tradeHeader.partyTradeInformation.reportingRegime.exceedsClearingThreshold,0,,Element with value true could not be mapped to a rosettaField
cdm-sample-files/events/partial-novation-new-trade.xml,Fail_MappedNone,novation.eventIdentifier(1).partyReference[href=party2].href,novation.eventIdentifier.partyReference[href=party2].href,0,,Element with value party2 could not be mapped to a rosettaField
cdm-sample-files/events/partial-novation-new-trade.xml,Fail_MappedNone,novation.oldTrade.tradeHeader.partyTradeInformation(0).reportingRegime(3).supervisorRegistration.supervisoryBody,novation.oldTrade.tradeHeader.partyTradeInformation.reportingRegime.supervisorRegistration.supervisoryBody,0,,Element with value CA.AB.ASC could not be mapped to a rosettaField
cdm-sample-files/events/partial-novation-new-trade.xml,Fail_MappedMultiple,party(4)[id=clearing-svc].partyId[partyIdScheme=http://www.fpml.org/coding-scheme/external/iso17442].partyIdScheme,party[id=clearing-svc].partyId[partyIdScheme=http://www.fpml.org/coding-scheme/external/iso17442].partyIdScheme,2,ReportableEvent.originatingWorkflowStep.proposedEvent.instruction(0).before.value.trade.party(4).partyId(0).identifier.meta.scheme=[http://www.fpml.org/coding-scheme/external/iso17442] ReportableEvent.originatingWorkflowStep.proposedEvent.instruction(0).before.value.trade.party(4).partyId(0).identifierType=[LEI],Element mapped to multiple rosettaFields
cdm-sample-files/events/partial-novation-new-trade.xml,Fail_MappedNone,novation.oldTrade.tradeHeader.partyTradeInformation(2).reportingRegime.supervisorRegistration.supervisoryBody,novation.oldTrade.tradeHeader.partyTradeInformation.reportingRegime.supervisorRegistration.supervisoryBody,0,,Element with value ESMA could not be mapped to a rosettaField
cdm-sample-files/events/partial-novation-new-trade.xml,Fail_MappedNone,novation.oldTrade.tradeHeader.partyTradeInformation(2).reportingRegime.reportingRole,novation.oldTrade.tradeHeader.partyTradeInformation.reportingRegime.reportingRole,0,,Element with value ReportingParty could not be mapped to a rosettaField
cdm-sample-files/events/partial-novation-new-trade.xml,Fail_MappedNone,novation.oldTrade.tradeHeader.partyTradeInformation(0).reportingRegime(4).mandatorilyClearable,novation.oldTrade.tradeHeader.partyTradeInformation.reportingRegime.mandatorilyClearable,0,,Element with value false could not be mapped to a rosettaField
cdm-sample-files/events/partial-novation-new-trade.xml,Fail_MappedNone,novation.oldTrade.tradeHeader.partyTradeInformation(1).reportingRegime(4).supervisorRegistration.supervisoryBody,novation.oldTrade.tradeHeader.partyTradeInformation.reportingRegime.supervisorRegistration.supervisoryBody,0,,Element with value HKMA could not be mapped to a rosettaField
cdm-sample-files/events/partial-novation-new-trade.xml,Fail_MappedNone,party(0)[id=party1].classification(1)[industryClassificationScheme=http://www.fpml.org/coding-scheme/hkma-rewrite-regulatory-corporate-sector],party[id=party1].classification[industryClassificationScheme=http://www.fpml.org/coding-scheme/hkma-rewrite-regulatory-corporate-sector],0,,Element with value INUN could not be mapped to a rosettaField
cdm-sample-files/events/partial-novation-new-trade.xml,Fail_MappedNone,quote.value,quote.value,0,,Element with value 1235 could not be mapped to a rosettaField
cdm-sample-files/events/partial-novation-new-trade.xml,Fail_MappedNone,novation.oldTrade.tradeHeader.partyTradeInformation(0).reportingRegime(0).entityClassification[entityClassificationScheme=http://www.fpml.org/coding-scheme/esma-entity-classification].entityClassificationScheme,novation.oldTrade.tradeHeader.partyTradeInformation.reportingRegime.entityClassification[entityClassificationScheme=http://www.fpml.org/coding-scheme/esma-entity-classification].entityClassificationScheme,0,,Element with value http://www.fpml.org/coding-scheme/esma-entity-classification could not be mapped to a rosettaField
cdm-sample-files/events/partial-novation-new-trade.xml,Fail_MappedNone,novation.oldTrade.tradeHeader.partyTradeInformation(1).reportingRegime(1).entityClassification[entityClassificationScheme=http://www.fpml.org/coding-scheme/esma-entity-classification],novation.oldTrade.tradeHeader.partyTradeInformation.reportingRegime.entityClassification[entityClassificationScheme=http://www.fpml.org/coding-scheme/esma-entity-classification],0,,Element with value Financial could not be mapped to a rosettaField
cdm-sample-files/events/partial-novation-new-trade.xml,Fail_MappedNone,novation.oldTrade.tradeHeader.partyTradeInformation(2).reportingRegime.name,novation.oldTrade.tradeHeader.partyTradeInformation.reportingRegime.name,0,,Element with value EMIR could not be mapped to a rosettaField
cdm-sample-files/events/partial-novation-new-trade.xml,Fail_MappedNone,novation.oldTrade.swap.swapStream(0).paymentDates.calculationPeriodDatesReference[href=floatingCalcPeriodDates].href,novation.oldTrade.swap.swapStream.paymentDates.calculationPeriodDatesReference[href=floatingCalcPeriodDates].href,0,,Element with value floatingCalcPeriodDates could not be mapped to a rosettaField
cdm-sample-files/events/partial-novation-new-trade.xml,Fail_MappedNone,novation.novationDate,novation.novationDate,0,,Element with value 2011-06-03Z could not be mapped to a rosettaField
cdm-sample-files/events/partial-novation-new-trade.xml,Fail_MappedNone,novation.oldTrade.tradeHeader.partyTradeInformation(0).relatedBusinessUnit.role,novation.oldTrade.tradeHeader.partyTradeInformation.relatedBusinessUnit.role,0,,Element with value TradingDesk could not be mapped to a rosettaField
cdm-sample-files/events/partial-novation-new-trade.xml,Fail_MappedNone,novation.oldTrade.tradeHeader.partyTradeInformation(1).reportingRegime(1).entityClassification[entityClassificationScheme=http://www.fpml.org/coding-scheme/esma-entity-classification].entityClassificationScheme,novation.oldTrade.tradeHeader.partyTradeInformation.reportingRegime.entityClassification[entityClassificationScheme=http://www.fpml.org/coding-scheme/esma-entity-classification].entityClassificationScheme,0,,Element with value http://www.fpml.org/coding-scheme/esma-entity-classification could not be mapped to a rosettaField
cdm-sample-files/events/partial-novation-new-trade.xml,Fail_MappedNone,novation.oldTrade.tradeHeader.partyTradeInformation(0).reportingRegime(0).reportingPurpose,novation.oldTrade.tradeHeader.partyTradeInformation.reportingRegime.reportingPurpose,0,,Element with value PrimaryEconomicTerms could not be mapped to a rosettaField
cdm-sample-files/events/partial-novation-new-trade.xml,Fail_MappedNone,novation.novationTradeDate,novation.novationTradeDate,0,,Element with value 2011-06-01Z could not be mapped to a rosettaField
cdm-sample-files/events/partial-novation-new-trade.xml,Fail_MappedNone,novation.oldTrade.tradeHeader.partyTradeInformation(1).reportingRegime(1).name,novation.oldTrade.tradeHeader.partyTradeInformation.reportingRegime.name,0,,Element with value UKEMIR could not be mapped to a rosettaField
cdm-sample-files/events/partial-novation-new-trade.xml,Fail_MappedNone,novation.oldTrade.tradeHeader.partyTradeInformation(0).reportingRegime(3).mandatorilyClearable,novation.oldTrade.tradeHeader.partyTradeInformation.reportingRegime.mandatorilyClearable,0,,Element with value false could not be mapped to a rosettaField
cdm-sample-files/events/partial-novation-new-trade.xml,Fail_MappedNone,novation.oldTrade.tradeHeader.partyTradeInformation(0).reportingRegime(2).reportingRole,novation.oldTrade.tradeHeader.partyTradeInformation.reportingRegime.reportingRole,0,,Element with value ReportingParty could not be mapped to a rosettaField
cdm-sample-files/events/partial-novation-new-trade.xml,Fail_MappedNone,novation.oldTrade.tradeHeader.partyTradeInformation(0).relatedBusinessUnit.businessUnitReference[href=desk1].href,novation.oldTrade.tradeHeader.partyTradeInformation.relatedBusinessUnit.businessUnitReference[href=desk1].href,0,,Element with value desk1 could not be mapped to a rosettaField
cdm-sample-files/events/partial-novation-new-trade.xml,Fail_MappedNone,party(1)[id=party2].classification(1)[industryClassificationScheme=http://www.fpml.org/coding-scheme/hkma-rewrite-regulatory-corporate-sector],party[id=party2].classification[industryClassificationScheme=http://www.fpml.org/coding-scheme/hkma-rewrite-regulatory-corporate-sector],0,,Element with value INVF could not be mapped to a rosettaField
cdm-sample-files/events/partial-novation-new-trade.xml,Fail_MappedNone,novation.oldTrade.tradeHeader.partyTradeInformation(1).reportingRegime(0).entityClassification[entityClassificationScheme=http://www.fpml.org/coding-scheme/esma-entity-classification],novation.oldTrade.tradeHeader.partyTradeInformation.reportingRegime.entityClassification[entityClassificationScheme=http://www.fpml.org/coding-scheme/esma-entity-classification],0,,Element with value Financial could not be mapped to a rosettaField
cdm-sample-files/events/partial-novation-new-trade.xml,Fail_MappedNone,novation.oldTrade.tradeHeader.partyTradeInformation(1).reportingRegime(4).mandatorilyClearable,novation.oldTrade.tradeHeader.partyTradeInformation.reportingRegime.mandatorilyClearable,0,,Element with value false could not be mapped to a rosettaField
cdm-sample-files/events/partial-novation-new-trade.xml,Fail_MappedNone,novation.oldTrade.tradeHeader.partyTradeInformation(0).executionVenueType,novation.oldTrade.tradeHeader.partyTradeInformation.executionVenueType,0,,Element with value SEF could not be mapped to a rosettaField
cdm-sample-files/events/partial-novation-new-trade.xml,Fail_MappedNone,novation.oldTrade.tradeHeader.partyTradeInformation(0).reportingRegime(0).name,novation.oldTrade.tradeHeader.partyTradeInformation.reportingRegime.name,0,,Element with value EMIR could not be mapped to a rosettaField
cdm-sample-files/events/partial-novation-new-trade.xml,Fail_MappedNone,novation.oldTrade.tradeHeader.partyTradeInformation(1).reportingRegime(3).reportingRole,novation.oldTrade.tradeHeader.partyTradeInformation.reportingRegime.reportingRole,0,,Element with value ReportingParty could not be mapped to a rosettaField
cdm-sample-files/events/partial-novation-new-trade.xml,Fail_MappedNone,novation.oldTrade.tradeHeader.partyTradeInformation(1).reportingRegime(3).entityClassification[entityClassificationScheme=http://www.fpml.org/coding-scheme/cftc-entity-classification].entityClassificationScheme,novation.oldTrade.tradeHeader.partyTradeInformation.reportingRegime.entityClassification[entityClassificationScheme=http://www.fpml.org/coding-scheme/cftc-entity-classification].entityClassificationScheme,0,,Element with value http://www.fpml.org/coding-scheme/cftc-entity-classification could not be mapped to a rosettaField
cdm-sample-files/events/partial-novation-new-trade.xml,Fail_MappedNone,novation.oldTrade.tradeHeader.partyTradeInformation(0).reportingRegime(1).reportingPurpose,novation.oldTrade.tradeHeader.partyTradeInformation.reportingRegime.reportingPurpose,0,,Element with value PrimaryEconomicTerms could not be mapped to a rosettaField
cdm-sample-files/events/partial-novation-new-trade.xml,Fail_MappedNone,novation.oldTrade.tradeHeader.partyTradeInformation(1).reportingRegime(2).name,novation.oldTrade.tradeHeader.partyTradeInformation.reportingRegime.name,0,,Element with value JFSA could not be mapped to a rosettaField
cdm-sample-files/events/partial-novation-new-trade.xml,Fail_MappedNone,novation.oldTrade.tradeHeader.partyTradeInformation(1).reportingRegime(0).exceedsClearingThreshold,novation.oldTrade.tradeHeader.partyTradeInformation.reportingRegime.exceedsClearingThreshold,0,,Element with value true could not be mapped to a rosettaField
cdm-sample-files/events/partial-novation-new-trade.xml,Fail_MappedNone,party(0)[id=party1].classification(0)[industryClassificationScheme=http://www.fpml.org/coding-scheme/esma-emir-refit-regulatory-corporate-sector],party[id=party1].classification[industryClassificationScheme=http://www.fpml.org/coding-scheme/esma-emir-refit-regulatory-corporate-sector],0,,Element with value INUN could not be mapped to a rosettaField
cdm-sample-files/events/partial-novation-new-trade.xml,Fail_MappedMultiple,party(0)[id=party1].partyId[partyIdScheme=http://www.fpml.org/coding-scheme/external/iso17442].partyIdScheme,party[id=party1].partyId[partyIdScheme=http://www.fpml.org/coding-scheme/external/iso17442].partyIdScheme,2,ReportableEvent.originatingWorkflowStep.proposedEvent.instruction(0).before.value.trade.party(0).partyId(0).identifierType=[LEI] ReportableEvent.originatingWorkflowStep.proposedEvent.instruction(0).before.value.trade.party(0).partyId(0).identifier.meta.scheme=[http://www.fpml.org/coding-scheme/external/iso17442],Element mapped to multiple rosettaFields
cdm-sample-files/events/partial-novation-new-trade.xml,Fail_MappedNone,novation.oldTrade.tradeHeader.partyTradeInformation(2).reportingRegime.entityClassification[entityClassificationScheme=http://www.fpml.org/coding-scheme/esma-entity-classification],novation.oldTrade.tradeHeader.partyTradeInformation.reportingRegime.entityClassification[entityClassificationScheme=http://www.fpml.org/coding-scheme/esma-entity-classification],0,,Element with value Financial could not be mapped to a rosettaField
cdm-sample-files/events/partial-novation-new-trade.xml,Fail_MappedNone,novation.oldTrade.tradeHeader.partyTradeInformation(1).reportingRegime(0).name,novation.oldTrade.tradeHeader.partyTradeInformation.reportingRegime.name,0,,Element with value EMIR could not be mapped to a rosettaField
cdm-sample-files/events/partial-novation-new-trade.xml,Fail_MappedNone,novation.eventIdentifier(1).eventId,novation.eventIdentifier.eventId,0,,Element with value 456 could not be mapped to a rosettaField
cdm-sample-files/events/partial-novation-new-trade.xml,Fail_MappedNone,novation.oldTrade.tradeHeader.partyTradeInformation(0).reportingRegime(3).reportingRole,novation.oldTrade.tradeHeader.partyTradeInformation.reportingRegime.reportingRole,0,,Element with value ReportingParty could not be mapped to a rosettaField
cdm-sample-files/events/partial-novation-new-trade.xml,Fail_MappedNone,novation.oldTrade.tradeHeader.partyTradeInformation(1).reportingRegime(0).supervisorRegistration.supervisoryBody,novation.oldTrade.tradeHeader.partyTradeInformation.reportingRegime.supervisorRegistration.supervisoryBody,0,,Element with value ESMA could not be mapped to a rosettaField
cdm-sample-files/events/partial-novation-new-trade.xml,Fail_MappedNone,novation.oldTrade.tradeHeader.partyTradeInformation(0).reportingRegime(4).supervisorRegistration.supervisoryBody,novation.oldTrade.tradeHeader.partyTradeInformation.reportingRegime.supervisorRegistration.supervisoryBody,0,,Element with value HKMA could not be mapped to a rosettaField
cdm-sample-files/events/partial-novation-new-trade.xml,Fail_MappedNone,novation.oldTrade.tradeHeader.partyTradeInformation(0).reportingRegime(1).entityClassification[entityClassificationScheme=http://www.fpml.org/coding-scheme/esma-entity-classification].entityClassificationScheme,novation.oldTrade.tradeHeader.partyTradeInformation.reportingRegime.entityClassification[entityClassificationScheme=http://www.fpml.org/coding-scheme/esma-entity-classification].entityClassificationScheme,0,,Element with value http://www.fpml.org/coding-scheme/esma-entity-classification could not be mapped to a rosettaField
cdm-sample-files/events/partial-novation-new-trade.xml,Fail_MappedNone,quote.currency,quote.currency,0,,Element with value USD could not be mapped to a rosettaField
cdm-sample-files/events/partial-novation-new-trade.xml,Fail_MappedMultiple,party(1)[id=party2].partyId[partyIdScheme=http://www.fpml.org/coding-scheme/external/iso17442].partyIdScheme,party[id=party2].partyId[partyIdScheme=http://www.fpml.org/coding-scheme/external/iso17442].partyIdScheme,2,ReportableEvent.originatingWorkflowStep.proposedEvent.instruction(0).before.value.trade.party(1).partyId(0).identifier.meta.scheme=[http://www.fpml.org/coding-scheme/external/iso17442] ReportableEvent.originatingWorkflowStep.proposedEvent.instruction(0).before.value.trade.party(1).partyId(0).identifierType=[LEI],Element mapped to multiple rosettaFields
cdm-sample-files/events/partial-novation-new-trade.xml,Fail_MappedNone,novation.oldTrade.tradeHeader.partyTradeInformation(0).reportingRegime(0).exceedsClearingThreshold,novation.oldTrade.tradeHeader.partyTradeInformation.reportingRegime.exceedsClearingThreshold,0,,Element with value true could not be mapped to a rosettaField
cdm-sample-files/events/partial-novation-new-trade.xml,Fail_MappedNone,novation.oldTrade.tradeHeader.partyTradeInformation(0).intentToClear,novation.oldTrade.tradeHeader.partyTradeInformation.intentToClear,0,,Element with value true could not be mapped to a rosettaField
cdm-sample-files/events/partial-novation-new-trade.xml,Fail_MappedNone,novation.oldTrade.tradeHeader.partyTradeInformation(1).reportingRegime(3).mandatorilyClearable,novation.oldTrade.tradeHeader.partyTradeInformation.reportingRegime.mandatorilyClearable,0,,Element with value false could not be mapped to a rosettaField
cdm-sample-files/events/partial-novation-new-trade.xml,Fail_MappedNone,novation.oldTrade.tradeHeader.partyTradeInformation(1).reportingRegime(4).reportingRole,novation.oldTrade.tradeHeader.partyTradeInformation.reportingRegime.reportingRole,0,,Element with value ReportingParty could not be mapped to a rosettaField
cdm-sample-files/events/partial-novation-new-trade.xml,Fail_MappedNone,sequenceNumber,sequenceNumber,0,,Element with value 1 could not be mapped to a rosettaField
cdm-sample-files/events/partial-novation-new-trade.xml,Fail_MappedNone,novation.oldTrade.swap.swapStream(1).paymentDates.calculationPeriodDatesReference[href=fixedCalcPeriodDates].href,novation.oldTrade.swap.swapStream.paymentDates.calculationPeriodDatesReference[href=fixedCalcPeriodDates].href,0,,Element with value fixedCalcPeriodDates could not be mapped to a rosettaField
cdm-sample-files/events/partial-novation-new-trade.xml,Fail_MappedNone,novation.oldTrade.tradeHeader.partyTradeInformation(0).executionType,novation.oldTrade.tradeHeader.partyTradeInformation.executionType,0,,Element with value Electronic could not be mapped to a rosettaField
cdm-sample-files/events/partial-novation-new-trade.xml,Fail_MappedNone,novation.oldTrade.tradeHeader.partyTradeInformation(1).reportingRegime(1).exceedsClearingThreshold,novation.oldTrade.tradeHeader.partyTradeInformation.reportingRegime.exceedsClearingThreshold,0,,Element with value true could not be mapped to a rosettaField
cdm-sample-files/events/partial-novation-new-trade.xml,Fail_MappedNone,party(1)[id=party2].classification(0)[industryClassificationScheme=http://www.fpml.org/coding-scheme/esma-emir-refit-regulatory-corporate-sector],party[id=party2].classification[industryClassificationScheme=http://www.fpml.org/coding-scheme/esma-emir-refit-regulatory-corporate-sector],0,,Element with value INVF could not be mapped to a rosettaField
cdm-sample-files/events/partial-novation-old-trade.xml,Fail_MappedNone,novation.oldTrade.tradeHeader.partyTradeInformation(0).reportingRegime(1).mandatorilyClearable,novation.oldTrade.tradeHeader.partyTradeInformation.reportingRegime.mandatorilyClearable,0,,Element with value false could not be mapped to a rosettaField
cdm-sample-files/events/partial-novation-old-trade.xml,Fail_MappedNone,novation.eventIdentifier(0).eventId,novation.eventIdentifier.eventId,0,,Element with value 123 could not be mapped to a rosettaField
cdm-sample-files/events/partial-novation-old-trade.xml,Fail_MappedNone,novation.oldTrade.tradeHeader.partyTradeInformation(0).reportingRegime(0).reportingRole,novation.oldTrade.tradeHeader.partyTradeInformation.reportingRegime.reportingRole,0,,Element with value ReportingParty could not be mapped to a rosettaField
cdm-sample-files/events/partial-novation-old-trade.xml,Fail_MappedNone,correlationId[correlationIdScheme=http://fpml.org/submitter_event_id].correlationIdScheme,correlationId[correlationIdScheme=http://fpml.org/submitter_event_id].correlationIdScheme,0,,Element with value http://fpml.org/submitter_event_id could not be mapped to a rosettaField
cdm-sample-files/events/partial-novation-old-trade.xml,Fail_MappedNone,novation.oldTrade.tradeHeader.partyTradeInformation(0).offMarketPrice,novation.oldTrade.tradeHeader.partyTradeInformation.offMarketPrice,0,,Element with value false could not be mapped to a rosettaField
cdm-sample-files/events/partial-novation-old-trade.xml,Fail_MappedNone,novation.oldTrade.tradeHeader.partyTradeInformation(1).reportingRegime(2).supervisorRegistration.supervisoryBody,novation.oldTrade.tradeHeader.partyTradeInformation.reportingRegime.supervisorRegistration.supervisoryBody,0,,Element with value JFSA could not be mapped to a rosettaField
cdm-sample-files/events/partial-novation-old-trade.xml,Fail_MappedNone,novation.oldTrade.tradeHeader.partyTradeInformation(0).reportingRegime(2).name,novation.oldTrade.tradeHeader.partyTradeInformation.reportingRegime.name,0,,Element with value JFSA could not be mapped to a rosettaField
cdm-sample-files/events/partial-novation-old-trade.xml,Fail_MappedNone,novation.oldTrade.tradeHeader.partyTradeInformation(0).reportingRegime(3).entityClassification[entityClassificationScheme=http://www.fpml.org/coding-scheme/cftc-entity-classification].entityClassificationScheme,novation.oldTrade.tradeHeader.partyTradeInformation.reportingRegime.entityClassification[entityClassificationScheme=http://www.fpml.org/coding-scheme/cftc-entity-classification].entityClassificationScheme,0,,Element with value http://www.fpml.org/coding-scheme/cftc-entity-classification could not be mapped to a rosettaField
cdm-sample-files/events/partial-novation-old-trade.xml,Fail_MappedNone,party(1)[id=party2].classification(0)[industryClassificationScheme=http://www.fpml.org/coding-scheme/esma-emir-refit-regulatory-corporate-sector].industryClassificationScheme,party[id=party2].classification[industryClassificationScheme=http://www.fpml.org/coding-scheme/esma-emir-refit-regulatory-corporate-sector].industryClassificationScheme,0,,Element with value http://www.fpml.org/coding-scheme/esma-emir-refit-regulatory-corporate-sector could not be mapped to a rosettaField
cdm-sample-files/events/partial-novation-old-trade.xml,Fail_MappedNone,novation.oldTrade.tradeHeader.partyTradeInformation(2).reportingRegime.exceedsClearingThreshold,novation.oldTrade.tradeHeader.partyTradeInformation.reportingRegime.exceedsClearingThreshold,0,,Element with value true could not be mapped to a rosettaField
cdm-sample-files/events/partial-novation-old-trade.xml,Fail_MappedNone,novation.oldTrade.tradeHeader.partyTradeInformation(1).reportingRegime(1).reportingRole,novation.oldTrade.tradeHeader.partyTradeInformation.reportingRegime.reportingRole,0,,Element with value ReportingParty could not be mapped to a rosettaField
cdm-sample-files/events/partial-novation-old-trade.xml,Fail_MappedNone,novation.oldTrade.tradeHeader.partyTradeInformation(1).reportingRegime(4).name,novation.oldTrade.tradeHeader.partyTradeInformation.reportingRegime.name,0,,Element with value HKTR could not be mapped to a rosettaField
cdm-sample-files/events/partial-novation-old-trade.xml,Fail_MappedNone,novation.executionDateTime,novation.executionDateTime,0,,Element with value 2011-06-01T11:12:27Z could not be mapped to a rosettaField
cdm-sample-files/events/partial-novation-old-trade.xml,Fail_MappedNone,novation.oldTrade.tradeHeader.partyTradeInformation(0).reportingRegime(0).mandatorilyClearable,novation.oldTrade.tradeHeader.partyTradeInformation.reportingRegime.mandatorilyClearable,0,,Element with value false could not be mapped to a rosettaField
cdm-sample-files/events/partial-novation-old-trade.xml,Fail_MappedNone,novation.oldTrade.tradeHeader.partyTradeInformation(0).reportingRegime(1).reportingRole,novation.oldTrade.tradeHeader.partyTradeInformation.reportingRegime.reportingRole,0,,Element with value ReportingParty could not be mapped to a rosettaField
cdm-sample-files/events/partial-novation-old-trade.xml,Fail_MappedNone,novation.oldTrade.tradeHeader.partyTradeInformation(0).reportingRegime(1).name,novation.oldTrade.tradeHeader.partyTradeInformation.reportingRegime.name,0,,Element with value UKEMIR could not be mapped to a rosettaField
cdm-sample-files/events/partial-novation-old-trade.xml,Fail_MappedNone,party(1)[id=party2].classification(1)[industryClassificationScheme=http://www.fpml.org/coding-scheme/hkma-rewrite-regulatory-corporate-sector].industryClassificationScheme,party[id=party2].classification[industryClassificationScheme=http://www.fpml.org/coding-scheme/hkma-rewrite-regulatory-corporate-sector].industryClassificationScheme,0,,Element with value http://www.fpml.org/coding-scheme/hkma-rewrite-regulatory-corporate-sector could not be mapped to a rosettaField
cdm-sample-files/events/partial-novation-old-trade.xml,Fail_MappedNone,novation.oldTrade.tradeHeader.partyTradeInformation(2).reportingRegime.entityClassification[entityClassificationScheme=http://www.fpml.org/coding-scheme/esma-entity-classification].entityClassificationScheme,novation.oldTrade.tradeHeader.partyTradeInformation.reportingRegime.entityClassification[entityClassificationScheme=http://www.fpml.org/coding-scheme/esma-entity-classification].entityClassificationScheme,0,,Element with value http://www.fpml.org/coding-scheme/esma-entity-classification could not be mapped to a rosettaField
cdm-sample-files/events/partial-novation-old-trade.xml,Fail_MappedNone,novation.oldTrade.tradeHeader.partyTradeInformation(0).reportingRegime(0).supervisorRegistration.supervisoryBody,novation.oldTrade.tradeHeader.partyTradeInformation.reportingRegime.supervisorRegistration.supervisoryBody,0,,Element with value ESMA could not be mapped to a rosettaField
cdm-sample-files/events/partial-novation-old-trade.xml,Fail_MappedNone,novation.oldTrade.tradeHeader.partyTradeInformation(1).reportingRegime(1).mandatorilyClearable,novation.oldTrade.tradeHeader.partyTradeInformation.reportingRegime.mandatorilyClearable,0,,Element with value false could not be mapped to a rosettaField
cdm-sample-files/events/partial-novation-old-trade.xml,Fail_MappedNone,party(0)[id=party1].organizationType,party[id=party1].organizationType,0,,Element with value SD could not be mapped to a rosettaField
cdm-sample-files/events/partial-novation-old-trade.xml,Fail_MappedNone,novation.oldTrade.tradeHeader.partyTradeInformation(1).reportingRegime(2).reportingRole,novation.oldTrade.tradeHeader.partyTradeInformation.reportingRegime.reportingRole,0,,Element with value ReportingParty could not be mapped to a rosettaField
cdm-sample-files/events/partial-novation-old-trade.xml,Fail_MappedNone,novation.remainingParty[href=party2].href,novation.remainingParty[href=party2].href,0,,Element with value party2 could not be mapped to a rosettaField
cdm-sample-files/events/partial-novation-old-trade.xml,Fail_MappedNone,novation.oldTrade.tradeHeader.partyTradeInformation(1).reportingRegime(1).supervisorRegistration.supervisoryBody,novation.oldTrade.tradeHeader.partyTradeInformation.reportingRegime.supervisorRegistration.supervisoryBody,0,,Element with value FCA could not be mapped to a rosettaField
cdm-sample-files/events/partial-novation-old-trade.xml,Fail_MappedMultiple,party(2)[id=party3].partyId[partyIdScheme=http://www.fpml.org/coding-scheme/external/iso17442].partyIdScheme,party[id=party3].partyId[partyIdScheme=http://www.fpml.org/coding-scheme/external/iso17442].partyIdScheme,2,ReportableEvent.originatingWorkflowStep.proposedEvent.instruction(0).before.value.trade.party(2).partyId(0).identifierType=[LEI] ReportableEvent.originatingWorkflowStep.proposedEvent.instruction(0).before.value.trade.party(2).partyId(0).identifier.meta.scheme=[http://www.fpml.org/coding-scheme/external/iso17442],Element mapped to multiple rosettaFields
cdm-sample-files/events/partial-novation-old-trade.xml,Fail_MappedNone,novation.oldTrade.tradeHeader.partyTradeInformation(0).reportingRegime(4).entityClassification,novation.oldTrade.tradeHeader.partyTradeInformation.reportingRegime.entityClassification,0,,Element with value Financial could not be mapped to a rosettaField
cdm-sample-files/events/partial-novation-old-trade.xml,Fail_MappedNone,novation.oldTrade.tradeHeader.partyTradeInformation(1).reportingRegime(3).name,novation.oldTrade.tradeHeader.partyTradeInformation.reportingRegime.name,0,,Element with value CSA could not be mapped to a rosettaField
cdm-sample-files/events/partial-novation-old-trade.xml,Fail_MappedNone,novation.oldTrade.tradeHeader.partyTradeInformation(0).reportingRegime(4).name,novation.oldTrade.tradeHeader.partyTradeInformation.reportingRegime.name,0,,Element with value HKTR could not be mapped to a rosettaField
cdm-sample-files/events/partial-novation-old-trade.xml,Fail_MappedMultiple,party(3)[id=broker1].partyId[partyIdScheme=http://www.fpml.org/coding-scheme/external/iso17442].partyIdScheme,party[id=broker1].partyId[partyIdScheme=http://www.fpml.org/coding-scheme/external/iso17442].partyIdScheme,2,ReportableEvent.originatingWorkflowStep.proposedEvent.instruction(0).before.value.trade.party(3).partyId(0).identifierType=[LEI] ReportableEvent.originatingWorkflowStep.proposedEvent.instruction(0).before.value.trade.party(3).partyId(0).identifier.meta.scheme=[http://www.fpml.org/coding-scheme/external/iso17442],Element mapped to multiple rosettaFields
cdm-sample-files/events/partial-novation-old-trade.xml,Fail_MappedNone,novation.oldTrade.tradeHeader.partyTradeInformation(1).reportingRegime(4).entityClassification,novation.oldTrade.tradeHeader.partyTradeInformation.reportingRegime.entityClassification,0,,Element with value Financial could not be mapped to a rosettaField
cdm-sample-files/events/partial-novation-old-trade.xml,Fail_MappedNone,novation.oldTrade.tradeHeader.partyTradeInformation(0).reportingRegime(2).supervisorRegistration.supervisoryBody,novation.oldTrade.tradeHeader.partyTradeInformation.reportingRegime.supervisorRegistration.supervisoryBody,0,,Element with value JFSA could not be mapped to a rosettaField
cdm-sample-files/events/partial-novation-old-trade.xml,Fail_MappedNone,novation.oldTrade.tradeHeader.partyTradeInformation(1).reportingRegime(0).mandatorilyClearable,novation.oldTrade.tradeHeader.partyTradeInformation.reportingRegime.mandatorilyClearable,0,,Element with value false could not be mapped to a rosettaField
cdm-sample-files/events/partial-novation-old-trade.xml,Fail_MappedNone,party(1)[id=party2].organizationType,party[id=party2].organizationType,0,,Element with value SD could not be mapped to a rosettaField
cdm-sample-files/events/partial-novation-old-trade.xml,Fail_MappedNone,novation.oldTrade.tradeHeader.partyTradeInformation(1).reportingRegime(3).supervisorRegistration.supervisoryBody,novation.oldTrade.tradeHeader.partyTradeInformation.reportingRegime.supervisorRegistration.supervisoryBody,0,,Element with value CA.AB.ASC could not be mapped to a rosettaField
cdm-sample-files/events/partial-novation-old-trade.xml,Fail_MappedNone,onBehalfOf.partyReference[href=party1].href,onBehalfOf.partyReference[href=party1].href,0,,Element with value party1 could not be mapped to a rosettaField
cdm-sample-files/events/partial-novation-old-trade.xml,Fail_MappedNone,novation.oldTrade.tradeHeader.partyTradeInformation(2).reportingRegime.reportingPurpose,novation.oldTrade.tradeHeader.partyTradeInformation.reportingRegime.reportingPurpose,0,,Element with value PrimaryEconomicTerms could not be mapped to a rosettaField
cdm-sample-files/events/partial-novation-old-trade.xml,Fail_MappedNone,novation.eventIdentifier(0).partyReference[href=party1].href,novation.eventIdentifier.partyReference[href=party1].href,0,,Element with value party1 could not be mapped to a rosettaField
cdm-sample-files/events/partial-novation-old-trade.xml,Fail_MappedNone,novation.oldTrade.tradeHeader.partyTradeInformation(0).reportingRegime(3).entityClassification[entityClassificationScheme=http://www.fpml.org/coding-scheme/cftc-entity-classification],novation.oldTrade.tradeHeader.partyTradeInformation.reportingRegime.entityClassification[entityClassificationScheme=http://www.fpml.org/coding-scheme/cftc-entity-classification],0,,Element with value SBSD could not be mapped to a rosettaField
cdm-sample-files/events/partial-novation-old-trade.xml,Fail_MappedNone,party(0)[id=party1].classification(0)[industryClassificationScheme=http://www.fpml.org/coding-scheme/esma-emir-refit-regulatory-corporate-sector].industryClassificationScheme,party[id=party1].classification[industryClassificationScheme=http://www.fpml.org/coding-scheme/esma-emir-refit-regulatory-corporate-sector].industryClassificationScheme,0,,Element with value http://www.fpml.org/coding-scheme/esma-emir-refit-regulatory-corporate-sector could not be mapped to a rosettaField
cdm-sample-files/events/partial-novation-old-trade.xml,Fail_MappedNone,novation.oldTrade.tradeHeader.partyTradeInformation(0).largeSizeTrade,novation.oldTrade.tradeHeader.partyTradeInformation.largeSizeTrade,0,,Element with value false could not be mapped to a rosettaField
cdm-sample-files/events/partial-novation-old-trade.xml,Fail_MappedNone,novation.oldTrade.tradeHeader.partyTradeInformation(0).reportingRegime(1).entityClassification[entityClassificationScheme=http://www.fpml.org/coding-scheme/esma-entity-classification],novation.oldTrade.tradeHeader.partyTradeInformation.reportingRegime.entityClassification[entityClassificationScheme=http://www.fpml.org/coding-scheme/esma-entity-classification],0,,Element with value Financial could not be mapped to a rosettaField
cdm-sample-files/events/partial-novation-old-trade.xml,Fail_MappedNone,novation.oldTrade.tradeHeader.partyTradeInformation(1).reportingRegime(0).reportingPurpose,novation.oldTrade.tradeHeader.partyTradeInformation.reportingRegime.reportingPurpose,0,,Element with value PrimaryEconomicTerms could not be mapped to a rosettaField
cdm-sample-files/events/partial-novation-old-trade.xml,Fail_MappedNone,novation.oldTrade.tradeHeader.partyTradeInformation(1).reportingRegime(0).entityClassification[entityClassificationScheme=http://www.fpml.org/coding-scheme/esma-entity-classification].entityClassificationScheme,novation.oldTrade.tradeHeader.partyTradeInformation.reportingRegime.entityClassification[entityClassificationScheme=http://www.fpml.org/coding-scheme/esma-entity-classification].entityClassificationScheme,0,,Element with value http://www.fpml.org/coding-scheme/esma-entity-classification could not be mapped to a rosettaField
cdm-sample-files/events/partial-novation-old-trade.xml,Fail_MappedNone,novation.oldTrade.tradeHeader.partyTradeInformation(0).reportingRegime(3).name,novation.oldTrade.tradeHeader.partyTradeInformation.reportingRegime.name,0,,Element with value CSA could not be mapped to a rosettaField
cdm-sample-files/events/partial-novation-old-trade.xml,Fail_MappedNone,novation.oldTrade.tradeHeader.partyTradeInformation(1).reportingRegime(3).entityClassification[entityClassificationScheme=http://www.fpml.org/coding-scheme/cftc-entity-classification],novation.oldTrade.tradeHeader.partyTradeInformation.reportingRegime.entityClassification[entityClassificationScheme=http://www.fpml.org/coding-scheme/cftc-entity-classification],0,,Element with value SBSD could not be mapped to a rosettaField
cdm-sample-files/events/partial-novation-old-trade.xml,Fail_MappedNone,novation.oldTrade.tradeHeader.partyTradeInformation(1).reportingRegime(0).reportingRole,novation.oldTrade.tradeHeader.partyTradeInformation.reportingRegime.reportingRole,0,,Element with value ReportingParty could not be mapped to a rosettaField
cdm-sample-files/events/partial-novation-old-trade.xml,Fail_MappedNone,correlationId[correlationIdScheme=http://fpml.org/submitter_event_id],correlationId[correlationIdScheme=http://fpml.org/submitter_event_id],0,,Element with value TW19235-003 could not be mapped to a rosettaField
cdm-sample-files/events/partial-novation-old-trade.xml,Fail_MappedNone,party(0)[id=party1].classification(1)[industryClassificationScheme=http://www.fpml.org/coding-scheme/hkma-rewrite-regulatory-corporate-sector].industryClassificationScheme,party[id=party1].classification[industryClassificationScheme=http://www.fpml.org/coding-scheme/hkma-rewrite-regulatory-corporate-sector].industryClassificationScheme,0,,Element with value http://www.fpml.org/coding-scheme/hkma-rewrite-regulatory-corporate-sector could not be mapped to a rosettaField
cdm-sample-files/events/partial-novation-old-trade.xml,Fail_MappedNone,novation.oldTrade.tradeHeader.partyTradeInformation(0).reportingRegime(1).supervisorRegistration.supervisoryBody,novation.oldTrade.tradeHeader.partyTradeInformation.reportingRegime.supervisorRegistration.supervisoryBody,0,,Element with value FCA could not be mapped to a rosettaField
cdm-sample-files/events/partial-novation-old-trade.xml,Fail_MappedNone,novation.oldTrade.tradeHeader.partyTradeInformation(2).reportingRegime.mandatorilyClearable,novation.oldTrade.tradeHeader.partyTradeInformation.reportingRegime.mandatorilyClearable,0,,Element with value false could not be mapped to a rosettaField
cdm-sample-files/events/partial-novation-old-trade.xml,Fail_MappedNone,novation.oldTrade.tradeHeader.partyTradeInformation(0).reportingRegime(0).entityClassification[entityClassificationScheme=http://www.fpml.org/coding-scheme/esma-entity-classification],novation.oldTrade.tradeHeader.partyTradeInformation.reportingRegime.entityClassification[entityClassificationScheme=http://www.fpml.org/coding-scheme/esma-entity-classification],0,,Element with value Financial could not be mapped to a rosettaField
cdm-sample-files/events/partial-novation-old-trade.xml,Fail_MappedNone,novation.oldTrade.tradeHeader.partyTradeInformation(0).reportingRegime(4).reportingRole,novation.oldTrade.tradeHeader.partyTradeInformation.reportingRegime.reportingRole,0,,Element with value ReportingParty could not be mapped to a rosettaField
cdm-sample-files/events/partial-novation-old-trade.xml,Fail_MappedNone,novation.oldTrade.tradeHeader.partyTradeInformation(1).reportingRegime(1).reportingPurpose,novation.oldTrade.tradeHeader.partyTradeInformation.reportingRegime.reportingPurpose,0,,Element with value PrimaryEconomicTerms could not be mapped to a rosettaField
cdm-sample-files/events/partial-novation-old-trade.xml,Fail_MappedNone,novation.oldTrade.tradeHeader.partyTradeInformation(0).reportingRegime(1).exceedsClearingThreshold,novation.oldTrade.tradeHeader.partyTradeInformation.reportingRegime.exceedsClearingThreshold,0,,Element with value true could not be mapped to a rosettaField
cdm-sample-files/events/partial-novation-old-trade.xml,Fail_MappedNone,novation.eventIdentifier(1).partyReference[href=party2].href,novation.eventIdentifier.partyReference[href=party2].href,0,,Element with value party2 could not be mapped to a rosettaField
cdm-sample-files/events/partial-novation-old-trade.xml,Fail_MappedNone,novation.oldTrade.tradeHeader.partyTradeInformation(0).reportingRegime(3).supervisorRegistration.supervisoryBody,novation.oldTrade.tradeHeader.partyTradeInformation.reportingRegime.supervisorRegistration.supervisoryBody,0,,Element with value CA.AB.ASC could not be mapped to a rosettaField
cdm-sample-files/events/partial-novation-old-trade.xml,Fail_MappedMultiple,party(4)[id=clearing-svc].partyId[partyIdScheme=http://www.fpml.org/coding-scheme/external/iso17442].partyIdScheme,party[id=clearing-svc].partyId[partyIdScheme=http://www.fpml.org/coding-scheme/external/iso17442].partyIdScheme,2,ReportableEvent.originatingWorkflowStep.proposedEvent.instruction(0).before.value.trade.party(4).partyId(0).identifier.meta.scheme=[http://www.fpml.org/coding-scheme/external/iso17442] ReportableEvent.originatingWorkflowStep.proposedEvent.instruction(0).before.value.trade.party(4).partyId(0).identifierType=[LEI],Element mapped to multiple rosettaFields
cdm-sample-files/events/partial-novation-old-trade.xml,Fail_MappedNone,novation.oldTrade.tradeHeader.partyTradeInformation(2).reportingRegime.supervisorRegistration.supervisoryBody,novation.oldTrade.tradeHeader.partyTradeInformation.reportingRegime.supervisorRegistration.supervisoryBody,0,,Element with value ESMA could not be mapped to a rosettaField
cdm-sample-files/events/partial-novation-old-trade.xml,Fail_MappedNone,novation.oldTrade.tradeHeader.partyTradeInformation(2).reportingRegime.reportingRole,novation.oldTrade.tradeHeader.partyTradeInformation.reportingRegime.reportingRole,0,,Element with value ReportingParty could not be mapped to a rosettaField
cdm-sample-files/events/partial-novation-old-trade.xml,Fail_MappedNone,novation.oldTrade.tradeHeader.partyTradeInformation(0).reportingRegime(4).mandatorilyClearable,novation.oldTrade.tradeHeader.partyTradeInformation.reportingRegime.mandatorilyClearable,0,,Element with value false could not be mapped to a rosettaField
cdm-sample-files/events/partial-novation-old-trade.xml,Fail_MappedNone,novation.oldTrade.tradeHeader.partyTradeInformation(1).reportingRegime(4).supervisorRegistration.supervisoryBody,novation.oldTrade.tradeHeader.partyTradeInformation.reportingRegime.supervisorRegistration.supervisoryBody,0,,Element with value HKMA could not be mapped to a rosettaField
cdm-sample-files/events/partial-novation-old-trade.xml,Fail_MappedNone,party(0)[id=party1].classification(1)[industryClassificationScheme=http://www.fpml.org/coding-scheme/hkma-rewrite-regulatory-corporate-sector],party[id=party1].classification[industryClassificationScheme=http://www.fpml.org/coding-scheme/hkma-rewrite-regulatory-corporate-sector],0,,Element with value INUN could not be mapped to a rosettaField
cdm-sample-files/events/partial-novation-old-trade.xml,Fail_MappedNone,quote.value,quote.value,0,,Element with value 1235 could not be mapped to a rosettaField
cdm-sample-files/events/partial-novation-old-trade.xml,Fail_MappedNone,novation.oldTrade.tradeHeader.partyTradeInformation(0).reportingRegime(0).entityClassification[entityClassificationScheme=http://www.fpml.org/coding-scheme/esma-entity-classification].entityClassificationScheme,novation.oldTrade.tradeHeader.partyTradeInformation.reportingRegime.entityClassification[entityClassificationScheme=http://www.fpml.org/coding-scheme/esma-entity-classification].entityClassificationScheme,0,,Element with value http://www.fpml.org/coding-scheme/esma-entity-classification could not be mapped to a rosettaField
cdm-sample-files/events/partial-novation-old-trade.xml,Fail_MappedNone,novation.oldTrade.tradeHeader.partyTradeInformation(1).reportingRegime(1).entityClassification[entityClassificationScheme=http://www.fpml.org/coding-scheme/esma-entity-classification],novation.oldTrade.tradeHeader.partyTradeInformation.reportingRegime.entityClassification[entityClassificationScheme=http://www.fpml.org/coding-scheme/esma-entity-classification],0,,Element with value Financial could not be mapped to a rosettaField
cdm-sample-files/events/partial-novation-old-trade.xml,Fail_MappedNone,novation.oldTrade.tradeHeader.partyTradeInformation(2).reportingRegime.name,novation.oldTrade.tradeHeader.partyTradeInformation.reportingRegime.name,0,,Element with value EMIR could not be mapped to a rosettaField
cdm-sample-files/events/partial-novation-old-trade.xml,Fail_MappedNone,novation.oldTrade.swap.swapStream(0).paymentDates.calculationPeriodDatesReference[href=floatingCalcPeriodDates].href,novation.oldTrade.swap.swapStream.paymentDates.calculationPeriodDatesReference[href=floatingCalcPeriodDates].href,0,,Element with value floatingCalcPeriodDates could not be mapped to a rosettaField
cdm-sample-files/events/partial-novation-old-trade.xml,Fail_MappedNone,novation.novationDate,novation.novationDate,0,,Element with value 2011-06-03Z could not be mapped to a rosettaField
cdm-sample-files/events/partial-novation-old-trade.xml,Fail_MappedNone,novation.oldTrade.tradeHeader.partyTradeInformation(0).relatedBusinessUnit.role,novation.oldTrade.tradeHeader.partyTradeInformation.relatedBusinessUnit.role,0,,Element with value TradingDesk could not be mapped to a rosettaField
cdm-sample-files/events/partial-novation-old-trade.xml,Fail_MappedNone,novation.oldTrade.tradeHeader.partyTradeInformation(1).reportingRegime(1).entityClassification[entityClassificationScheme=http://www.fpml.org/coding-scheme/esma-entity-classification].entityClassificationScheme,novation.oldTrade.tradeHeader.partyTradeInformation.reportingRegime.entityClassification[entityClassificationScheme=http://www.fpml.org/coding-scheme/esma-entity-classification].entityClassificationScheme,0,,Element with value http://www.fpml.org/coding-scheme/esma-entity-classification could not be mapped to a rosettaField
cdm-sample-files/events/partial-novation-old-trade.xml,Fail_MappedNone,novation.oldTrade.tradeHeader.partyTradeInformation(0).reportingRegime(0).reportingPurpose,novation.oldTrade.tradeHeader.partyTradeInformation.reportingRegime.reportingPurpose,0,,Element with value PrimaryEconomicTerms could not be mapped to a rosettaField
cdm-sample-files/events/partial-novation-old-trade.xml,Fail_MappedNone,novation.novationTradeDate,novation.novationTradeDate,0,,Element with value 2011-06-01Z could not be mapped to a rosettaField
cdm-sample-files/events/partial-novation-old-trade.xml,Fail_MappedNone,novation.oldTrade.tradeHeader.partyTradeInformation(1).reportingRegime(1).name,novation.oldTrade.tradeHeader.partyTradeInformation.reportingRegime.name,0,,Element with value UKEMIR could not be mapped to a rosettaField
cdm-sample-files/events/partial-novation-old-trade.xml,Fail_MappedNone,novation.oldTrade.tradeHeader.partyTradeInformation(0).reportingRegime(3).mandatorilyClearable,novation.oldTrade.tradeHeader.partyTradeInformation.reportingRegime.mandatorilyClearable,0,,Element with value false could not be mapped to a rosettaField
cdm-sample-files/events/partial-novation-old-trade.xml,Fail_MappedNone,novation.oldTrade.tradeHeader.partyTradeInformation(0).reportingRegime(2).reportingRole,novation.oldTrade.tradeHeader.partyTradeInformation.reportingRegime.reportingRole,0,,Element with value ReportingParty could not be mapped to a rosettaField
cdm-sample-files/events/partial-novation-old-trade.xml,Fail_MappedNone,novation.oldTrade.tradeHeader.partyTradeInformation(0).relatedBusinessUnit.businessUnitReference[href=desk1].href,novation.oldTrade.tradeHeader.partyTradeInformation.relatedBusinessUnit.businessUnitReference[href=desk1].href,0,,Element with value desk1 could not be mapped to a rosettaField
cdm-sample-files/events/partial-novation-old-trade.xml,Fail_MappedNone,party(1)[id=party2].classification(1)[industryClassificationScheme=http://www.fpml.org/coding-scheme/hkma-rewrite-regulatory-corporate-sector],party[id=party2].classification[industryClassificationScheme=http://www.fpml.org/coding-scheme/hkma-rewrite-regulatory-corporate-sector],0,,Element with value INVF could not be mapped to a rosettaField
cdm-sample-files/events/partial-novation-old-trade.xml,Fail_MappedNone,novation.oldTrade.tradeHeader.partyTradeInformation(1).reportingRegime(0).entityClassification[entityClassificationScheme=http://www.fpml.org/coding-scheme/esma-entity-classification],novation.oldTrade.tradeHeader.partyTradeInformation.reportingRegime.entityClassification[entityClassificationScheme=http://www.fpml.org/coding-scheme/esma-entity-classification],0,,Element with value Financial could not be mapped to a rosettaField
cdm-sample-files/events/partial-novation-old-trade.xml,Fail_MappedNone,novation.oldTrade.tradeHeader.partyTradeInformation(1).reportingRegime(4).mandatorilyClearable,novation.oldTrade.tradeHeader.partyTradeInformation.reportingRegime.mandatorilyClearable,0,,Element with value false could not be mapped to a rosettaField
cdm-sample-files/events/partial-novation-old-trade.xml,Fail_MappedNone,novation.oldTrade.tradeHeader.partyTradeInformation(0).executionVenueType,novation.oldTrade.tradeHeader.partyTradeInformation.executionVenueType,0,,Element with value SEF could not be mapped to a rosettaField
cdm-sample-files/events/partial-novation-old-trade.xml,Fail_MappedNone,novation.oldTrade.tradeHeader.partyTradeInformation(0).reportingRegime(0).name,novation.oldTrade.tradeHeader.partyTradeInformation.reportingRegime.name,0,,Element with value EMIR could not be mapped to a rosettaField
cdm-sample-files/events/partial-novation-old-trade.xml,Fail_MappedNone,novation.oldTrade.tradeHeader.partyTradeInformation(1).reportingRegime(3).reportingRole,novation.oldTrade.tradeHeader.partyTradeInformation.reportingRegime.reportingRole,0,,Element with value ReportingParty could not be mapped to a rosettaField
cdm-sample-files/events/partial-novation-old-trade.xml,Fail_MappedNone,novation.oldTrade.tradeHeader.partyTradeInformation(1).reportingRegime(3).entityClassification[entityClassificationScheme=http://www.fpml.org/coding-scheme/cftc-entity-classification].entityClassificationScheme,novation.oldTrade.tradeHeader.partyTradeInformation.reportingRegime.entityClassification[entityClassificationScheme=http://www.fpml.org/coding-scheme/cftc-entity-classification].entityClassificationScheme,0,,Element with value http://www.fpml.org/coding-scheme/cftc-entity-classification could not be mapped to a rosettaField
cdm-sample-files/events/partial-novation-old-trade.xml,Fail_MappedNone,novation.oldTrade.tradeHeader.partyTradeInformation(0).reportingRegime(1).reportingPurpose,novation.oldTrade.tradeHeader.partyTradeInformation.reportingRegime.reportingPurpose,0,,Element with value PrimaryEconomicTerms could not be mapped to a rosettaField
cdm-sample-files/events/partial-novation-old-trade.xml,Fail_MappedNone,novation.oldTrade.tradeHeader.partyTradeInformation(1).reportingRegime(2).name,novation.oldTrade.tradeHeader.partyTradeInformation.reportingRegime.name,0,,Element with value JFSA could not be mapped to a rosettaField
cdm-sample-files/events/partial-novation-old-trade.xml,Fail_MappedNone,novation.oldTrade.tradeHeader.partyTradeInformation(1).reportingRegime(0).exceedsClearingThreshold,novation.oldTrade.tradeHeader.partyTradeInformation.reportingRegime.exceedsClearingThreshold,0,,Element with value true could not be mapped to a rosettaField
cdm-sample-files/events/partial-novation-old-trade.xml,Fail_MappedNone,party(0)[id=party1].classification(0)[industryClassificationScheme=http://www.fpml.org/coding-scheme/esma-emir-refit-regulatory-corporate-sector],party[id=party1].classification[industryClassificationScheme=http://www.fpml.org/coding-scheme/esma-emir-refit-regulatory-corporate-sector],0,,Element with value INUN could not be mapped to a rosettaField
cdm-sample-files/events/partial-novation-old-trade.xml,Fail_MappedMultiple,party(0)[id=party1].partyId[partyIdScheme=http://www.fpml.org/coding-scheme/external/iso17442].partyIdScheme,party[id=party1].partyId[partyIdScheme=http://www.fpml.org/coding-scheme/external/iso17442].partyIdScheme,2,ReportableEvent.originatingWorkflowStep.proposedEvent.instruction(0).before.value.trade.party(0).partyId(0).identifierType=[LEI] ReportableEvent.originatingWorkflowStep.proposedEvent.instruction(0).before.value.trade.party(0).partyId(0).identifier.meta.scheme=[http://www.fpml.org/coding-scheme/external/iso17442],Element mapped to multiple rosettaFields
cdm-sample-files/events/partial-novation-old-trade.xml,Fail_MappedNone,novation.oldTrade.tradeHeader.partyTradeInformation(2).reportingRegime.entityClassification[entityClassificationScheme=http://www.fpml.org/coding-scheme/esma-entity-classification],novation.oldTrade.tradeHeader.partyTradeInformation.reportingRegime.entityClassification[entityClassificationScheme=http://www.fpml.org/coding-scheme/esma-entity-classification],0,,Element with value Financial could not be mapped to a rosettaField
cdm-sample-files/events/partial-novation-old-trade.xml,Fail_MappedNone,novation.oldTrade.tradeHeader.partyTradeInformation(1).reportingRegime(0).name,novation.oldTrade.tradeHeader.partyTradeInformation.reportingRegime.name,0,,Element with value EMIR could not be mapped to a rosettaField
cdm-sample-files/events/partial-novation-old-trade.xml,Fail_MappedNone,novation.eventIdentifier(1).eventId,novation.eventIdentifier.eventId,0,,Element with value 456 could not be mapped to a rosettaField
cdm-sample-files/events/partial-novation-old-trade.xml,Fail_MappedNone,novation.oldTrade.tradeHeader.partyTradeInformation(0).reportingRegime(3).reportingRole,novation.oldTrade.tradeHeader.partyTradeInformation.reportingRegime.reportingRole,0,,Element with value ReportingParty could not be mapped to a rosettaField
cdm-sample-files/events/partial-novation-old-trade.xml,Fail_MappedNone,novation.oldTrade.tradeHeader.partyTradeInformation(1).reportingRegime(0).supervisorRegistration.supervisoryBody,novation.oldTrade.tradeHeader.partyTradeInformation.reportingRegime.supervisorRegistration.supervisoryBody,0,,Element with value ESMA could not be mapped to a rosettaField
cdm-sample-files/events/partial-novation-old-trade.xml,Fail_MappedNone,novation.oldTrade.tradeHeader.partyTradeInformation(0).reportingRegime(4).supervisorRegistration.supervisoryBody,novation.oldTrade.tradeHeader.partyTradeInformation.reportingRegime.supervisorRegistration.supervisoryBody,0,,Element with value HKMA could not be mapped to a rosettaField
cdm-sample-files/events/partial-novation-old-trade.xml,Fail_MappedNone,novation.oldTrade.tradeHeader.partyTradeInformation(0).reportingRegime(1).entityClassification[entityClassificationScheme=http://www.fpml.org/coding-scheme/esma-entity-classification].entityClassificationScheme,novation.oldTrade.tradeHeader.partyTradeInformation.reportingRegime.entityClassification[entityClassificationScheme=http://www.fpml.org/coding-scheme/esma-entity-classification].entityClassificationScheme,0,,Element with value http://www.fpml.org/coding-scheme/esma-entity-classification could not be mapped to a rosettaField
cdm-sample-files/events/partial-novation-old-trade.xml,Fail_MappedNone,quote.currency,quote.currency,0,,Element with value USD could not be mapped to a rosettaField
cdm-sample-files/events/partial-novation-old-trade.xml,Fail_MappedMultiple,party(1)[id=party2].partyId[partyIdScheme=http://www.fpml.org/coding-scheme/external/iso17442].partyIdScheme,party[id=party2].partyId[partyIdScheme=http://www.fpml.org/coding-scheme/external/iso17442].partyIdScheme,2,ReportableEvent.originatingWorkflowStep.proposedEvent.instruction(0).before.value.trade.party(1).partyId(0).identifier.meta.scheme=[http://www.fpml.org/coding-scheme/external/iso17442] ReportableEvent.originatingWorkflowStep.proposedEvent.instruction(0).before.value.trade.party(1).partyId(0).identifierType=[LEI],Element mapped to multiple rosettaFields
cdm-sample-files/events/partial-novation-old-trade.xml,Fail_MappedNone,novation.oldTrade.tradeHeader.partyTradeInformation(0).reportingRegime(0).exceedsClearingThreshold,novation.oldTrade.tradeHeader.partyTradeInformation.reportingRegime.exceedsClearingThreshold,0,,Element with value true could not be mapped to a rosettaField
cdm-sample-files/events/partial-novation-old-trade.xml,Fail_MappedNone,novation.oldTrade.tradeHeader.partyTradeInformation(0).intentToClear,novation.oldTrade.tradeHeader.partyTradeInformation.intentToClear,0,,Element with value true could not be mapped to a rosettaField
cdm-sample-files/events/partial-novation-old-trade.xml,Fail_MappedNone,novation.oldTrade.tradeHeader.partyTradeInformation(1).reportingRegime(3).mandatorilyClearable,novation.oldTrade.tradeHeader.partyTradeInformation.reportingRegime.mandatorilyClearable,0,,Element with value false could not be mapped to a rosettaField
cdm-sample-files/events/partial-novation-old-trade.xml,Fail_MappedNone,novation.oldTrade.tradeHeader.partyTradeInformation(1).reportingRegime(4).reportingRole,novation.oldTrade.tradeHeader.partyTradeInformation.reportingRegime.reportingRole,0,,Element with value ReportingParty could not be mapped to a rosettaField
cdm-sample-files/events/partial-novation-old-trade.xml,Fail_MappedNone,sequenceNumber,sequenceNumber,0,,Element with value 1 could not be mapped to a rosettaField
cdm-sample-files/events/partial-novation-old-trade.xml,Fail_MappedNone,novation.oldTrade.swap.swapStream(1).paymentDates.calculationPeriodDatesReference[href=fixedCalcPeriodDates].href,novation.oldTrade.swap.swapStream.paymentDates.calculationPeriodDatesReference[href=fixedCalcPeriodDates].href,0,,Element with value fixedCalcPeriodDates could not be mapped to a rosettaField
cdm-sample-files/events/partial-novation-old-trade.xml,Fail_MappedNone,novation.oldTrade.tradeHeader.partyTradeInformation(0).executionType,novation.oldTrade.tradeHeader.partyTradeInformation.executionType,0,,Element with value Electronic could not be mapped to a rosettaField
cdm-sample-files/events/partial-novation-old-trade.xml,Fail_MappedNone,novation.oldTrade.tradeHeader.partyTradeInformation(1).reportingRegime(1).exceedsClearingThreshold,novation.oldTrade.tradeHeader.partyTradeInformation.reportingRegime.exceedsClearingThreshold,0,,Element with value true could not be mapped to a rosettaField
cdm-sample-files/events/partial-novation-old-trade.xml,Fail_MappedNone,party(1)[id=party2].classification(0)[industryClassificationScheme=http://www.fpml.org/coding-scheme/esma-emir-refit-regulatory-corporate-sector],party[id=party2].classification[industryClassificationScheme=http://www.fpml.org/coding-scheme/esma-emir-refit-regulatory-corporate-sector],0,,Element with value INVF could not be mapped to a rosettaField
cdm-sample-files/events/record-ex147-new-alpha-trade-CFTC-SEC-and-canada.xml,Fail_MappedNone,trade.tradeHeader.partyTradeInformation(0).reportingRegime(2).supervisorRegistration.supervisoryBody,trade.tradeHeader.partyTradeInformation.reportingRegime.supervisorRegistration.supervisoryBody,0,,Element with value ESMA could not be mapped to a rosettaField
cdm-sample-files/events/record-ex147-new-alpha-trade-CFTC-SEC-and-canada.xml,Fail_MappedMultiple,party(7)[id=broker1].partyId[partyIdScheme=http://www.fpml.org/coding-scheme/external/iso17442].partyIdScheme,party[id=broker1].partyId[partyIdScheme=http://www.fpml.org/coding-scheme/external/iso17442].partyIdScheme,2,ReportableEvent.originatingWorkflowStep.proposedEvent.instruction(0).before.value.trade.party(7).partyId(0).identifierType=[LEI] ReportableEvent.originatingWorkflowStep.proposedEvent.instruction(0).before.value.trade.party(7).partyId(0).identifier.meta.scheme=[http://www.fpml.org/coding-scheme/external/iso17442],Element mapped to multiple rosettaFields
cdm-sample-files/events/record-ex147-new-alpha-trade-CFTC-SEC-and-canada.xml,Fail_MappedNone,trade.tradeHeader.productSummary.seniority,trade.tradeHeader.productSummary.seniority,0,,Element with value SeniorSec could not be mapped to a rosettaField
cdm-sample-files/events/record-ex147-new-alpha-trade-CFTC-SEC-and-canada.xml,Fail_MappedNone,trade.tradeHeader.partyTradeInformation(1).reportingRegime(1).entityClassification[entityClassificationScheme=http://www.fpml.org/coding-scheme/esma-entity-classification],trade.tradeHeader.partyTradeInformation.reportingRegime.entityClassification[entityClassificationScheme=http://www.fpml.org/coding-scheme/esma-entity-classification],0,,Element with value Financial could not be mapped to a rosettaField
cdm-sample-files/events/record-ex147-new-alpha-trade-CFTC-SEC-and-canada.xml,Fail_MappedNone,trade.tradeHeader.partyTradeInformation(0).compressedTrade,trade.tradeHeader.partyTradeInformation.compressedTrade,0,,Element with value true could not be mapped to a rosettaField
cdm-sample-files/events/record-ex147-new-alpha-trade-CFTC-SEC-and-canada.xml,Fail_MappedNone,correlationId[correlationIdScheme=http://fpml.org/submitter_trade_id].correlationIdScheme,correlationId[correlationIdScheme=http://fpml.org/submitter_trade_id].correlationIdScheme,0,,Element with value http://fpml.org/submitter_trade_id could not be mapped to a rosettaField
cdm-sample-files/events/record-ex147-new-alpha-trade-CFTC-SEC-and-canada.xml,Fail_MappedNone,trade.tradeHeader.partyTradeInformation(0).timestamps.nonpublicReportAccepted,trade.tradeHeader.partyTradeInformation.timestamps.nonpublicReportAccepted,0,,Element with value 2011-02-12T12:21:17Z could not be mapped to a rosettaField
cdm-sample-files/events/record-ex147-new-alpha-trade-CFTC-SEC-and-canada.xml,Fail_MappedNone,trade.tradeHeader.partyTradeInformation(0).reportingRegime(1).partyEntityClassification(2).entityClassification[entityClassificationScheme=http://www.fpml.org/coding-scheme/sec-entity-classification],trade.tradeHeader.partyTradeInformation.reportingRegime.partyEntityClassification.entityClassification[entityClassificationScheme=http://www.fpml.org/coding-scheme/sec-entity-classification],0,,Element with value Participant could not be mapped to a rosettaField
cdm-sample-files/events/record-ex147-new-alpha-trade-CFTC-SEC-and-canada.xml,Fail_MappedNone,trade.tradeHeader.partyTradeInformation(1).reportingRegime(0).reportingPurpose,trade.tradeHeader.partyTradeInformation.reportingRegime.reportingPurpose,0,,Element with value PrimaryEconomicTerms could not be mapped to a rosettaField
cdm-sample-files/events/record-ex147-new-alpha-trade-CFTC-SEC-and-canada.xml,Fail_MappedNone,trade.tradeHeader.partyTradeInformation(0).reportingRegime(3).partyEntityClassification(0).partyReference[href=party1].href,trade.tradeHeader.partyTradeInformation.reportingRegime.partyEntityClassification.partyReference[href=party1].href,0,,Element with value party1 could not be mapped to a rosettaField
cdm-sample-files/events/record-ex147-new-alpha-trade-CFTC-SEC-and-canada.xml,Fail_MappedNone,trade.tradeHeader.partyTradeInformation(0).offMarketPrice,trade.tradeHeader.partyTradeInformation.offMarketPrice,0,,Element with value false could not be mapped to a rosettaField
cdm-sample-files/events/record-ex147-new-alpha-trade-CFTC-SEC-and-canada.xml,Fail_MappedNone,trade.tradeHeader.partyTradeInformation(0).reportingRegime(3).partyEntityClassification(1).entityClassification[entityClassificationScheme=http://www.fpml.org/coding-scheme/csa-local-party-status-entity-classification].entityClassificationScheme,trade.tradeHeader.partyTradeInformation.reportingRegime.partyEntityClassification.entityClassification[entityClassificationScheme=http://www.fpml.org/coding-scheme/csa-local-party-status-entity-classification].entityClassificationScheme,0,,Element with value http://www.fpml.org/coding-scheme/csa-local-party-status-entity-classification could not be mapped to a rosettaField
cdm-sample-files/events/record-ex147-new-alpha-trade-CFTC-SEC-and-canada.xml,Fail_MappedNone,trade.tradeHeader.productSummary.settlementType,trade.tradeHeader.productSummary.settlementType,0,,Element with value Cash could not be mapped to a rosettaField
cdm-sample-files/events/record-ex147-new-alpha-trade-CFTC-SEC-and-canada.xml,Fail_MappedNone,trade.tradeHeader.partyTradeInformation(1).reportingRegime(1).entityClassification[entityClassificationScheme=http://www.fpml.org/coding-scheme/esma-entity-classification].entityClassificationScheme,trade.tradeHeader.partyTradeInformation.reportingRegime.entityClassification[entityClassificationScheme=http://www.fpml.org/coding-scheme/esma-entity-classification].entityClassificationScheme,0,,Element with value http://www.fpml.org/coding-scheme/esma-entity-classification could not be mapped to a rosettaField
cdm-sample-files/events/record-ex147-new-alpha-trade-CFTC-SEC-and-canada.xml,Fail_MappedNone,trade.tradeHeader.partyTradeInformation(0).relatedBusinessUnit(0).role,trade.tradeHeader.partyTradeInformation.relatedBusinessUnit.role,0,,Element with value RegisteredBranch could not be mapped to a rosettaField
cdm-sample-files/events/record-ex147-new-alpha-trade-CFTC-SEC-and-canada.xml,Fail_MappedNone,party(0)[id=party1].country,party[id=party1].country,0,,Element with value GB could not be mapped to a rosettaField
cdm-sample-files/events/record-ex147-new-alpha-trade-CFTC-SEC-and-canada.xml,Fail_MappedNone,trade.tradeHeader.partyTradeInformation(0).reportingRegime(6).name,trade.tradeHeader.partyTradeInformation.reportingRegime.name,0,,Element with value CSA could not be mapped to a rosettaField
cdm-sample-files/events/record-ex147-new-alpha-trade-CFTC-SEC-and-canada.xml,Fail_MappedMultiple,trade.creditDefaultSwap.generalTerms.referenceInformation.referenceEntity[id=referenceEntity].entityId[entityIdScheme=http://www.fpml.org/spec/2003/entity-id-RED-1-0].entityIdScheme,trade.creditDefaultSwap.generalTerms.referenceInformation.referenceEntity[id=referenceEntity].entityId[entityIdScheme=http://www.fpml.org/spec/2003/entity-id-RED-1-0].entityIdScheme,3,ReportableEvent.originatingWorkflowStep.proposedEvent.instruction(0).before.value.trade.product.economicTerms.payout(0).CreditDefaultPayout.generalTerms.referenceInformation.referenceEntity.entityId(0).meta.scheme=[http://www.fpml.org/spec/2003/entity-id-RED-1-0] ReportableEvent.originatingWorkflowStep.proposedEvent.instruction(0).before.value.trade.product.economicTerms.payout(0).CreditDefaultPayout.generalTerms.referenceInformation.referenceEntity.entityIdentifier(0).identifierType=[REDID] ReportableEvent.originatingWorkflowStep.proposedEvent.instruction(0).before.value.trade.product.economicTerms.payout(0).CreditDefaultPayout.generalTerms.referenceInformation.referenceEntity.entityIdentifier(0).identifier.meta.scheme=[http://www.fpml.org/spec/2003/entity-id-RED-1-0],Element mapped to multiple rosettaFields
cdm-sample-files/events/record-ex147-new-alpha-trade-CFTC-SEC-and-canada.xml,Fail_MappedNone,trade.tradeHeader.partyTradeInformation(0).reportingRegime(3).reportingRole,trade.tradeHeader.partyTradeInformation.reportingRegime.reportingRole,0,,Element with value Principal could not be mapped to a rosettaField
cdm-sample-files/events/record-ex147-new-alpha-trade-CFTC-SEC-and-canada.xml,Fail_MappedNone,trade.tradeHeader.partyTradeInformation(0).reportingRegime(1).partyEntityClassification(2).partyReference[href=party1].href,trade.tradeHeader.partyTradeInformation.reportingRegime.partyEntityClassification.partyReference[href=party1].href,0,,Element with value party1 could not be mapped to a rosettaField
cdm-sample-files/events/record-ex147-new-alpha-trade-CFTC-SEC-and-canada.xml,Fail_MappedNone,trade.tradeHeader.partyTradeInformation(0).reportingRegime(4).entityClassification[entityClassificationScheme=http://www.fpml.org/coding-scheme/esma-entity-classification].entityClassificationScheme,trade.tradeHeader.partyTradeInformation.reportingRegime.entityClassification[entityClassificationScheme=http://www.fpml.org/coding-scheme/esma-entity-classification].entityClassificationScheme,0,,Element with value http://www.fpml.org/coding-scheme/esma-entity-classification could not be mapped to a rosettaField
cdm-sample-files/events/record-ex147-new-alpha-trade-CFTC-SEC-and-canada.xml,Fail_MappedNone,trade.tradeHeader.partyTradeInformation(0).reportingRegime(3).partyEntityClassification(2).entityClassification[entityClassificationScheme=http://www.fpml.org/coding-scheme/csa-dealer-status-entity-classification].entityClassificationScheme,trade.tradeHeader.partyTradeInformation.reportingRegime.partyEntityClassification.entityClassification[entityClassificationScheme=http://www.fpml.org/coding-scheme/csa-dealer-status-entity-classification].entityClassificationScheme,0,,Element with value http://www.fpml.org/coding-scheme/csa-dealer-status-entity-classification could not be mapped to a rosettaField
cdm-sample-files/events/record-ex147-new-alpha-trade-CFTC-SEC-and-canada.xml,Fail_MappedNone,trade.tradeHeader.partyTradeInformation(1).reportingRegime(1).exceedsClearingThreshold,trade.tradeHeader.partyTradeInformation.reportingRegime.exceedsClearingThreshold,0,,Element with value true could not be mapped to a rosettaField
cdm-sample-files/events/record-ex147-new-alpha-trade-CFTC-SEC-and-canada.xml,Fail_MappedNone,trade.tradeHeader.partyTradeInformation(1).reportingRegime(0).entityClassification[entityClassificationScheme=http://www.fpml.org/coding-scheme/esma-entity-classification].entityClassificationScheme,trade.tradeHeader.partyTradeInformation.reportingRegime.entityClassification[entityClassificationScheme=http://www.fpml.org/coding-scheme/esma-entity-classification].entityClassificationScheme,0,,Element with value http://www.fpml.org/coding-scheme/esma-entity-classification could not be mapped to a rosettaField
cdm-sample-files/events/record-ex147-new-alpha-trade-CFTC-SEC-and-canada.xml,Fail_MappedNone,party(4)[id=party2].classification(1)[industryClassificationScheme=http://www.fpml.org/coding-scheme/hkma-rewrite-regulatory-corporate-sector],party[id=party2].classification[industryClassificationScheme=http://www.fpml.org/coding-scheme/hkma-rewrite-regulatory-corporate-sector],0,,Element with value CSDS could not be mapped to a rosettaField
cdm-sample-files/events/record-ex147-new-alpha-trade-CFTC-SEC-and-canada.xml,Fail_MappedNone,trade.tradeHeader.partyTradeInformation(0).isDisputed,trade.tradeHeader.partyTradeInformation.isDisputed,0,,Element with value true could not be mapped to a rosettaField
cdm-sample-files/events/record-ex147-new-alpha-trade-CFTC-SEC-and-canada.xml,Fail_MappedNone,trade.tradeHeader.partyTradeInformation(1).reportingRegime(3).supervisorRegistration.supervisoryBody,trade.tradeHeader.partyTradeInformation.reportingRegime.supervisorRegistration.supervisoryBody,0,,Element with value CA.AB.ASC could not be mapped to a rosettaField
cdm-sample-files/events/record-ex147-new-alpha-trade-CFTC-SEC-and-canada.xml,Fail_MappedNone,trade.tradeHeader.partyTradeInformation(0).reportingRegime(1).partyEntityClassification(1).entityClassification[entityClassificationScheme=http://www.fpml.org/coding-scheme/sec-entity-classification],trade.tradeHeader.partyTradeInformation.reportingRegime.partyEntityClassification.entityClassification[entityClassificationScheme=http://www.fpml.org/coding-scheme/sec-entity-classification],0,,Element with value MSBSP could not be mapped to a rosettaField
cdm-sample-files/events/record-ex147-new-alpha-trade-CFTC-SEC-and-canada.xml,Fail_MappedNone,trade.tradeHeader.partyTradeInformation(0).reportingRegime(1).partyEntityClassification(3).partyReference[href=party2].href,trade.tradeHeader.partyTradeInformation.reportingRegime.partyEntityClassification.partyReference[href=party2].href,0,,Element with value party2 could not be mapped to a rosettaField
cdm-sample-files/events/record-ex147-new-alpha-trade-CFTC-SEC-and-canada.xml,Fail_MappedNone,trade.tradeHeader.partyTradeInformation(0).reportingRegime(7).supervisorRegistration.supervisoryBody,trade.tradeHeader.partyTradeInformation.reportingRegime.supervisorRegistration.supervisoryBody,0,,Element with value HKMA could not be mapped to a rosettaField
cdm-sample-files/events/record-ex147-new-alpha-trade-CFTC-SEC-and-canada.xml,Fail_MappedNone,trade.tradeHeader.partyTradeInformation(1).reportingRegime(4).reportingRole,trade.tradeHeader.partyTradeInformation.reportingRegime.reportingRole,0,,Element with value ReportingParty could not be mapped to a rosettaField
cdm-sample-files/events/record-ex147-new-alpha-trade-CFTC-SEC-and-canada.xml,Fail_MappedNone,trade.tradeHeader.partyTradeInformation(0).reportingRegime(4).mandatorilyClearable,trade.tradeHeader.partyTradeInformation.reportingRegime.mandatorilyClearable,0,,Element with value false could not be mapped to a rosettaField
cdm-sample-files/events/record-ex147-new-alpha-trade-CFTC-SEC-and-canada.xml,Fail_MappedNone,trade.tradeHeader.partyTradeInformation(0).reportingRegime(1).supervisorRegistration.supervisoryBody,trade.tradeHeader.partyTradeInformation.reportingRegime.supervisorRegistration.supervisoryBody,0,,Element with value SEC could not be mapped to a rosettaField
cdm-sample-files/events/record-ex147-new-alpha-trade-CFTC-SEC-and-canada.xml,Fail_MappedNone,party(0)[id=party1].organizationType,party[id=party1].organizationType,0,,Element with value SD could not be mapped to a rosettaField
cdm-sample-files/events/record-ex147-new-alpha-trade-CFTC-SEC-and-canada.xml,Fail_MappedNone,trade.tradeHeader.partyTradeInformation(1).reportingRegime(0).name,trade.tradeHeader.partyTradeInformation.reportingRegime.name,0,,Element with value EMIR could not be mapped to a rosettaField
cdm-sample-files/events/record-ex147-new-alpha-trade-CFTC-SEC-and-canada.xml,Fail_MappedNone,trade.tradeHeader.partyTradeInformation(0).relatedBusinessUnit(1).role,trade.tradeHeader.partyTradeInformation.relatedBusinessUnit.role,0,,Element with value TradingDesk could not be mapped to a rosettaField
cdm-sample-files/events/record-ex147-new-alpha-trade-CFTC-SEC-and-canada.xml,Fail_MappedNone,trade.tradeHeader.partyTradeInformation(0).reportingRegime(7).name,trade.tradeHeader.partyTradeInformation.reportingRegime.name,0,,Element with value HKTR could not be mapped to a rosettaField
cdm-sample-files/events/record-ex147-new-alpha-trade-CFTC-SEC-and-canada.xml,Fail_MappedMultiple,party(2)[id=party1_affiliate1].partyId[partyIdScheme=http://www.fpml.org/coding-scheme/external/iso17442].partyIdScheme,party[id=party1_affiliate1].partyId[partyIdScheme=http://www.fpml.org/coding-scheme/external/iso17442].partyIdScheme,2,ReportableEvent.originatingWorkflowStep.proposedEvent.instruction(0).before.value.trade.party(2).partyId(0).identifierType=[LEI] ReportableEvent.originatingWorkflowStep.proposedEvent.instruction(0).before.value.trade.party(2).partyId(0).identifier.meta.scheme=[http://www.fpml.org/coding-scheme/external/iso17442],Element mapped to multiple rosettaFields
cdm-sample-files/events/record-ex147-new-alpha-trade-CFTC-SEC-and-canada.xml,Fail_MappedNone,trade.tradeHeader.partyTradeInformation(0).reportingRegime(2).reportingRole,trade.tradeHeader.partyTradeInformation.reportingRegime.reportingRole,0,,Element with value ReportingParty could not be mapped to a rosettaField
cdm-sample-files/events/record-ex147-new-alpha-trade-CFTC-SEC-and-canada.xml,Fail_MappedNone,party(4)[id=party2].classification(2)[industryClassificationScheme=http://www.fpml.org/coding-scheme/esma-emir-refit-regulatory-corporate-sector],party[id=party2].classification[industryClassificationScheme=http://www.fpml.org/coding-scheme/esma-emir-refit-regulatory-corporate-sector],0,,Element with value CSDS could not be mapped to a rosettaField
cdm-sample-files/events/record-ex147-new-alpha-trade-CFTC-SEC-and-canada.xml,Fail_MappedNone,trade.tradeHeader.partyTradeInformation(0).isAccountingHedge,trade.tradeHeader.partyTradeInformation.isAccountingHedge,0,,Element with value true could not be mapped to a rosettaField
cdm-sample-files/events/record-ex147-new-alpha-trade-CFTC-SEC-and-canada.xml,Fail_MappedNone,trade.tradeHeader.partyTradeInformation(0).reportingRegime(3).partyEntityClassification(0).entityClassification[entityClassificationScheme=http://www.fpml.org/coding-scheme/csa-dealer-status-entity-classification].entityClassificationScheme,trade.tradeHeader.partyTradeInformation.reportingRegime.partyEntityClassification.entityClassification[entityClassificationScheme=http://www.fpml.org/coding-scheme/csa-dealer-status-entity-classification].entityClassificationScheme,0,,Element with value http://www.fpml.org/coding-scheme/csa-dealer-status-entity-classification could not be mapped to a rosettaField
cdm-sample-files/events/record-ex147-new-alpha-trade-CFTC-SEC-and-canada.xml,Fail_MappedNone,trade.tradeHeader.tradeSummary.isPrimeBrokerTrade,trade.tradeHeader.tradeSummary.isPrimeBrokerTrade,0,,Element with value false could not be mapped to a rosettaField
cdm-sample-files/events/record-ex147-new-alpha-trade-CFTC-SEC-and-canada.xml,Fail_MappedNone,trade.tradeHeader.partyTradeInformation(0).pricingContext(1),trade.tradeHeader.partyTradeInformation.pricingContext,0,,Element with value HistoricTrade could not be mapped to a rosettaField
cdm-sample-files/events/record-ex147-new-alpha-trade-CFTC-SEC-and-canada.xml,Fail_MappedNone,trade.tradeHeader.partyTradeInformation(0).reportingRegime(3).partyEntityClassification(3).entityClassification[entityClassificationScheme=http://www.fpml.org/coding-scheme/csa-local-party-status-entity-classification],trade.tradeHeader.partyTradeInformation.reportingRegime.partyEntityClassification.entityClassification[entityClassificationScheme=http://www.fpml.org/coding-scheme/csa-local-party-status-entity-classification],0,,Element with value NonLocalParty could not be mapped to a rosettaField
cdm-sample-files/events/record-ex147-new-alpha-trade-CFTC-SEC-and-canada.xml,Fail_MappedNone,trade.tradeHeader.partyTradeInformation(0).reportingRegime(1).partyEntityClassification(0).entityClassification[entityClassificationScheme=http://www.fpml.org/coding-scheme/sec-entity-classification],trade.tradeHeader.partyTradeInformation.reportingRegime.partyEntityClassification.entityClassification[entityClassificationScheme=http://www.fpml.org/coding-scheme/sec-entity-classification],0,,Element with value SBSD could not be mapped to a rosettaField
cdm-sample-files/events/record-ex147-new-alpha-trade-CFTC-SEC-and-canada.xml,Fail_MappedMultiple,party(3)[id=party1_affiliate2].partyId[partyIdScheme=http://www.fpml.org/coding-scheme/external/iso17442].partyIdScheme,party[id=party1_affiliate2].partyId[partyIdScheme=http://www.fpml.org/coding-scheme/external/iso17442].partyIdScheme,2,ReportableEvent.originatingWorkflowStep.proposedEvent.instruction(0).before.value.trade.party(3).partyId(0).identifierType=[LEI] ReportableEvent.originatingWorkflowStep.proposedEvent.instruction(0).before.value.trade.party(3).partyId(0).identifier.meta.scheme=[http://www.fpml.org/coding-scheme/external/iso17442],Element mapped to multiple rosettaFields
cdm-sample-files/events/record-ex147-new-alpha-trade-CFTC-SEC-and-canada.xml,Fail_MappedNone,trade.tradeHeader.partyTradeInformation(0).timestamps.nonpublicReportUpdated,trade.tradeHeader.partyTradeInformation.timestamps.nonpublicReportUpdated,0,,Element with value 2011-02-12T12:21:17Z could not be mapped to a rosettaField
cdm-sample-files/events/record-ex147-new-alpha-trade-CFTC-SEC-and-canada.xml,Fail_MappedNone,trade.tradeHeader.partyTradeInformation(0).reportingRegime(1).partyEntityClassification(1).partyReference[href=party2].href,trade.tradeHeader.partyTradeInformation.reportingRegime.partyEntityClassification.partyReference[href=party2].href,0,,Element with value party2 could not be mapped to a rosettaField
cdm-sample-files/events/record-ex147-new-alpha-trade-CFTC-SEC-and-canada.xml,Fail_MappedNone,trade.tradeHeader.partyTradeInformation(0).reportingRegime(3).mandatorilyClearable,trade.tradeHeader.partyTradeInformation.reportingRegime.mandatorilyClearable,0,,Element with value false could not be mapped to a rosettaField
cdm-sample-files/events/record-ex147-new-alpha-trade-CFTC-SEC-and-canada.xml,Fail_MappedNone,trade.tradeHeader.partyTradeInformation(0).reportingRegime(6).entityClassification[entityClassificationScheme=http://www.fpml.org/coding-scheme/cftc-entity-classification].entityClassificationScheme,trade.tradeHeader.partyTradeInformation.reportingRegime.entityClassification[entityClassificationScheme=http://www.fpml.org/coding-scheme/cftc-entity-classification].entityClassificationScheme,0,,Element with value http://www.fpml.org/coding-scheme/cftc-entity-classification could not be mapped to a rosettaField
cdm-sample-files/events/record-ex147-new-alpha-trade-CFTC-SEC-and-canada.xml,Fail_MappedMultiple,party(8)[id=executing_agent].partyId[partyIdScheme=http://www.fpml.org/coding-scheme/external/iso17442].partyIdScheme,party[id=executing_agent].partyId[partyIdScheme=http://www.fpml.org/coding-scheme/external/iso17442].partyIdScheme,2,ReportableEvent.originatingWorkflowStep.proposedEvent.instruction(0).before.value.trade.party(8).partyId(0).identifierType=[LEI] ReportableEvent.originatingWorkflowStep.proposedEvent.instruction(0).before.value.trade.party(8).partyId(0).identifier.meta.scheme=[http://www.fpml.org/coding-scheme/external/iso17442],Element mapped to multiple rosettaFields
cdm-sample-files/events/record-ex147-new-alpha-trade-CFTC-SEC-and-canada.xml,Fail_MappedNone,trade.tradeHeader.partyTradeInformation(0).reportingRegime(2).exceedsClearingThreshold,trade.tradeHeader.partyTradeInformation.reportingRegime.exceedsClearingThreshold,0,,Element with value true could not be mapped to a rosettaField
cdm-sample-files/events/record-ex147-new-alpha-trade-CFTC-SEC-and-canada.xml,Fail_MappedNone,trade.tradeHeader.partyTradeInformation(1).reportingRegime(1).name,trade.tradeHeader.partyTradeInformation.reportingRegime.name,0,,Element with value UKEMIR could not be mapped to a rosettaField
cdm-sample-files/events/record-ex147-new-alpha-trade-CFTC-SEC-and-canada.xml,Fail_MappedNone,trade.tradeHeader.partyTradeInformation(0).pricingContext(0),trade.tradeHeader.partyTradeInformation.pricingContext,0,,Element with value CrossBorder could not be mapped to a rosettaField
cdm-sample-files/events/record-ex147-new-alpha-trade-CFTC-SEC-and-canada.xml,Fail_MappedNone,trade.tradeHeader.partyTradeInformation(0).reportingRegime(6).entityClassification[entityClassificationScheme=http://www.fpml.org/coding-scheme/cftc-entity-classification],trade.tradeHeader.partyTradeInformation.reportingRegime.entityClassification[entityClassificationScheme=http://www.fpml.org/coding-scheme/cftc-entity-classification],0,,Element with value SBSD could not be mapped to a rosettaField
cdm-sample-files/events/record-ex147-new-alpha-trade-CFTC-SEC-and-canada.xml,Fail_MappedNone,onBehalfOf.partyReference[href=party1].href,onBehalfOf.partyReference[href=party1].href,0,,Element with value party1 could not be mapped to a rosettaField
cdm-sample-files/events/record-ex147-new-alpha-trade-CFTC-SEC-and-canada.xml,Fail_MappedNone,party(4)[id=party2].classification(0),party[id=party2].classification,0,,Element with value NonFinancial could not be mapped to a rosettaField
cdm-sample-files/events/record-ex147-new-alpha-trade-CFTC-SEC-and-canada.xml,Fail_MappedNone,trade.tradeHeader.partyTradeInformation(0).reportingRegime(5).reportingRole,trade.tradeHeader.partyTradeInformation.reportingRegime.reportingRole,0,,Element with value ReportingParty could not be mapped to a rosettaField
cdm-sample-files/events/record-ex147-new-alpha-trade-CFTC-SEC-and-canada.xml,Fail_MappedMultiple,trade.creditDefaultSwap.generalTerms.referenceInformation.referenceEntity[id=referenceEntity].entityId[entityIdScheme=http://www.fpml.org/spec/2003/entity-id-RED-1-0],trade.creditDefaultSwap.generalTerms.referenceInformation.referenceEntity[id=referenceEntity].entityId[entityIdScheme=http://www.fpml.org/spec/2003/entity-id-RED-1-0],2,ReportableEvent.originatingWorkflowStep.proposedEvent.instruction(0).before.value.trade.product.economicTerms.payout(0).CreditDefaultPayout.generalTerms.referenceInformation.referenceEntity.entityIdentifier(0).identifier.value=[8G836J] ReportableEvent.originatingWorkflowStep.proposedEvent.instruction(0).before.value.trade.product.economicTerms.payout(0).CreditDefaultPayout.generalTerms.referenceInformation.referenceEntity.entityId(0).value=[8G836J],Element mapped to multiple rosettaFields
cdm-sample-files/events/record-ex147-new-alpha-trade-CFTC-SEC-and-canada.xml,Fail_MappedMultiple,party(9)[id=venue].partyId[partyIdScheme=http://www.fpml.org/coding-scheme/external/iso17442].partyIdScheme,party[id=venue].partyId[partyIdScheme=http://www.fpml.org/coding-scheme/external/iso17442].partyIdScheme,2,ReportableEvent.originatingWorkflowStep.proposedEvent.instruction(0).before.value.trade.party(9).partyId(0).identifier.meta.scheme=[http://www.fpml.org/coding-scheme/external/iso17442] ReportableEvent.originatingWorkflowStep.proposedEvent.instruction(0).before.value.trade.party(9).partyId(0).identifierType=[LEI],Element mapped to multiple rosettaFields
cdm-sample-files/events/record-ex147-new-alpha-trade-CFTC-SEC-and-canada.xml,Fail_MappedNone,party(0)[id=party1].region,party[id=party1].region,0,,Element with value EEA could not be mapped to a rosettaField
cdm-sample-files/events/record-ex147-new-alpha-trade-CFTC-SEC-and-canada.xml,Fail_MappedNone,trade.tradeHeader.partyTradeInformation(0).reportingRegime(1).partyEntityClassification(3).entityClassification[entityClassificationScheme=http://www.fpml.org/coding-scheme/sec-entity-classification].entityClassificationScheme,trade.tradeHeader.partyTradeInformation.reportingRegime.partyEntityClassification.entityClassification[entityClassificationScheme=http://www.fpml.org/coding-scheme/sec-entity-classification].entityClassificationScheme,0,,Element with value http://www.fpml.org/coding-scheme/sec-entity-classification could not be mapped to a rosettaField
cdm-sample-files/events/record-ex147-new-alpha-trade-CFTC-SEC-and-canada.xml,Fail_MappedNone,trade.tradeHeader.partyTradeInformation(0).reportingRegime(4).reportingPurpose,trade.tradeHeader.partyTradeInformation.reportingRegime.reportingPurpose,0,,Element with value PrimaryEconomicTerms could not be mapped to a rosettaField
cdm-sample-files/events/record-ex147-new-alpha-trade-CFTC-SEC-and-canada.xml,Fail_MappedNone,trade.tradeHeader.partyTradeInformation(0).reportingRegime(0).name,trade.tradeHeader.partyTradeInformation.reportingRegime.name,0,,Element with value DoddFrankAct could not be mapped to a rosettaField
cdm-sample-files/events/record-ex147-new-alpha-trade-CFTC-SEC-and-canada.xml,Fail_MappedNone,trade.tradeHeader.partyTradeInformation(1).reportingRegime(0).entityClassification[entityClassificationScheme=http://www.fpml.org/coding-scheme/esma-entity-classification],trade.tradeHeader.partyTradeInformation.reportingRegime.entityClassification[entityClassificationScheme=http://www.fpml.org/coding-scheme/esma-entity-classification],0,,Element with value Financial could not be mapped to a rosettaField
cdm-sample-files/events/record-ex147-new-alpha-trade-CFTC-SEC-and-canada.xml,Fail_MappedNone,trade.tradeHeader.partyTradeInformation(0).reportingRegime(7).entityClassification,trade.tradeHeader.partyTradeInformation.reportingRegime.entityClassification,0,,Element with value Financial could not be mapped to a rosettaField
cdm-sample-files/events/record-ex147-new-alpha-trade-CFTC-SEC-and-canada.xml,Fail_MappedNone,trade.tradeHeader.partyTradeInformation(0).reportingRegime(3).partyEntityClassification(2).entityClassification[entityClassificationScheme=http://www.fpml.org/coding-scheme/csa-dealer-status-entity-classification],trade.tradeHeader.partyTradeInformation.reportingRegime.partyEntityClassification.entityClassification[entityClassificationScheme=http://www.fpml.org/coding-scheme/csa-dealer-status-entity-classification],0,,Element with value NonDealer could not be mapped to a rosettaField
cdm-sample-files/events/record-ex147-new-alpha-trade-CFTC-SEC-and-canada.xml,Fail_MappedNone,trade.tradeHeader.partyTradeInformation(0).reportingRegime(2).mandatorilyClearable,trade.tradeHeader.partyTradeInformation.reportingRegime.mandatorilyClearable,0,,Element with value false could not be mapped to a rosettaField
cdm-sample-files/events/record-ex147-new-alpha-trade-CFTC-SEC-and-canada.xml,Fail_MappedNone,trade.tradeHeader.partyTradeInformation(0).reportingRegime(3).supervisorRegistration.supervisoryBody,trade.tradeHeader.partyTradeInformation.reportingRegime.supervisorRegistration.supervisoryBody,0,,Element with value CA.ON.OSC could not be mapped to a rosettaField
cdm-sample-files/events/record-ex147-new-alpha-trade-CFTC-SEC-and-canada.xml,Fail_MappedNone,trade.tradeHeader.partyTradeInformation(0).executionType,trade.tradeHeader.partyTradeInformation.executionType,0,,Element with value Electronic could not be mapped to a rosettaField
cdm-sample-files/events/record-ex147-new-alpha-trade-CFTC-SEC-and-canada.xml,Fail_MappedNone,trade.tradeHeader.partyTradeInformation(0).reportingRole,trade.tradeHeader.partyTradeInformation.reportingRole,0,,Element with value Principal could not be mapped to a rosettaField
cdm-sample-files/events/record-ex147-new-alpha-trade-CFTC-SEC-and-canada.xml,Fail_MappedNone,trade.tradeHeader.partyTradeInformation(1).reportingRegime(2).name,trade.tradeHeader.partyTradeInformation.reportingRegime.name,0,,Element with value JFSA could not be mapped to a rosettaField
cdm-sample-files/events/record-ex147-new-alpha-trade-CFTC-SEC-and-canada.xml,Fail_MappedNone,correlationId[correlationIdScheme=http://fpml.org/submitter_trade_id],correlationId[correlationIdScheme=http://fpml.org/submitter_trade_id],0,,Element with value TW19235 could not be mapped to a rosettaField
cdm-sample-files/events/record-ex147-new-alpha-trade-CFTC-SEC-and-canada.xml,Fail_MappedNone,trade.tradeHeader.partyTradeInformation(1).reportingRegime(4).supervisorRegistration.supervisoryBody,trade.tradeHeader.partyTradeInformation.reportingRegime.supervisorRegistration.supervisoryBody,0,,Element with value HKMA could not be mapped to a rosettaField
cdm-sample-files/events/record-ex147-new-alpha-trade-CFTC-SEC-and-canada.xml,Fail_MappedNone,trade.tradeHeader.partyTradeInformation(0).reportingRegime(4).reportingRole,trade.tradeHeader.partyTradeInformation.reportingRegime.reportingRole,0,,Element with value ReportingParty could not be mapped to a rosettaField
cdm-sample-files/events/record-ex147-new-alpha-trade-CFTC-SEC-and-canada.xml,Fail_MappedNone,trade.tradeHeader.partyTradeInformation(0).relatedBusinessUnit(0).businessUnitReference[href=branch1].href,trade.tradeHeader.partyTradeInformation.relatedBusinessUnit.businessUnitReference[href=branch1].href,0,,Element with value branch1 could not be mapped to a rosettaField
cdm-sample-files/events/record-ex147-new-alpha-trade-CFTC-SEC-and-canada.xml,Fail_MappedNone,party(0)[id=party1].classification(1)[industryClassificationScheme=http://www.fpml.org/coding-scheme/hkma-rewrite-regulatory-corporate-sector].industryClassificationScheme,party[id=party1].classification[industryClassificationScheme=http://www.fpml.org/coding-scheme/hkma-rewrite-regulatory-corporate-sector].industryClassificationScheme,0,,Element with value http://www.fpml.org/coding-scheme/hkma-rewrite-regulatory-corporate-sector could not be mapped to a rosettaField
cdm-sample-files/events/record-ex147-new-alpha-trade-CFTC-SEC-and-canada.xml,Fail_MappedNone,trade.tradeHeader.partyTradeInformation(1).reportingRegime(4).mandatorilyClearable,trade.tradeHeader.partyTradeInformation.reportingRegime.mandatorilyClearable,0,,Element with value false could not be mapped to a rosettaField
cdm-sample-files/events/record-ex147-new-alpha-trade-CFTC-SEC-and-canada.xml,Fail_MappedNone,trade.tradeHeader.partyTradeInformation(0).reportingRegime(1).partyEntityClassification(1).entityClassification[entityClassificationScheme=http://www.fpml.org/coding-scheme/sec-entity-classification].entityClassificationScheme,trade.tradeHeader.partyTradeInformation.reportingRegime.partyEntityClassification.entityClassification[entityClassificationScheme=http://www.fpml.org/coding-scheme/sec-entity-classification].entityClassificationScheme,0,,Element with value http://www.fpml.org/coding-scheme/sec-entity-classification could not be mapped to a rosettaField
cdm-sample-files/events/record-ex147-new-alpha-trade-CFTC-SEC-and-canada.xml,Fail_MappedNone,trade.tradeHeader.partyTradeInformation(0).reportingRegime(1).name,trade.tradeHeader.partyTradeInformation.reportingRegime.name,0,,Element with value DoddFrankAct could not be mapped to a rosettaField
cdm-sample-files/events/record-ex147-new-alpha-trade-CFTC-SEC-and-canada.xml,Fail_MappedNone,trade.tradeHeader.partyTradeInformation(0).reportingRegime(3).reportingPurpose,trade.tradeHeader.partyTradeInformation.reportingRegime.reportingPurpose,0,,Element with value PrimaryEconomicTerms could not be mapped to a rosettaField
cdm-sample-files/events/record-ex147-new-alpha-trade-CFTC-SEC-and-canada.xml,Fail_MappedNone,trade.tradeHeader.tradeSummary.isPackageTrade,trade.tradeHeader.tradeSummary.isPackageTrade,0,,Element with value true could not be mapped to a rosettaField
cdm-sample-files/events/record-ex147-new-alpha-trade-CFTC-SEC-and-canada.xml,Fail_MappedNone,trade.tradeHeader.partyTradeInformation(0).reportingRegime(1).mandatorilyClearable,trade.tradeHeader.partyTradeInformation.reportingRegime.mandatorilyClearable,0,,Element with value false could not be mapped to a rosettaField
cdm-sample-files/events/record-ex147-new-alpha-trade-CFTC-SEC-and-canada.xml,Fail_MappedNone,trade.tradeHeader.partyTradeInformation(0).reportingRegime(3).partyEntityClassification(1).entityClassification[entityClassificationScheme=http://www.fpml.org/coding-scheme/csa-local-party-status-entity-classification],trade.tradeHeader.partyTradeInformation.reportingRegime.partyEntityClassification.entityClassification[entityClassificationScheme=http://www.fpml.org/coding-scheme/csa-local-party-status-entity-classification],0,,Element with value LocalParty could not be mapped to a rosettaField
cdm-sample-files/events/record-ex147-new-alpha-trade-CFTC-SEC-and-canada.xml,Fail_MappedNone,trade.tradeHeader.partyTradeInformation(0).reportingRegime(2).entityClassification[entityClassificationScheme=http://www.fpml.org/coding-scheme/esma-entity-classification].entityClassificationScheme,trade.tradeHeader.partyTradeInformation.reportingRegime.entityClassification[entityClassificationScheme=http://www.fpml.org/coding-scheme/esma-entity-classification].entityClassificationScheme,0,,Element with value http://www.fpml.org/coding-scheme/esma-entity-classification could not be mapped to a rosettaField
cdm-sample-files/events/record-ex147-new-alpha-trade-CFTC-SEC-and-canada.xml,Fail_MappedNone,trade.tradeHeader.partyTradeInformation(1).reportingRegime(1).reportingRole,trade.tradeHeader.partyTradeInformation.reportingRegime.reportingRole,0,,Element with value ReportingParty could not be mapped to a rosettaField
cdm-sample-files/events/record-ex147-new-alpha-trade-CFTC-SEC-and-canada.xml,Fail_MappedNone,trade.tradeHeader.partyTradeInformation(0).reportingRegime(5).supervisorRegistration.supervisoryBody,trade.tradeHeader.partyTradeInformation.reportingRegime.supervisorRegistration.supervisoryBody,0,,Element with value JFSA could not be mapped to a rosettaField
cdm-sample-files/events/record-ex147-new-alpha-trade-CFTC-SEC-and-canada.xml,Fail_MappedNone,trade.tradeHeader.partyTradeInformation(0).reportingRegime(4).exceedsClearingThreshold,trade.tradeHeader.partyTradeInformation.reportingRegime.exceedsClearingThreshold,0,,Element with value true could not be mapped to a rosettaField
cdm-sample-files/events/record-ex147-new-alpha-trade-CFTC-SEC-and-canada.xml,Fail_MappedNone,trade.tradeHeader.partyTradeInformation(0).pricingContext(4),trade.tradeHeader.partyTradeInformation.pricingContext,0,,Element with value PriceReportingExemptOther could not be mapped to a rosettaField
cdm-sample-files/events/record-ex147-new-alpha-trade-CFTC-SEC-and-canada.xml,Fail_MappedNone,trade.tradeHeader.partyTradeInformation(1).reportingRegime(3).name,trade.tradeHeader.partyTradeInformation.reportingRegime.name,0,,Element with value CSA could not be mapped to a rosettaField
cdm-sample-files/events/record-ex147-new-alpha-trade-CFTC-SEC-and-canada.xml,Fail_MappedNone,trade.tradeHeader.partyTradeInformation(0).reportingRegime(1).preEnactmentTrade,trade.tradeHeader.partyTradeInformation.reportingRegime.preEnactmentTrade,0,,Element with value true could not be mapped to a rosettaField
cdm-sample-files/events/record-ex147-new-alpha-trade-CFTC-SEC-and-canada.xml,Fail_MappedNone,trade.tradeHeader.partyTradeInformation(0).reportingRegime(4).entityClassification[entityClassificationScheme=http://www.fpml.org/coding-scheme/esma-entity-classification],trade.tradeHeader.partyTradeInformation.reportingRegime.entityClassification[entityClassificationScheme=http://www.fpml.org/coding-scheme/esma-entity-classification],0,,Element with value Financial could not be mapped to a rosettaField
cdm-sample-files/events/record-ex147-new-alpha-trade-CFTC-SEC-and-canada.xml,Fail_MappedNone,trade.tradeHeader.partyTradeInformation(0).timestamps.nonpubliclyReported,trade.tradeHeader.partyTradeInformation.timestamps.nonpubliclyReported,0,,Element with value 2011-02-12T12:21:17Z could not be mapped to a rosettaField
cdm-sample-files/events/record-ex147-new-alpha-trade-CFTC-SEC-and-canada.xml,Fail_MappedNone,trade.tradeHeader.partyTradeInformation(0).reportingRegime(7).reportingRole,trade.tradeHeader.partyTradeInformation.reportingRegime.reportingRole,0,,Element with value ReportingParty could not be mapped to a rosettaField
cdm-sample-files/events/record-ex147-new-alpha-trade-CFTC-SEC-and-canada.xml,Fail_MappedNone,trade.tradeHeader.partyTradeInformation(0).reportingRegime(3).partyEntityClassification(3).partyReference[href=party2].href,trade.tradeHeader.partyTradeInformation.reportingRegime.partyEntityClassification.partyReference[href=party2].href,0,,Element with value party2 could not be mapped to a rosettaField
cdm-sample-files/events/record-ex147-new-alpha-trade-CFTC-SEC-and-canada.xml,Fail_MappedNone,trade.tradeHeader.partyTradeInformation(1).reportingRegime(3).mandatorilyClearable,trade.tradeHeader.partyTradeInformation.reportingRegime.mandatorilyClearable,0,,Element with value false could not be mapped to a rosettaField
cdm-sample-files/events/record-ex147-new-alpha-trade-CFTC-SEC-and-canada.xml,Fail_MappedNone,party(4)[id=party2].country,party[id=party2].country,0,,Element with value US could not be mapped to a rosettaField
cdm-sample-files/events/record-ex147-new-alpha-trade-CFTC-SEC-and-canada.xml,Fail_MappedNone,party(0)[id=party1].classification(2)[industryClassificationScheme=http://www.fpml.org/coding-scheme/esma-emir-refit-regulatory-corporate-sector].industryClassificationScheme,party[id=party1].classification[industryClassificationScheme=http://www.fpml.org/coding-scheme/esma-emir-refit-regulatory-corporate-sector].industryClassificationScheme,0,,Element with value http://www.fpml.org/coding-scheme/esma-emir-refit-regulatory-corporate-sector could not be mapped to a rosettaField
cdm-sample-files/events/record-ex147-new-alpha-trade-CFTC-SEC-and-canada.xml,Fail_MappedMultiple,party(4)[id=party2].partyId[partyIdScheme=http://www.fpml.org/coding-scheme/external/iso17442].partyIdScheme,party[id=party2].partyId[partyIdScheme=http://www.fpml.org/coding-scheme/external/iso17442].partyIdScheme,2,ReportableEvent.originatingWorkflowStep.proposedEvent.instruction(0).before.value.trade.party(4).partyId(0).identifier.meta.scheme=[http://www.fpml.org/coding-scheme/external/iso17442] ReportableEvent.originatingWorkflowStep.proposedEvent.instruction(0).before.value.trade.party(4).partyId(0).identifierType=[LEI],Element mapped to multiple rosettaFields
cdm-sample-files/events/record-ex147-new-alpha-trade-CFTC-SEC-and-canada.xml,Fail_MappedNone,trade.tradeHeader.partyTradeInformation(0).reportingRegime(4).supervisorRegistration.supervisoryBody,trade.tradeHeader.partyTradeInformation.reportingRegime.supervisorRegistration.supervisoryBody,0,,Element with value FCA could not be mapped to a rosettaField
cdm-sample-files/events/record-ex147-new-alpha-trade-CFTC-SEC-and-canada.xml,Fail_MappedNone,trade.tradeHeader.partyTradeInformation(1).reportingRegime(0).supervisorRegistration.supervisoryBody,trade.tradeHeader.partyTradeInformation.reportingRegime.supervisorRegistration.supervisoryBody,0,,Element with value ESMA could not be mapped to a rosettaField
cdm-sample-files/events/record-ex147-new-alpha-trade-CFTC-SEC-and-canada.xml,Fail_MappedNone,trade.tradeHeader.partyTradeInformation(0).collateralPortfolio[portfolioNameScheme=http://www.bankx.com/collateral-portfolio-id].portfolioNameScheme,trade.tradeHeader.partyTradeInformation.collateralPortfolio[portfolioNameScheme=http://www.bankx.com/collateral-portfolio-id].portfolioNameScheme,0,,Element with value http://www.bankx.com/collateral-portfolio-id could not be mapped to a rosettaField
cdm-sample-files/events/record-ex147-new-alpha-trade-CFTC-SEC-and-canada.xml,Fail_MappedNone,trade.tradeHeader.partyTradeInformation(0).pricingContext(3),trade.tradeHeader.partyTradeInformation.pricingContext,0,,Element with value Allocation could not be mapped to a rosettaField
cdm-sample-files/events/record-ex147-new-alpha-trade-CFTC-SEC-and-canada.xml,Fail_MappedNone,trade.tradeHeader.partyTradeInformation(0).reportingRegime(2).name,trade.tradeHeader.partyTradeInformation.reportingRegime.name,0,,Element with value EMIR could not be mapped to a rosettaField
cdm-sample-files/events/record-ex147-new-alpha-trade-CFTC-SEC-and-canada.xml,Fail_MappedNone,trade.tradeHeader.partyTradeInformation(0).reportingRegime(2).reportingPurpose,trade.tradeHeader.partyTradeInformation.reportingRegime.reportingPurpose,0,,Element with value PrimaryEconomicTerms could not be mapped to a rosettaField
cdm-sample-files/events/record-ex147-new-alpha-trade-CFTC-SEC-and-canada.xml,Fail_MappedNone,trade.tradeHeader.partyTradeInformation(0).reportingRegime(3).partyEntityClassification(2).partyReference[href=party2].href,trade.tradeHeader.partyTradeInformation.reportingRegime.partyEntityClassification.partyReference[href=party2].href,0,,Element with value party2 could not be mapped to a rosettaField
cdm-sample-files/events/record-ex147-new-alpha-trade-CFTC-SEC-and-canada.xml,Fail_MappedNone,trade.tradeHeader.partyTradeInformation(0).executionVenueType,trade.tradeHeader.partyTradeInformation.executionVenueType,0,,Element with value SEF could not be mapped to a rosettaField
cdm-sample-files/events/record-ex147-new-alpha-trade-CFTC-SEC-and-canada.xml,Fail_MappedNone,trade.tradeHeader.partyTradeInformation(0).endUserException,trade.tradeHeader.partyTradeInformation.endUserException,0,,Element with value true could not be mapped to a rosettaField
cdm-sample-files/events/record-ex147-new-alpha-trade-CFTC-SEC-and-canada.xml,Fail_MappedNone,trade.tradeHeader.partyTradeInformation(1).reportingRegime(0).reportingRole,trade.tradeHeader.partyTradeInformation.reportingRegime.reportingRole,0,,Element with value ReportingParty could not be mapped to a rosettaField
cdm-sample-files/events/record-ex147-new-alpha-trade-CFTC-SEC-and-canada.xml,Fail_MappedNone,trade.tradeHeader.partyTradeInformation(0).reportingRegime(0).mandatorilyClearable,trade.tradeHeader.partyTradeInformation.reportingRegime.mandatorilyClearable,0,,Element with value false could not be mapped to a rosettaField
cdm-sample-files/events/record-ex147-new-alpha-trade-CFTC-SEC-and-canada.xml,Fail_MappedNone,party(4)[id=party2].organizationType,party[id=party2].organizationType,0,,Element with value non-SD/MSP could not be mapped to a rosettaField
cdm-sample-files/events/record-ex147-new-alpha-trade-CFTC-SEC-and-canada.xml,Fail_MappedMultiple,party(5)[id=party2_parent].partyId[partyIdScheme=http://www.fpml.org/coding-scheme/external/iso17442].partyIdScheme,party[id=party2_parent].partyId[partyIdScheme=http://www.fpml.org/coding-scheme/external/iso17442].partyIdScheme,2,ReportableEvent.originatingWorkflowStep.proposedEvent.instruction(0).before.value.trade.party(5).partyId(0).identifier.meta.scheme=[http://www.fpml.org/coding-scheme/external/iso17442] ReportableEvent.originatingWorkflowStep.proposedEvent.instruction(0).before.value.trade.party(5).partyId(0).identifierType=[LEI],Element mapped to multiple rosettaFields
cdm-sample-files/events/record-ex147-new-alpha-trade-CFTC-SEC-and-canada.xml,Fail_MappedNone,party(0)[id=party1].classification(1)[industryClassificationScheme=http://www.fpml.org/coding-scheme/hkma-rewrite-regulatory-corporate-sector],party[id=party1].classification[industryClassificationScheme=http://www.fpml.org/coding-scheme/hkma-rewrite-regulatory-corporate-sector],0,,Element with value CDTI could not be mapped to a rosettaField
cdm-sample-files/events/record-ex147-new-alpha-trade-CFTC-SEC-and-canada.xml,Fail_MappedNone,trade.tradeHeader.partyTradeInformation(0).reportingRegime(3).partyEntityClassification(0).entityClassification[entityClassificationScheme=http://www.fpml.org/coding-scheme/csa-dealer-status-entity-classification],trade.tradeHeader.partyTradeInformation.reportingRegime.partyEntityClassification.entityClassification[entityClassificationScheme=http://www.fpml.org/coding-scheme/csa-dealer-status-entity-classification],0,,Element with value Dealer could not be mapped to a rosettaField
cdm-sample-files/events/record-ex147-new-alpha-trade-CFTC-SEC-and-canada.xml,Fail_MappedNone,trade.tradeHeader.partyTradeInformation(0).relatedBusinessUnit(1).businessUnitReference[href=desk1].href,trade.tradeHeader.partyTradeInformation.relatedBusinessUnit.businessUnitReference[href=desk1].href,0,,Element with value desk1 could not be mapped to a rosettaField
cdm-sample-files/events/record-ex147-new-alpha-trade-CFTC-SEC-and-canada.xml,Fail_MappedNone,trade.tradeHeader.partyTradeInformation(0).collateralizationType,trade.tradeHeader.partyTradeInformation.collateralizationType,0,,Element with value Fully could not be mapped to a rosettaField
cdm-sample-files/events/record-ex147-new-alpha-trade-CFTC-SEC-and-canada.xml,Fail_MappedMultiple,party(10)[id=clearing-svc].partyId[partyIdScheme=http://www.fpml.org/coding-scheme/external/iso17442].partyIdScheme,party[id=clearing-svc].partyId[partyIdScheme=http://www.fpml.org/coding-scheme/external/iso17442].partyIdScheme,2,ReportableEvent.originatingWorkflowStep.proposedEvent.instruction(0).before.value.trade.party(10).partyId(0).identifierType=[LEI] ReportableEvent.originatingWorkflowStep.proposedEvent.instruction(0).before.value.trade.party(10).partyId(0).identifier.meta.scheme=[http://www.fpml.org/coding-scheme/external/iso17442],Element mapped to multiple rosettaFields
cdm-sample-files/events/record-ex147-new-alpha-trade-CFTC-SEC-and-canada.xml,Fail_MappedNone,trade.tradeHeader.partyTradeInformation(0).reportingRegime(1).partyEntityClassification(2).entityClassification[entityClassificationScheme=http://www.fpml.org/coding-scheme/sec-entity-classification].entityClassificationScheme,trade.tradeHeader.partyTradeInformation.reportingRegime.partyEntityClassification.entityClassification[entityClassificationScheme=http://www.fpml.org/coding-scheme/sec-entity-classification].entityClassificationScheme,0,,Element with value http://www.fpml.org/coding-scheme/sec-entity-classification could not be mapped to a rosettaField
cdm-sample-files/events/record-ex147-new-alpha-trade-CFTC-SEC-and-canada.xml,Fail_MappedNone,trade.tradeHeader.partyTradeInformation(0).pricingContext(2),trade.tradeHeader.partyTradeInformation.pricingContext,0,,Element with value ClearingForcedTrade could not be mapped to a rosettaField
cdm-sample-files/events/record-ex147-new-alpha-trade-CFTC-SEC-and-canada.xml,Fail_MappedNone,trade.tradeHeader.partyTradeInformation(1).reportingRegime(3).entityClassification[entityClassificationScheme=http://www.fpml.org/coding-scheme/cftc-entity-classification].entityClassificationScheme,trade.tradeHeader.partyTradeInformation.reportingRegime.entityClassification[entityClassificationScheme=http://www.fpml.org/coding-scheme/cftc-entity-classification].entityClassificationScheme,0,,Element with value http://www.fpml.org/coding-scheme/cftc-entity-classification could not be mapped to a rosettaField
cdm-sample-files/events/record-ex147-new-alpha-trade-CFTC-SEC-and-canada.xml,Fail_MappedNone,trade.tradeHeader.partyTradeInformation(1).reportingRegime(4).name,trade.tradeHeader.partyTradeInformation.reportingRegime.name,0,,Element with value HKTR could not be mapped to a rosettaField
cdm-sample-files/events/record-ex147-new-alpha-trade-CFTC-SEC-and-canada.xml,Fail_MappedNone,trade.tradeHeader.partyTradeInformation(0).reportingRegime(6).reportingRole,trade.tradeHeader.partyTradeInformation.reportingRegime.reportingRole,0,,Element with value ReportingParty could not be mapped to a rosettaField
cdm-sample-files/events/record-ex147-new-alpha-trade-CFTC-SEC-and-canada.xml,Fail_MappedNone,party(4)[id=party2].classification(1)[industryClassificationScheme=http://www.fpml.org/coding-scheme/hkma-rewrite-regulatory-corporate-sector].industryClassificationScheme,party[id=party2].classification[industryClassificationScheme=http://www.fpml.org/coding-scheme/hkma-rewrite-regulatory-corporate-sector].industryClassificationScheme,0,,Element with value http://www.fpml.org/coding-scheme/hkma-rewrite-regulatory-corporate-sector could not be mapped to a rosettaField
cdm-sample-files/events/record-ex147-new-alpha-trade-CFTC-SEC-and-canada.xml,Fail_MappedNone,party(0)[id=party1].classification(2)[industryClassificationScheme=http://www.fpml.org/coding-scheme/esma-emir-refit-regulatory-corporate-sector],party[id=party1].classification[industryClassificationScheme=http://www.fpml.org/coding-scheme/esma-emir-refit-regulatory-corporate-sector],0,,Element with value CDTI could not be mapped to a rosettaField
cdm-sample-files/events/record-ex147-new-alpha-trade-CFTC-SEC-and-canada.xml,Fail_MappedNone,trade.tradeHeader.partyTradeInformation(0).reportingRegime(1).partyEntityClassification(0).partyReference[href=party1].href,trade.tradeHeader.partyTradeInformation.reportingRegime.partyEntityClassification.partyReference[href=party1].href,0,,Element with value party1 could not be mapped to a rosettaField
cdm-sample-files/events/record-ex147-new-alpha-trade-CFTC-SEC-and-canada.xml,Fail_MappedNone,trade.tradeHeader.partyTradeInformation(0).reportingRegime(6).supervisorRegistration.supervisoryBody,trade.tradeHeader.partyTradeInformation.reportingRegime.supervisorRegistration.supervisoryBody,0,,Element with value CA.AB.ASC could not be mapped to a rosettaField
cdm-sample-files/events/record-ex147-new-alpha-trade-CFTC-SEC-and-canada.xml,Fail_MappedMultiple,party(11)[id=original_sdr].partyId[partyIdScheme=http://www.fpml.org/coding-scheme/external/iso17442].partyIdScheme,party[id=original_sdr].partyId[partyIdScheme=http://www.fpml.org/coding-scheme/external/iso17442].partyIdScheme,2,ReportableEvent.originatingWorkflowStep.proposedEvent.instruction(0).before.value.trade.party(11).partyId(0).identifier.meta.scheme=[http://www.fpml.org/coding-scheme/external/iso17442] ReportableEvent.originatingWorkflowStep.proposedEvent.instruction(0).before.value.trade.party(11).partyId(0).identifierType=[LEI],Element mapped to multiple rosettaFields
cdm-sample-files/events/record-ex147-new-alpha-trade-CFTC-SEC-and-canada.xml,Fail_MappedNone,trade.tradeHeader.partyTradeInformation(1).reportingRegime(3).entityClassification[entityClassificationScheme=http://www.fpml.org/coding-scheme/cftc-entity-classification],trade.tradeHeader.partyTradeInformation.reportingRegime.entityClassification[entityClassificationScheme=http://www.fpml.org/coding-scheme/cftc-entity-classification],0,,Element with value SBSD could not be mapped to a rosettaField
cdm-sample-files/events/record-ex147-new-alpha-trade-CFTC-SEC-and-canada.xml,Fail_MappedNone,trade.tradeHeader.partyTradeInformation(1).reportingRegime(0).exceedsClearingThreshold,trade.tradeHeader.partyTradeInformation.reportingRegime.exceedsClearingThreshold,0,,Element with value true could not be mapped to a rosettaField
cdm-sample-files/events/record-ex147-new-alpha-trade-CFTC-SEC-and-canada.xml,Fail_MappedNone,trade.tradeHeader.partyTradeInformation(1).reportingRegime(2).supervisorRegistration.supervisoryBody,trade.tradeHeader.partyTradeInformation.reportingRegime.supervisorRegistration.supervisoryBody,0,,Element with value JFSA could not be mapped to a rosettaField
cdm-sample-files/events/record-ex147-new-alpha-trade-CFTC-SEC-and-canada.xml,Fail_MappedNone,trade.tradeHeader.partyTradeInformation(0).reportingRegime(1).reportingPurpose(0),trade.tradeHeader.partyTradeInformation.reportingRegime.reportingPurpose,0,,Element with value RealTimePublic could not be mapped to a rosettaField
cdm-sample-files/events/record-ex147-new-alpha-trade-CFTC-SEC-and-canada.xml,Fail_MappedNone,trade.tradeHeader.partyTradeInformation(0).reportingRegime(3).name,trade.tradeHeader.partyTradeInformation.reportingRegime.name,0,,Element with value CA.Rule.91-507 could not be mapped to a rosettaField
cdm-sample-files/events/record-ex147-new-alpha-trade-CFTC-SEC-and-canada.xml,Fail_MappedNone,trade.tradeHeader.partyTradeInformation(0).reportingRegime(7).mandatorilyClearable,trade.tradeHeader.partyTradeInformation.reportingRegime.mandatorilyClearable,0,,Element with value false could not be mapped to a rosettaField
cdm-sample-files/events/record-ex147-new-alpha-trade-CFTC-SEC-and-canada.xml,Fail_MappedNone,trade.tradeHeader.partyTradeInformation(1).reportingRegime(3).reportingRole,trade.tradeHeader.partyTradeInformation.reportingRegime.reportingRole,0,,Element with value ReportingParty could not be mapped to a rosettaField
cdm-sample-files/events/record-ex147-new-alpha-trade-CFTC-SEC-and-canada.xml,Fail_MappedNone,trade.tradeHeader.partyTradeInformation(0).reportingRegime(1).partyEntityClassification(0).entityClassification[entityClassificationScheme=http://www.fpml.org/coding-scheme/sec-entity-classification].entityClassificationScheme,trade.tradeHeader.partyTradeInformation.reportingRegime.partyEntityClassification.entityClassification[entityClassificationScheme=http://www.fpml.org/coding-scheme/sec-entity-classification].entityClassificationScheme,0,,Element with value http://www.fpml.org/coding-scheme/sec-entity-classification could not be mapped to a rosettaField
cdm-sample-files/events/record-ex147-new-alpha-trade-CFTC-SEC-and-canada.xml,Fail_MappedNone,trade.tradeHeader.partyTradeInformation(0).reportingRegime(2).entityClassification[entityClassificationScheme=http://www.fpml.org/coding-scheme/esma-entity-classification],trade.tradeHeader.partyTradeInformation.reportingRegime.entityClassification[entityClassificationScheme=http://www.fpml.org/coding-scheme/esma-entity-classification],0,,Element with value Financial could not be mapped to a rosettaField
cdm-sample-files/events/record-ex147-new-alpha-trade-CFTC-SEC-and-canada.xml,Fail_MappedNone,trade.tradeHeader.partyTradeInformation(0).reportingRegime(1).reportingPurpose(1),trade.tradeHeader.partyTradeInformation.reportingRegime.reportingPurpose,0,,Element with value PrimaryEconomicTerms could not be mapped to a rosettaField
cdm-sample-files/events/record-ex147-new-alpha-trade-CFTC-SEC-and-canada.xml,Fail_MappedNone,party(4)[id=party2].classification(2)[industryClassificationScheme=http://www.fpml.org/coding-scheme/esma-emir-refit-regulatory-corporate-sector].industryClassificationScheme,party[id=party2].classification[industryClassificationScheme=http://www.fpml.org/coding-scheme/esma-emir-refit-regulatory-corporate-sector].industryClassificationScheme,0,,Element with value http://www.fpml.org/coding-scheme/esma-emir-refit-regulatory-corporate-sector could not be mapped to a rosettaField
cdm-sample-files/events/record-ex147-new-alpha-trade-CFTC-SEC-and-canada.xml,Fail_MappedNone,trade.tradeHeader.partyTradeInformation(1).reportingRegime(1).mandatorilyClearable,trade.tradeHeader.partyTradeInformation.reportingRegime.mandatorilyClearable,0,,Element with value false could not be mapped to a rosettaField
cdm-sample-files/events/record-ex147-new-alpha-trade-CFTC-SEC-and-canada.xml,Fail_MappedNone,party(0)[id=party1].classification(0),party[id=party1].classification,0,,Element with value InvestmentFirm could not be mapped to a rosettaField
cdm-sample-files/events/record-ex147-new-alpha-trade-CFTC-SEC-and-canada.xml,Fail_MappedMultiple,party(0)[id=party1].partyId[partyIdScheme=http://www.fpml.org/coding-scheme/external/iso17442].partyIdScheme,party[id=party1].partyId[partyIdScheme=http://www.fpml.org/coding-scheme/external/iso17442].partyIdScheme,2,ReportableEvent.originatingWorkflowStep.proposedEvent.instruction(0).before.value.trade.party(0).partyId(0).identifierType=[LEI] ReportableEvent.originatingWorkflowStep.proposedEvent.instruction(0).before.value.trade.party(0).partyId(0).identifier.meta.scheme=[http://www.fpml.org/coding-scheme/external/iso17442],Element mapped to multiple rosettaFields
cdm-sample-files/events/record-ex147-new-alpha-trade-CFTC-SEC-and-canada.xml,Fail_MappedNone,trade.tradeHeader.partyTradeInformation(0).reportingRegime(1).reportingRole,trade.tradeHeader.partyTradeInformation.reportingRegime.reportingRole,0,,Element with value VoluntaryParty could not be mapped to a rosettaField
cdm-sample-files/events/record-ex147-new-alpha-trade-CFTC-SEC-and-canada.xml,Fail_MappedNone,party(4)[id=party2].region,party[id=party2].region,0,,Element with value NonEEA could not be mapped to a rosettaField
cdm-sample-files/events/record-ex147-new-alpha-trade-CFTC-SEC-and-canada.xml,Fail_MappedNone,trade.tradeHeader.partyTradeInformation(0).reportingRegime(0).reportingPurpose(0),trade.tradeHeader.partyTradeInformation.reportingRegime.reportingPurpose,0,,Element with value RealTimePublic could not be mapped to a rosettaField
cdm-sample-files/events/record-ex147-new-alpha-trade-CFTC-SEC-and-canada.xml,Fail_MappedNone,trade.tradeHeader.partyTradeInformation(0).reportingRegime(4).name,trade.tradeHeader.partyTradeInformation.reportingRegime.name,0,,Element with value UKEMIR could not be mapped to a rosettaField
cdm-sample-files/events/record-ex147-new-alpha-trade-CFTC-SEC-and-canada.xml,Fail_MappedNone,trade.tradeHeader.partyTradeInformation(1).reportingRegime(4).entityClassification,trade.tradeHeader.partyTradeInformation.reportingRegime.entityClassification,0,,Element with value Financial could not be mapped to a rosettaField
cdm-sample-files/events/record-ex147-new-alpha-trade-CFTC-SEC-and-canada.xml,Fail_MappedNone,trade.tradeHeader.partyTradeInformation(0).largeSizeTrade,trade.tradeHeader.partyTradeInformation.largeSizeTrade,0,,Element with value false could not be mapped to a rosettaField
cdm-sample-files/events/record-ex147-new-alpha-trade-CFTC-SEC-and-canada.xml,Fail_MappedNone,trade.tradeHeader.partyTradeInformation(0).reportingRegime(1).partyEntityClassification(3).entityClassification[entityClassificationScheme=http://www.fpml.org/coding-scheme/sec-entity-classification],trade.tradeHeader.partyTradeInformation.reportingRegime.partyEntityClassification.entityClassification[entityClassificationScheme=http://www.fpml.org/coding-scheme/sec-entity-classification],0,,Element with value Participant could not be mapped to a rosettaField
cdm-sample-files/events/record-ex147-new-alpha-trade-CFTC-SEC-and-canada.xml,Fail_MappedNone,trade.tradeHeader.partyTradeInformation(0).reportingRegime(0).reportingPurpose(1),trade.tradeHeader.partyTradeInformation.reportingRegime.reportingPurpose,0,,Element with value PrimaryEconomicTerms could not be mapped to a rosettaField
cdm-sample-files/events/record-ex147-new-alpha-trade-CFTC-SEC-and-canada.xml,Fail_MappedNone,trade.tradeHeader.partyTradeInformation(0).endUserExceptionReason,trade.tradeHeader.partyTradeInformation.endUserExceptionReason,0,,Element with value Inter-Affiliate could not be mapped to a rosettaField
cdm-sample-files/events/record-ex147-new-alpha-trade-CFTC-SEC-and-canada.xml,Fail_MappedMultiple,party(1)[id=party1_parent].partyId[partyIdScheme=http://www.fpml.org/coding-scheme/external/iso17442].partyIdScheme,party[id=party1_parent].partyId[partyIdScheme=http://www.fpml.org/coding-scheme/external/iso17442].partyIdScheme,2,ReportableEvent.originatingWorkflowStep.proposedEvent.instruction(0).before.value.trade.party(1).partyId(0).identifier.meta.scheme=[http://www.fpml.org/coding-scheme/external/iso17442] ReportableEvent.originatingWorkflowStep.proposedEvent.instruction(0).before.value.trade.party(1).partyId(0).identifierType=[LEI],Element mapped to multiple rosettaFields
cdm-sample-files/events/record-ex147-new-alpha-trade-CFTC-SEC-and-canada.xml,Fail_MappedNone,trade.tradeHeader.partyTradeInformation(1).reportingRegime(2).reportingRole,trade.tradeHeader.partyTradeInformation.reportingRegime.reportingRole,0,,Element with value ReportingParty could not be mapped to a rosettaField
cdm-sample-files/events/record-ex147-new-alpha-trade-CFTC-SEC-and-canada.xml,Fail_MappedNone,trade.tradeHeader.partyTradeInformation(0).reportingRegime(6).mandatorilyClearable,trade.tradeHeader.partyTradeInformation.reportingRegime.mandatorilyClearable,0,,Element with value false could not be mapped to a rosettaField
cdm-sample-files/events/record-ex147-new-alpha-trade-CFTC-SEC-and-canada.xml,Fail_MappedMultiple,party(6)[id=party2_affiliate1].partyId[partyIdScheme=http://www.fpml.org/coding-scheme/external/iso17442].partyIdScheme,party[id=party2_affiliate1].partyId[partyIdScheme=http://www.fpml.org/coding-scheme/external/iso17442].partyIdScheme,2,ReportableEvent.originatingWorkflowStep.proposedEvent.instruction(0).before.value.trade.party(6).partyId(0).identifierType=[LEI] ReportableEvent.originatingWorkflowStep.proposedEvent.instruction(0).before.value.trade.party(6).partyId(0).identifier.meta.scheme=[http://www.fpml.org/coding-scheme/external/iso17442],Element mapped to multiple rosettaFields
cdm-sample-files/events/record-ex147-new-alpha-trade-CFTC-SEC-and-canada.xml,Fail_MappedNone,trade.tradeHeader.partyTradeInformation(0).reportingRegime(3).partyEntityClassification(3).entityClassification[entityClassificationScheme=http://www.fpml.org/coding-scheme/csa-local-party-status-entity-classification].entityClassificationScheme,trade.tradeHeader.partyTradeInformation.reportingRegime.partyEntityClassification.entityClassification[entityClassificationScheme=http://www.fpml.org/coding-scheme/csa-local-party-status-entity-classification].entityClassificationScheme,0,,Element with value http://www.fpml.org/coding-scheme/csa-local-party-status-entity-classification could not be mapped to a rosettaField
cdm-sample-files/events/record-ex147-new-alpha-trade-CFTC-SEC-and-canada.xml,Fail_MappedNone,trade.tradeHeader.productSummary.finalSettlementDate,trade.tradeHeader.productSummary.finalSettlementDate,0,,Element with value 2014-06-20 could not be mapped to a rosettaField
cdm-sample-files/events/record-ex147-new-alpha-trade-CFTC-SEC-and-canada.xml,Fail_MappedNone,trade.tradeHeader.partyTradeInformation(1).reportingRegime(1).supervisorRegistration.supervisoryBody,trade.tradeHeader.partyTradeInformation.reportingRegime.supervisorRegistration.supervisoryBody,0,,Element with value FCA could not be mapped to a rosettaField
cdm-sample-files/events/record-ex147-new-alpha-trade-CFTC-SEC-and-canada.xml,Fail_MappedNone,trade.tradeHeader.partyTradeInformation(1).reportingRegime(1).reportingPurpose,trade.tradeHeader.partyTradeInformation.reportingRegime.reportingPurpose,0,,Element with value PrimaryEconomicTerms could not be mapped to a rosettaField
cdm-sample-files/events/record-ex147-new-alpha-trade-CFTC-SEC-and-canada.xml,Fail_MappedNone,sequenceNumber,sequenceNumber,0,,Element with value 1 could not be mapped to a rosettaField
cdm-sample-files/events/record-ex147-new-alpha-trade-CFTC-SEC-and-canada.xml,Fail_MappedNone,trade.tradeHeader.partyTradeInformation(0).reportingRegime(5).name,trade.tradeHeader.partyTradeInformation.reportingRegime.name,0,,Element with value JFSA could not be mapped to a rosettaField
cdm-sample-files/events/record-ex147-new-alpha-trade-CFTC-SEC-and-canada.xml,Fail_MappedNone,trade.tradeHeader.partyTradeInformation(0).reportingRegime(3).partyEntityClassification(1).partyReference[href=party2].href,trade.tradeHeader.partyTradeInformation.reportingRegime.partyEntityClassification.partyReference[href=party2].href,0,,Element with value party2 could not be mapped to a rosettaField
cdm-sample-files/events/record-ex147-new-alpha-trade-CFTC-SEC-and-canada.xml,Fail_MappedNone,trade.tradeHeader.partyTradeInformation(1).reportingRegime(0).mandatorilyClearable,trade.tradeHeader.partyTradeInformation.reportingRegime.mandatorilyClearable,0,,Element with value false could not be mapped to a rosettaField
cdm-sample-files/events/record-ex147-new-alpha-trade-CFTC-SEC-and-canada.xml,Fail_MappedNone,trade.tradeHeader.partyTradeInformation(0).reportingRegime(0).supervisorRegistration.supervisoryBody,trade.tradeHeader.partyTradeInformation.reportingRegime.supervisorRegistration.supervisoryBody,0,,Element with value CFTC could not be mapped to a rosettaField
cdm-sample-files/events/record-ex147-new-alpha-trade-CFTC-SEC-and-canada.xml,Fail_MappedNone,trade.tradeHeader.partyTradeInformation(0).reportingRegime(0).reportingRole,trade.tradeHeader.partyTradeInformation.reportingRegime.reportingRole,0,,Element with value ReportingParty could not be mapped to a rosettaField